  0
SECTION
  2
HEADER
  9
$ACADVER
  1
AC1032
  9
$ACADMAINTVER
 90
      155
  9
$DWGCODEPAGE
  3
ANSI_936
  9
$LASTSAVEDBY
  1
03201916
  9
$REQUIREDVERSIONS
160
                 0
  9
$INSBASE
 10
2001895.319029196
 20
-792102.2624778671
 30
-0.0000000013266451
  9
$EXTMIN
 10
1770500.880693183
 20
-1025208.676203078
 30
-0.0000000075100736
  9
$EXTMAX
 10
1840634.638525449
 20
-968461.9206754452
 30
0.0000000030412142
  9
$LIMMIN
 10
0.0
 20
0.0
  9
$LIMMAX
 10
36000.0
 20
27000.0
  9
$ORTHOMODE
 70
     0
  9
$REGENMODE
 70
     0
  9
$FILLMODE
 70
     1
  9
$QTEXTMODE
 70
     0
  9
$MIRRTEXT
 70
     0
  9
$LTSCALE
 40
1000.0
  9
$ATTMODE
 70
     1
  9
$TEXTSIZE
 40
500.0
  9
$TRACEWID
 40
0.05
  9
$TEXTSTYLE
  7
_HZTXT
  9
$CLAYER
  8
fas
  9
$CELTYPE
  6
CONTINUOUS
  9
$CECOLOR
 62
     6
  9
$CELTSCALE
 40
1.0
  9
$DISPSILH
 70
     0
  9
$DIMSCALE
 40
1.0
  9
$DIMASZ
 40
1.0
  9
$DIMEXO
 40
0.0
  9
$DIMDLI
 40
0.0
  9
$DIMRND
 40
0.0
  9
$DIMDLE
 40
0.0
  9
$DIMEXE
 40
100.0
  9
$DIMTP
 40
0.0
  9
$DIMTM
 40
0.0
  9
$DIMTXT
 40
350.0
  9
$DIMCEN
 40
0.09
  9
$DIMTSZ
 40
0.0
  9
$DIMTOL
 70
     0
  9
$DIMLIM
 70
     0
  9
$DIMTIH
 70
     0
  9
$DIMTOH
 70
     0
  9
$DIMSE1
 70
     0
  9
$DIMSE2
 70
     0
  9
$DIMTAD
 70
     1
  9
$DIMZIN
 70
     0
  9
$DIMTOFFSET
 70
     1
  9
$DIMBLK
  1
DIMX
  9
$DIMASO
 70
     1
  9
$DIMSHO
 70
     1
  9
$DIMPOST
  1

  9
$DIMAPOST
  1

  9
$DIMALT
 70
     0
  9
$DIMALTD
 70
     2
  9
$DIMALTF
 40
25.4
  9
$DIMLFAC
 40
1.0
  9
$DIMTOFL
 70
     1
  9
$DIMTVP
 40
0.0
  9
$DIMTIX
 70
     1
  9
$DIMSOXD
 70
     0
  9
$DIMSAH
 70
     1
  9
$DIMBLK1
  1
DIMX
  9
$DIMBLK2
  1
DIMX
  9
$DIMSTYLE
  2
NORMAL
  9
$DIMCLRD
 70
     0
  9
$DIMCLRE
 70
     0
  9
$DIMCLRT
 70
     7
  9
$DIMTFAC
 40
1.0
  9
$DIMGAP
 40
100.0
  9
$DIMJUST
 70
     0
  9
$DIMSD1
 70
     0
  9
$DIMSD2
 70
     0
  9
$DIMTOLJ
 70
     1
  9
$DIMTZIN
 70
     0
  9
$DIMALTZ
 70
     0
  9
$DIMALTTZ
 70
     0
  9
$DIMUPT
 70
     0
  9
$DIMDEC
 70
     0
  9
$DIMTDEC
 70
     0
  9
$DIMALTU
 70
     2
  9
$DIMALTTD
 70
     2
  9
$DIMTXSTY
  7
标注
  9
$DIMAUNIT
 70
     0
  9
$DIMADEC
 70
     1
  9
$DIMALTRND
 40
0.0
  9
$DIMAZIN
 70
     0
  9
$DIMDSEP
 70
    46
  9
$DIMATFIT
 70
     3
  9
$DIMFRAC
 70
     0
  9
$DIMLDRBLK
  1

  9
$DIMLUNIT
 70
     2
  9
$DIMLWD
 70
    -2
  9
$DIMLWE
 70
    -2
  9
$DIMTMOVE
 70
     2
  9
$DIMFXL
 40
100.0
  9
$DIMFXLON
 70
     0
  9
$DIMJOGANG
 40
1.570796326794897
  9
$DIMTFILL
 70
     0
  9
$DIMTFILLCLR
 70
     0
  9
$DIMARCSYM
 70
     0
  9
$DIMLTYPE
  6

  9
$DIMLTEX1
  6

  9
$DIMLTEX2
  6

  9
$DIMTXTDIRECTION
 70
     0
  9
$LUNITS
 70
     2
  9
$LUPREC
 70
     0
  9
$SKETCHINC
 40
0.1
  9
$FILLETRAD
 40
400.0
  9
$AUNITS
 70
     0
  9
$AUPREC
 70
     0
  9
$MENU
  1
.
  9
$ELEVATION
 40
0.0
  9
$PELEVATION
 40
0.0
  9
$THICKNESS
 40
0.0
  9
$LIMCHECK
 70
     0
  9
$CHAMFERA
 40
0.0
  9
$CHAMFERB
 40
0.0
  9
$CHAMFERC
 40
1.0
  9
$CHAMFERD
 40
0.0
  9
$SKPOLY
 70
     0
  9
$TDCREATE
 40
2454272.42105522
  9
$TDUCREATE
 40
2454272.087721887
  9
$TDUPDATE
 40
2461190.593218172
  9
$TDUUPDATE
 40
2461190.259884838
  9
$TDINDWG
 40
45.4814855093
  9
$TDUSRTIMER
 40
45.4814849653
  9
$USRTIMER
 70
     1
  9
$ANGBASE
 50
0.0
  9
$ANGDIR
 70
     0
  9
$PDMODE
 70
     0
  9
$PDSIZE
 40
0.0
  9
$PLINEWID
 40
50.0
  9
$SPLFRAME
 70
     0
  9
$SPLINETYPE
 70
     6
  9
$SPLINESEGS
 70
     8
  9
$HANDSEED
  5
CF16D
  9
$SURFTAB1
 70
     6
  9
$SURFTAB2
 70
     6
  9
$SURFTYPE
 70
     6
  9
$SURFU
 70
     6
  9
$SURFV
 70
     6
  9
$UCSBASE
  2

  9
$UCSNAME
  2

  9
$UCSORG
 10
0.0
 20
0.0
 30
0.0
  9
$UCSXDIR
 10
1.0
 20
0.0
 30
0.0
  9
$UCSYDIR
 10
0.0
 20
1.0
 30
0.0
  9
$UCSORTHOREF
  2

  9
$UCSORTHOVIEW
 70
     0
  9
$UCSORGTOP
 10
0.0
 20
0.0
 30
0.0
  9
$UCSORGBOTTOM
 10
0.0
 20
0.0
 30
0.0
  9
$UCSORGLEFT
 10
0.0
 20
0.0
 30
0.0
  9
$UCSORGRIGHT
 10
0.0
 20
0.0
 30
0.0
  9
$UCSORGFRONT
 10
0.0
 20
0.0
 30
0.0
  9
$UCSORGBACK
 10
0.0
 20
0.0
 30
0.0
  9
$PUCSBASE
  2

  9
$PUCSNAME
  2

  9
$PUCSORG
 10
0.0
 20
0.0
 30
0.0
  9
$PUCSXDIR
 10
1.0
 20
0.0
 30
0.0
  9
$PUCSYDIR
 10
0.0
 20
1.0
 30
0.0
  9
$PUCSORTHOREF
  2

  9
$PUCSORTHOVIEW
 70
     0
  9
$PUCSORGTOP
 10
0.0
 20
0.0
 30
0.0
  9
$PUCSORGBOTTOM
 10
0.0
 20
0.0
 30
0.0
  9
$PUCSORGLEFT
 10
0.0
 20
0.0
 30
0.0
  9
$PUCSORGRIGHT
 10
0.0
 20
0.0
 30
0.0
  9
$PUCSORGFRONT
 10
0.0
 20
0.0
 30
0.0
  9
$PUCSORGBACK
 10
0.0
 20
0.0
 30
0.0
  9
$USERI1
 70
     0
  9
$USERI2
 70
     0
  9
$USERI3
 70
     0
  9
$USERI4
 70
   100
  9
$USERI5
 70
     0
  9
$USERR1
 40
0.0
  9
$USERR2
 40
0.0
  9
$USERR3
 40
0.0
  9
$USERR4
 40
0.0
  9
$USERR5
 40
0.0
  9
$WORLDVIEW
 70
     1
  9
$SHADEDGE
 70
     1
  9
$SHADEDIF
 70
    70
  9
$TILEMODE
 70
     1
  9
$MAXACTVP
 70
    48
  9
$PINSBASE
 10
0.0
 20
0.0
 30
0.0
  9
$PLIMCHECK
 70
     0
  9
$PEXTMIN
 10
529.6344518633887
 20
-442.2888991119862
 30
0.0
  9
$PEXTMAX
 10
1272.134451863389
 20
-22.28889911198621
 30
0.0
  9
$PLIMMIN
 10
-0.2500002402958907
 20
-0.2499999962453767
  9
$PLIMMAX
 10
10.74999951940822
 20
8.249999763458733
  9
$UNITMODE
 70
     0
  9
$VISRETAIN
 70
     1
  9
$PLINEGEN
 70
     0
  9
$PSLTSCALE
 70
     1
  9
$TREEDEPTH
 70
  3020
  9
$CMLSTYLE
  2
STANDARD
  9
$CMLJUST
 70
     0
  9
$CMLSCALE
 40
1.0
  9
$PROXYGRAPHICS
 70
     1
  9
$MEASUREMENT
 70
     0
  9
$CELWEIGHT
370
    -1
  9
$ENDCAPS
280
     0
  9
$JOINSTYLE
280
     0
  9
$LWDISPLAY
290
     0
  9
$INSUNITS
 70
     0
  9
$HYPERLINKBASE
  1

  9
$STYLESHEET
  1
acad.ctb
  9
$XEDIT
290
     1
  9
$CEPSNTYPE
380
     0
  9
$PSTYLEMODE
290
     1
  9
$FINGERPRINTGUID
  2
{0E40AE15-FE80-4538-A49A-715F14624309}
  9
$VERSIONGUID
  2
{BA0C5013-A19A-48A7-A60F-BD0A59F75443}
  9
$EXTNAMES
290
     1
  9
$PSVPSCALE
 40
0.0
  9
$OLESTARTUP
290
     0
  9
$SORTENTS
280
   127
  9
$INDEXCTL
280
     0
  9
$HIDETEXT
280
     1
  9
$XCLIPFRAME
280
     0
  9
$HALOGAP
280
     0
  9
$OBSCOLOR
 70
   257
  9
$OBSLTYPE
280
     0
  9
$INTERSECTIONDISPLAY
280
     0
  9
$INTERSECTIONCOLOR
 70
   257
  9
$DIMASSOC
280
     1
  9
$PROJECTNAME
  1

  9
$CAMERADISPLAY
290
     0
  9
$LENSLENGTH
 40
50.0
  9
$CAMERAHEIGHT
 40
0.0
  9
$STEPSPERSEC
 40
2.0
  9
$STEPSIZE
 40
6.0
  9
$3DDWFPREC
 40
2.0
  9
$PSOLWIDTH
 40
0.25
  9
$PSOLHEIGHT
 40
4.0
  9
$LOFTANG1
 40
1.570796326794897
  9
$LOFTANG2
 40
1.570796326794897
  9
$LOFTMAG1
 40
0.0
  9
$LOFTMAG2
 40
0.0
  9
$LOFTPARAM
 70
     7
  9
$LOFTNORMALS
280
     1
  9
$LATITUDE
 40
37.795
  9
$LONGITUDE
 40
-122.394
  9
$NORTHDIRECTION
 40
0.0
  9
$TIMEZONE
 70
 -8000
  9
$LIGHTGLYPHDISPLAY
280
     1
  9
$TILEMODELIGHTSYNCH
280
     1
  9
$CMATERIAL
347
69B47
  9
$SOLIDHIST
280
     1
  9
$SHOWHIST
280
     1
  9
$DWFFRAME
280
     2
  9
$DGNFRAME
280
     0
  9
$REALWORLDSCALE
290
     1
  9
$INTERFERECOLOR
 62
     1
  9
$INTERFEREOBJVS
345
69B61
  9
$INTERFEREVPVS
346
69B5E
  9
$CSHADOW
280
     0
  9
$SHADOWPLANELOCATION
 40
0.0
  0
ENDSEC
  0
SECTION
  2
CLASSES
  0
CLASS
  1
ACDBDICTIONARYWDFLT
  2
AcDbDictionaryWithDefault
  3
ObjectDBX Classes
 90
        0
 91
        1
280
     0
281
     0
  0
CLASS
  1
ACDBPLACEHOLDER
  2
AcDbPlaceHolder
  3
ObjectDBX Classes
 90
        0
 91
        1
280
     0
281
     0
  0
CLASS
  1
LAYOUT
  2
AcDbLayout
  3
ObjectDBX Classes
 90
        0
 91
        1
280
     0
281
     0
  0
CLASS
  1
DICTIONARYVAR
  2
AcDbDictionaryVar
  3
ObjectDBX Classes
 90
        0
 91
        1
280
     0
281
     0
  0
CLASS
  1
TCH_PSCONFIG
  2
TDbPsConfig
  3
TCH_PIPEWIRE
 90
        1
 91
        1
280
     0
281
     0
  0
CLASS
  1
SORTENTSTABLE
  2
AcDbSortentsTable
  3
ObjectDBX Classes
 90
        0
 91
        1
280
     0
281
     0
  0
CLASS
  1
MATERIAL
  2
AcDbMaterial
  3
ObjectDBX Classes
 90
     1153
 91
        1
280
     0
281
     0
  0
CLASS
  1
TCH_DIMENSION
  2
TDbDimension
  3
"TCH_KERNAL|缺乏解释器天正图形看不见, 请下载天正插件|网址: www.tangent.com.cn"
 90
        1
 91
        1
280
     0
281
     1
  0
CLASS
  1
TABLESTYLE
  2
AcDbTableStyle
  3
ObjectDBX Classes
 90
     4095
 91
        1
280
     0
281
     0
  0
CLASS
  1
TCH_CURTAIN_WALL
  2
TDbCurtainWall
  3
"TCH_KERNAL|缺乏解释器天正图形看不见, 请下载天正插件|网址: www.tangent.com.cn"
 90
        1
 91
        1
280
     0
281
     1
  0
CLASS
  1
TCH_WALL
  2
TDbWall
  3
"TCH_KERNAL|缺乏解释器天正图形看不见, 请下载天正插件|网址: www.tangent.com.cn"
 90
        1
 91
        1
280
     0
281
     1
  0
CLASS
  1
TCH_COMMON_OPENING
  2
TDbOpening
  3
"TCH_KERNAL|缺乏解释器天正图形看不见, 请下载天正插件|网址: www.tangent.com.cn"
 90
        1
 91
        1
280
     0
281
     1
  0
CLASS
  1
TCH_COLUMN
  2
TDbColumn
  3
"TCH_KERNAL|缺乏解释器天正图形看不见, 请下载天正插件|网址: www.tangent.com.cn"
 90
        1
 91
        1
280
     0
281
     1
  0
CLASS
  1
TCH_ARROW
  2
TDbSymbArrow
  3
"TCH_KERNAL|缺乏解释器天正图形看不见, 请下载天正插件|网址: www.tangent.com.cn"
 90
        1
 91
        1
280
     0
281
     1
  0
CLASS
  1
TCH_DBCONFIG
  2
TDbConfig
  3
"TCH_KERNAL|缺乏解释器天正图形看不见, 请下载天正插件|网址: www.tangent.com.cn"
 90
        1
 91
        1
280
     0
281
     0
  0
CLASS
  1
TCH_ERRORMSG
  2
TDbPromptMark
  3
"TCH_KERNAL|缺乏解释器天正图形看不见, 请下载天正插件|网址: www.tangent.com.cn"
 90
        1
 91
        1
280
     0
281
     1
  0
CLASS
  1
LWPOLYLINE
  2
AcDbPolyline
  3
ObjectDBX Classes
 90
        0
 91
        1
280
     0
281
     1
  0
CLASS
  1
HATCH
  2
AcDbHatch
  3
ObjectDBX Classes
 90
        0
 91
        1
280
     0
281
     1
  0
CLASS
  1
XRECORD
  2
AcDbXrecord
  3
ObjectDBX Classes
 90
        0
 91
        1
280
     0
281
     0
  0
CLASS
  1
VISUALSTYLE
  2
AcDbVisualStyle
  3
ObjectDBX Classes
 90
     4095
 91
        1
280
     0
281
     0
  0
CLASS
  1
SCALE
  2
AcDbScale
  3
ObjectDBX Classes
 90
     1153
 91
        1
280
     0
281
     0
  0
CLASS
  1
MLEADERSTYLE
  2
AcDbMLeaderStyle
  3
ACDB_MLEADERSTYLE_CLASS
 90
     4095
 91
        1
280
     0
281
     0
  0
CLASS
  1
CELLSTYLEMAP
  2
AcDbCellStyleMap
  3
ObjectDBX Classes
 90
     1152
 91
        1
280
     0
281
     0
  0
CLASS
  1
ACAD_EVALUATION_GRAPH
  2
AcDbEvalGraph
  3
ObjectDBX Classes
 90
     1153
 91
        1
280
     0
281
     0
  0
CLASS
  1
BLOCKBASEPOINTPARAMETER
  2
AcDbBlockBasepointParameter
  3
ObjectDBX Classes
 90
     1153
 91
        1
280
     0
281
     0
  0
CLASS
  1
ACDB_DYNAMICBLOCKPURGEPREVENTER_VERSION
  2
AcDbDynamicBlockPurgePreventer
  3
ObjectDBX Classes
 90
     1153
 91
        1
280
     0
281
     0
  0
CLASS
  1
ACAECUSTOBJ
  2
AcAeEditorObj
  3
AcAeEditorObj
 90
     1024
 91
        1
280
     1
281
     0
  0
CLASS
  1
ACDBSECTIONVIEWSTYLE
  2
AcDbSectionViewStyle
  3
ObjectDBX Classes
 90
     1025
 91
        1
280
     0
281
     0
  0
CLASS
  1
ACDBDETAILVIEWSTYLE
  2
AcDbDetailViewStyle
  3
ObjectDBX Classes
 90
     1025
 91
        1
280
     0
281
     0
  0
CLASS
  1
SUN
  2
AcDbSun
  3
SCENEOE
 90
     1153
 91
        1
280
     0
281
     0
  0
ENDSEC
  0
SECTION
  2
TABLES
  0
TABLE
  2
VPORT
  5
20
102
{ACAD_XDICTIONARY
360
6B28F
102
}
330
0
100
AcDbSymbolTable
 70
     1
  0
VPORT
  5
CABF8
330
20
100
AcDbSymbolTableRecord
100
AcDbViewportTableRecord
  2
*Active
 70
     0
 10
0.0
 20
0.0
 11
1.0
 21
1.0
 12
1781194.527067055
 22
-995233.5054973922
 13
0.0
 23
0.0
 14
300.0
 24
300.0
 15
3000.0
 25
3000.0
 16
0.0
 26
0.0
 36
1.0
 17
0.0
 27
0.0
 37
0.0
 40
104867.4305896398
 41
1.977584059775841
 42
50.0
 43
0.0
 44
0.0
 50
0.0
 51
0.0
 71
     0
 72
   100
 73
     1
 74
     1
 75
     0
 76
     0
 77
     0
 78
     2
281
     0
 65
     1
110
0.0
120
0.0
130
0.0
111
1.0
121
0.0
131
0.0
112
0.0
122
1.0
132
0.0
 79
     0
146
0.0
348
69B5D
 60
     3
 61
     5
292
     1
282
     1
141
0.0
142
0.0
 63
   250
421
  3355443
361
CF165
1001
ACAD_NAV_VCDISPLAY
1070
     3
  0
ENDTAB
  0
TABLE
  2
LTYPE
  5
1B
330
0
100
AcDbSymbolTable
 70
    11
  0
LTYPE
  5
1C
330
1B
100
AcDbSymbolTableRecord
100
AcDbLinetypeTableRecord
  2
BYBLOCK
 70
     0
  3

 72
    65
 73
     0
 40
0.0
  0
LTYPE
  5
1D
330
1B
100
AcDbSymbolTableRecord
100
AcDbLinetypeTableRecord
  2
BYLAYER
 70
     0
  3

 72
    65
 73
     0
 40
0.0
  0
LTYPE
  5
A
330
1B
100
AcDbSymbolTableRecord
100
AcDbLinetypeTableRecord
  2
CONTINUOUS
 70
     0
  3
Solid line
 72
    65
 73
     0
 40
0.0
  0
LTYPE
  5
D6B
330
1B
100
AcDbSymbolTableRecord
100
AcDbLinetypeTableRecord
  2
CENTER
 70
     0
  3
Center ____ _ ____ _ ____ _ ____ _ ____ _ ____
 72
    65
 73
     4
 40
2.0
 49
1.25
 74
     0
 49
-0.25
 74
     0
 49
0.25
 74
     0
 49
-0.25
 74
     0
  0
LTYPE
  5
4D
330
1B
100
AcDbSymbolTableRecord
100
AcDbLinetypeTableRecord
  2
CONTINOUS
 70
     0
  3
Solid line
 72
    65
 73
     0
 40
0.0
  0
LTYPE
  5
555
330
1B
100
AcDbSymbolTableRecord
100
AcDbLinetypeTableRecord
  2
DASH
 70
     0
  3
__ __ __ __ __ __ __ __ __ __ __ __ __ __ __ __
 72
    65
 73
     2
 40
0.35
 49
0.25
 74
     0
 49
-0.1
 74
     0
  0
LTYPE
  5
4417
330
1B
100
AcDbSymbolTableRecord
100
AcDbLinetypeTableRecord
  2
2
 70
     0
  3

 72
    65
 73
     4
 40
3800.0
 49
3000.0
 74
     0
 49
-300.0
 74
     0
 49
200.0
 74
     0
 49
-300.0
 74
     0
  0
LTYPE
  5
29B3
330
1B
100
AcDbSymbolTableRecord
100
AcDbLinetypeTableRecord
  2
DASH8
 70
     0
  3
8 2 __ __ __ __ __ __ __ __ __ __ __ __ __ __
 72
    65
 73
     2
 40
5.0
 49
4.0
 74
     0
 49
-1.0
 74
     0
  0
LTYPE
  5
2513E
330
1B
100
AcDbSymbolTableRecord
100
AcDbLinetypeTableRecord
  2
ACAD_ISO04W100
 70
     0
  3
ISO long-dash dot ____ . ____ . ____ . ____ . _
 72
    65
 73
     4
 40
30.5
 49
24.0
 74
     0
 49
-3.0
 74
     0
 49
0.5
 74
     0
 49
-3.0
 74
     0
  0
LTYPE
  5
B9E50
330
1B
100
AcDbSymbolTableRecord
100
AcDbLinetypeTableRecord
  2
HIDDEN
 70
     0
  3
Hidden __ __ __ __ __ __ __ __ __ __ __ __ __ _
 72
    65
 73
     2
 40
0.375
 49
0.25
 74
     0
 49
-0.125
 74
     0
  0
LTYPE
  5
BB771
330
1B
100
AcDbSymbolTableRecord
100
AcDbLinetypeTableRecord
  2
DOTE
 70
     0
  3
____ . ____ . ____ . ____ . ____ . ____ . ____ 
 72
    65
 73
     4
 40
2.42
 49
2.0
 74
     0
 49
-0.2
 74
     0
 49
0.02
 74
     0
 49
-0.2
 74
     0
  0
LTYPE
  5
CF166
330
1B
100
AcDbSymbolTableRecord
100
AcDbLinetypeTableRecord
  2
DASHED
 70
     0
  3
Dashed __ __ __ __ __ __ __ __ __ __ __ __ __ _
 72
    65
 73
     2
 40
19.05
 49
12.7
 74
     0
 49
-6.35
 74
     0
  0
LTYPE
  5
CF167
330
1B
100
AcDbSymbolTableRecord
100
AcDbLinetypeTableRecord
  2
PHANTOM2
 70
     0
  3
Phantom (.5x) ___ _ _ ___ _ _ ___ _ _ ___ _ _ _
 72
    65
 73
     6
 40
31.75
 49
15.875
 74
     0
 49
-3.175
 74
     0
 49
3.175
 74
     0
 49
-3.175
 74
     0
 49
3.175
 74
     0
 49
-3.175
 74
     0
  0
ENDTAB
  0
TABLE
  2
LAYER
  5
13
102
{ACAD_XDICTIONARY
360
14
102
}
330
0
100
AcDbSymbolTable
 70
    89
  0
LAYER
  5
6
102
{ACAD_XDICTIONARY
360
69BCB
102
}
330
13
100
AcDbSymbolTableRecord
100
AcDbLayerTableRecord
  2
0
 70
     0
 62
     7
  6
CONTINUOUS
370
    -3
390
7
347
DB5
348
0
1001
RAK
1000
{ACET-LAYISO
1070
     0
1070
     7
1000
CONTINUOUS
1071
       -3
1071
        1
1005
7
1000
ACET-LAYISO}
  0
LAYER
  5
87
330
13
100
AcDbSymbolTableRecord
100
AcDbLayerTableRecord
  2
Defpoints
 70
     0
 62
     7
  6
CONTINUOUS
290
     0
370
    -3
390
7
347
DB5
348
0
1001
RAK
1000
{ACET-LAYISO
1070
     0
1070
     7
1000
CONTINUOUS
1071
       -3
1071
        0
1005
7
1000
ACET-LAYISO}
  0
LAYER
  5
70F9
102
{ACAD_XDICTIONARY
360
69BCD
102
}
330
13
100
AcDbSymbolTableRecord
100
AcDbLayerTableRecord
  2
ASHADE
 70
     0
 62
     7
  6
CONTINUOUS
370
    -3
390
7
347
DB5
348
0
1001
RAK
1000
{ACET-LAYISO
1070
     0
1070
     7
1000
CONTINUOUS
1071
       -3
1071
        1
1005
7
1000
ACET-LAYISO}
  0
LAYER
  5
64
102
{ACAD_XDICTIONARY
360
69BCF
102
}
330
13
100
AcDbSymbolTableRecord
100
AcDbLayerTableRecord
  2
Wall
 70
     0
 62
     2
  6
CONTINUOUS
370
    -3
390
7
347
DB5
348
0
1001
RAK
1000
{ACET-LAYISO
1070
     0
1070
     2
1000
CONTINUOUS
1070
     1
1071
       -3
1071
        1
1005
7
1000
ACET-LAYISO}
  0
LAYER
  5
D6A
102
{ACAD_XDICTIONARY
360
69BD1
102
}
330
13
100
AcDbSymbolTableRecord
100
AcDbLayerTableRecord
  2
DOTE
 70
     0
 62
     1
  6
ACAD_ISO04W100
370
    -3
390
7
347
DB5
348
0
1001
RAK
1000
{ACET-LAYISO
1070
     0
1070
     1
1000
ACAD_ISO04W100
1071
       -3
1071
        1
1005
7
1000
ACET-LAYISO}
  0
LAYER
  5
5C
102
{ACAD_XDICTIONARY
360
69BD3
102
}
330
13
100
AcDbSymbolTableRecord
100
AcDbLayerTableRecord
  2
WINDOW_TEXT
 70
     0
 62
     7
  6
CONTINUOUS
370
    -3
390
7
347
DB5
348
0
1001
RAK
1000
{ACET-LAYISO
1070
     0
1070
     7
1000
CONTINUOUS
1071
       -3
1071
        1
1005
7
1000
ACET-LAYISO}
  0
LAYER
  5
4C
102
{ACAD_XDICTIONARY
360
69BD5
102
}
330
13
100
AcDbSymbolTableRecord
100
AcDbLayerTableRecord
  2
WINDOW
 70
     0
 62
     5
  6
CONTINUOUS
370
    -3
390
7
347
DB5
348
0
1001
RAK
1000
{ACET-LAYISO
1070
     0
1070
     5
1000
CONTINUOUS
1071
       -3
1071
        1
1005
7
1000
ACET-LAYISO}
  0
LAYER
  5
CBF
102
{ACAD_XDICTIONARY
360
69BD7
102
}
330
13
100
AcDbSymbolTableRecord
100
AcDbLayerTableRecord
  2
STAIR
 70
     0
 62
     3
  6
CONTINUOUS
370
    -3
390
7
347
DB5
348
0
1001
RAK
1000
{ACET-LAYISO
1070
     0
1070
     3
1000
CONTINUOUS
1071
       -3
1071
        1
1005
7
1000
ACET-LAYISO}
  0
LAYER
  5
7D
102
{ACAD_XDICTIONARY
360
69BD9
102
}
330
13
100
AcDbSymbolTableRecord
100
AcDbLayerTableRecord
  2
PUB_DIM
 70
     0
 62
     3
  6
CONTINUOUS
370
    -3
390
7
347
DB5
348
0
1001
RAK
1000
{ACET-LAYISO
1070
     0
1070
     3
1000
CONTINUOUS
1071
       -3
1071
        1
1005
7
1000
ACET-LAYISO}
  0
LAYER
  5
E0A
102
{ACAD_XDICTIONARY
360
69BDB
102
}
330
13
100
AcDbSymbolTableRecord
100
AcDbLayerTableRecord
  2
AXIS
 70
     0
 62
     3
  6
CONTINUOUS
370
    -3
390
7
347
DB5
348
0
1001
RAK
1000
{ACET-LAYISO
1070
     0
1070
     3
1000
CONTINUOUS
1071
       -3
1071
        1
1005
7
1000
ACET-LAYISO}
  0
LAYER
  5
1393
102
{ACAD_XDICTIONARY
360
69BDD
102
}
330
13
100
AcDbSymbolTableRecord
100
AcDbLayerTableRecord
  2
AXIS_TEXT
 70
     0
 62
     7
  6
CONTINUOUS
370
    -3
390
7
347
DB5
348
0
1001
RAK
1000
{ACET-LAYISO
1070
     0
1070
     7
1000
CONTINUOUS
1071
       -3
1071
        1
1005
7
1000
ACET-LAYISO}
  0
LAYER
  5
C1B
102
{ACAD_XDICTIONARY
360
69BDF
102
}
330
13
100
AcDbSymbolTableRecord
100
AcDbLayerTableRecord
  2
TEXT
 70
     0
 62
     3
  6
CONTINUOUS
370
    -3
390
7
347
DB5
348
0
1001
RAK
1000
{ACET-LAYISO
1070
     0
1070
     3
1000
CONTINUOUS
1071
       -3
1071
        1
1005
7
1000
ACET-LAYISO}
  0
LAYER
  5
5986
102
{ACAD_XDICTIONARY
360
69BE1
102
}
330
13
100
AcDbSymbolTableRecord
100
AcDbLayerTableRecord
  2
膜
 70
     0
 62
     6
  6
CONTINUOUS
370
    -3
390
7
347
DB5
348
0
1001
RAK
1000
{ACET-LAYISO
1070
     0
1070
     6
1000
CONTINUOUS
1071
       -3
1071
        1
1005
7
1000
ACET-LAYISO}
  0
LAYER
  5
DB2
102
{ACAD_XDICTIONARY
360
69BE3
102
}
330
13
100
AcDbSymbolTableRecord
100
AcDbLayerTableRecord
  2
车站
 70
     0
 62
     6
  6
CONTINUOUS
370
    -3
390
7
347
DB5
348
0
1001
RAK
1000
{ACET-LAYISO
1070
     0
1070
     6
1000
CONTINUOUS
1071
       -3
1071
        1
1005
7
1000
ACET-LAYISO}
  0
LAYER
  5
105E
102
{ACAD_XDICTIONARY
360
69BE5
102
}
330
13
100
AcDbSymbolTableRecord
100
AcDbLayerTableRecord
  2
线路中线
 70
     0
 62
     4
  6
CONTINUOUS
370
    -3
390
7
347
DB5
348
0
1001
RAK
1000
{ACET-LAYISO
1070
     0
1070
     4
1000
CONTINUOUS
1071
       -3
1071
        1
1005
7
1000
ACET-LAYISO}
  0
LAYER
  5
6E5A
102
{ACAD_XDICTIONARY
360
69BE7
102
}
330
13
100
AcDbSymbolTableRecord
100
AcDbLayerTableRecord
  2
梁__实线
 70
     0
 62
     4
  6
CONTINUOUS
370
    -3
390
7
347
DB5
348
0
1001
RAK
1000
{ACET-LAYISO
1070
     0
1070
     4
1000
CONTINUOUS
1071
       -3
1071
        1
1005
7
1000
ACET-LAYISO}
  0
LAYER
  5
421B
102
{ACAD_XDICTIONARY
360
69BE9
102
}
330
13
100
AcDbSymbolTableRecord
100
AcDbLayerTableRecord
  2
柱
 70
     0
 62
    30
  6
CONTINUOUS
370
    -3
390
7
347
DB5
348
0
1001
RAK
1000
{ACET-LAYISO
1070
     0
1070
    30
1000
CONTINUOUS
1071
       -3
1071
        1
1005
7
1000
ACET-LAYISO}
  0
LAYER
  5
1BD
102
{ACAD_XDICTIONARY
360
69BED
102
}
330
13
100
AcDbSymbolTableRecord
100
AcDbLayerTableRecord
  2
PUB_TEXT
 70
     0
 62
     7
  6
CONTINUOUS
370
    -3
390
7
347
DB5
348
0
1001
RAK
1000
{ACET-LAYISO
1070
     0
1070
     7
1000
CONTINUOUS
1071
       -3
1071
        1
1005
7
1000
ACET-LAYISO}
  0
LAYER
  5
1CF8
102
{ACAD_XDICTIONARY
360
69BEF
102
}
330
13
100
AcDbSymbolTableRecord
100
AcDbLayerTableRecord
  2
DIM
 70
     0
 62
     3
  6
CONTINUOUS
370
    -3
390
7
347
DB5
348
0
1001
RAK
1000
{ACET-LAYISO
1070
     0
1070
     3
1000
CONTINUOUS
1071
       -3
1071
        1
1005
7
1000
ACET-LAYISO}
  0
LAYER
  5
6531
102
{ACAD_XDICTIONARY
360
69BF1
102
}
330
13
100
AcDbSymbolTableRecord
100
AcDbLayerTableRecord
  2
道路横断面
 70
     0
 62
     7
  6
CONTINUOUS
370
    -3
390
7
347
DB5
348
0
1001
RAK
1000
{ACET-LAYISO
1070
     0
1070
     7
1000
CONTINUOUS
1071
       -3
1071
        1
1005
7
1000
ACET-LAYISO}
  0
LAYER
  5
62BB
102
{ACAD_XDICTIONARY
360
69BF3
102
}
330
13
100
AcDbSymbolTableRecord
100
AcDbLayerTableRecord
  2
3
 70
     0
 62
     3
  6
CONTINUOUS
370
    -3
390
7
347
DB5
348
0
1001
RAK
1000
{ACET-LAYISO
1070
     0
1070
     3
1000
CONTINUOUS
1071
       -3
1071
        1
1005
7
1000
ACET-LAYISO}
  0
LAYER
  5
4EC7
102
{ACAD_XDICTIONARY
360
69BF5
102
}
330
13
100
AcDbSymbolTableRecord
100
AcDbLayerTableRecord
  2
PUB_WINDW
 70
     0
 62
     7
  6
CONTINUOUS
290
     0
370
    -3
390
7
347
DB5
348
0
1001
RAK
1000
{ACET-LAYISO
1070
     0
1070
     7
1000
CONTINUOUS
1071
       -3
1071
        0
1005
7
1000
ACET-LAYISO}
  0
LAYER
  5
5BB4
102
{ACAD_XDICTIONARY
360
69BF7
102
}
330
13
100
AcDbSymbolTableRecord
100
AcDbLayerTableRecord
  2
SHADE
 70
     0
 62
     8
  6
CONTINUOUS
370
    -3
390
7
347
DB5
348
0
1001
RAK
1000
{ACET-LAYISO
1070
     0
1070
     8
1000
CONTINUOUS
1071
       -3
1071
        1
1005
7
1000
ACET-LAYISO}
  0
LAYER
  5
5ACF
102
{ACAD_XDICTIONARY
360
69BF9
102
}
330
13
100
AcDbSymbolTableRecord
100
AcDbLayerTableRecord
  2
CAR
 70
     0
 62
     6
  6
DASH
370
    -3
390
7
347
DB5
348
0
1001
RAK
1000
{ACET-LAYISO
1070
     0
1070
     6
1000
DASH
1071
       -3
1071
        1
1005
7
1000
ACET-LAYISO}
  0
LAYER
  5
463A
102
{ACAD_XDICTIONARY
360
69BFB
102
}
330
13
100
AcDbSymbolTableRecord
100
AcDbLayerTableRecord
  2
尺寸线及数字
 70
     0
 62
   253
  6
CONTINUOUS
370
    -3
390
7
347
DB5
348
0
1001
RAK
1000
{ACET-LAYISO
1070
     0
1070
   253
1000
CONTINUOUS
1071
       -3
1071
        1
1005
7
1000
ACET-LAYISO}
  0
LAYER
  5
412E
102
{ACAD_XDICTIONARY
360
69BFD
102
}
330
13
100
AcDbSymbolTableRecord
100
AcDbLayerTableRecord
  2
箱梁
 70
     0
 62
     3
  6
CONTINUOUS
370
    -3
390
7
347
DB5
348
0
1001
AcAecLayerStandard
1000

1000

1001
RAK
1000
{ACET-LAYISO
1070
     0
1070
     3
1000
CONTINUOUS
1071
       -3
1071
        1
1005
7
1000
ACET-LAYISO}
  0
LAYER
  5
5A22
102
{ACAD_XDICTIONARY
360
69C01
102
}
330
13
100
AcDbSymbolTableRecord
100
AcDbLayerTableRecord
  2
OTHER
 70
     0
 62
     3
  6
CONTINUOUS
370
    -3
390
7
347
DB5
348
0
1001
RAK
1000
{ACET-LAYISO
1070
     0
1070
     3
1000
CONTINUOUS
1071
       -3
1071
        1
1005
7
1000
ACET-LAYISO}
  0
LAYER
  5
43CC
102
{ACAD_XDICTIONARY
360
69C03
102
}
330
13
100
AcDbSymbolTableRecord
100
AcDbLayerTableRecord
  2
楼梯剖线
 70
     0
 62
   170
  6
CONTINUOUS
370
    -3
390
7
347
DB5
348
0
1001
RAK
1000
{ACET-LAYISO
1070
     0
1070
   170
1000
CONTINUOUS
1071
       -3
1071
        1
1005
7
1000
ACET-LAYISO}
  0
LAYER
  5
45
102
{ACAD_XDICTIONARY
360
69C09
102
}
330
13
100
AcDbSymbolTableRecord
100
AcDbLayerTableRecord
  2
COLUMN
 70
     0
 62
     4
  6
CONTINUOUS
370
    -3
390
7
347
DB5
348
0
1001
RAK
1000
{ACET-LAYISO
1070
     0
1070
     4
1000
CONTINUOUS
1071
       -3
1071
        1
1005
7
1000
ACET-LAYISO}
  0
LAYER
  5
B26
102
{ACAD_XDICTIONARY
360
69C0B
102
}
330
13
100
AcDbSymbolTableRecord
100
AcDbLayerTableRecord
  2
LVTRY
 70
     0
 62
     6
  6
CONTINUOUS
370
    -3
390
7
347
DB5
348
0
1001
RAK
1000
{ACET-LAYISO
1070
     0
1070
     6
1000
CONTINUOUS
1071
       -3
1071
        1
1005
7
1000
ACET-LAYISO}
  0
LAYER
  5
C5D
102
{ACAD_XDICTIONARY
360
69C0D
102
}
330
13
100
AcDbSymbolTableRecord
100
AcDbLayerTableRecord
  2
变电所设备平面布置
 70
     0
 62
     6
  6
CONTINUOUS
370
    -3
390
7
347
DB5
348
0
1001
RAK
1000
{ACET-LAYISO
1070
     0
1070
     6
1000
CONTINUOUS
1071
       -3
1071
        1
1005
7
1000
ACET-LAYISO}
  0
LAYER
  5
C63
102
{ACAD_XDICTIONARY
360
69C0F
102
}
330
13
100
AcDbSymbolTableRecord
100
AcDbLayerTableRecord
  2
平面布置
 70
     0
 62
     6
  6
CONTINUOUS
370
    -3
390
7
347
DB5
348
0
1001
RAK
1000
{ACET-LAYISO
1070
     0
1070
     6
1000
CONTINUOUS
1071
       -3
1071
        1
1005
7
1000
ACET-LAYISO}
  0
LAYER
  5
1280
102
{ACAD_XDICTIONARY
360
69C13
102
}
330
13
100
AcDbSymbolTableRecord
100
AcDbLayerTableRecord
  2
TK
 70
     0
 62
     7
  6
CONTINUOUS
370
    -3
390
7
347
DB5
348
0
1001
RAK
1000
{ACET-LAYISO
1070
     0
1070
     7
1000
CONTINUOUS
1071
       -3
1071
        1
1005
7
1000
ACET-LAYISO}
  0
LAYER
  5
C8B2
102
{ACAD_XDICTIONARY
360
69C15
102
}
330
13
100
AcDbSymbolTableRecord
100
AcDbLayerTableRecord
  2
孔洞梁板
 70
     0
 62
   190
  6
CONTINUOUS
370
    -3
390
7
347
DB5
348
0
1001
RAK
1000
{ACET-LAYISO
1070
     0
1070
   190
1000
CONTINUOUS
1071
       -3
1071
        1
1005
7
1000
ACET-LAYISO}
  0
LAYER
  5
E388
102
{ACAD_XDICTIONARY
360
69C17
102
}
330
13
100
AcDbSymbolTableRecord
100
AcDbLayerTableRecord
  2
GROUND
 70
     0
 62
     6
  6
CONTINUOUS
370
    -3
390
7
347
DB5
348
0
1001
RAK
1000
{ACET-LAYISO
1070
     0
1070
     6
1000
CONTINUOUS
1071
       -3
1071
        1
1005
7
1000
ACET-LAYISO}
  0
LAYER
  5
12907
102
{ACAD_XDICTIONARY
360
69C19
102
}
330
13
100
AcDbSymbolTableRecord
100
AcDbLayerTableRecord
  2
看线
 70
     0
 62
   190
  6
CONTINUOUS
370
    -3
390
7
347
DB5
348
0
1001
RAK
1000
{ACET-LAYISO
1070
     0
1070
   190
1000
CONTINUOUS
1071
       -3
1071
        1
1005
7
1000
ACET-LAYISO}
  0
LAYER
  5
17071
102
{ACAD_XDICTIONARY
360
69C1D
102
}
330
13
100
AcDbSymbolTableRecord
100
AcDbLayerTableRecord
  2
TB
 70
     0
 62
     7
  6
CONTINUOUS
370
    -3
390
7
347
DB5
348
0
1001
RAK
1000
{ACET-LAYISO
1070
     0
1070
     7
1000
CONTINUOUS
1071
       -3
1071
        1
1005
7
1000
ACET-LAYISO}
  0
LAYER
  5
17072
102
{ACAD_XDICTIONARY
360
69C1F
102
}
330
13
100
AcDbSymbolTableRecord
100
AcDbLayerTableRecord
  2
TK1
 70
     0
 62
     7
  6
CONTINUOUS
370
    -3
390
7
347
DB5
348
0
1001
RAK
1000
{ACET-LAYISO
1070
     0
1070
     7
1000
CONTINUOUS
1071
       -3
1071
        1
1005
7
1000
ACET-LAYISO}
  0
LAYER
  5
19D48
102
{ACAD_XDICTIONARY
360
69C27
102
}
330
13
100
AcDbSymbolTableRecord
100
AcDbLayerTableRecord
  2
LVTRY_WINDOW
 70
     0
 62
     7
  6
CONTINUOUS
370
    -3
390
7
347
DB5
348
0
1001
RAK
1000
{ACET-LAYISO
1070
     0
1070
     7
1000
CONTINUOUS
1071
       -3
1071
        1
1005
7
1000
ACET-LAYISO}
  0
LAYER
  5
29133
102
{ACAD_XDICTIONARY
360
69C29
102
}
330
13
100
AcDbSymbolTableRecord
100
AcDbLayerTableRecord
  2
AFC
 70
     0
 62
     6
  6
CONTINUOUS
370
    -3
390
7
347
DB5
348
0
1001
RAK
1000
{ACET-LAYISO
1070
     0
1070
     6
1000
CONTINUOUS
1071
       -3
1071
        1
1005
7
1000
ACET-LAYISO}
  0
LAYER
  5
43B6A
102
{ACAD_XDICTIONARY
360
69C2B
102
}
330
13
100
AcDbSymbolTableRecord
100
AcDbLayerTableRecord
  2
绿化
 70
     0
 62
    64
  6
CONTINUOUS
370
    -3
390
7
347
DB5
348
0
1001
RAK
1000
{ACET-LAYISO
1070
     0
1070
    64
1000
CONTINUOUS
1071
       -3
1071
        1
1005
7
1000
ACET-LAYISO}
  0
LAYER
  5
49F12
102
{ACAD_XDICTIONARY
360
69C2D
102
}
330
13
100
AcDbSymbolTableRecord
100
AcDbLayerTableRecord
  2
幕墙
 70
     0
 62
   254
  6
CONTINUOUS
370
    -3
390
7
347
DB5
348
0
1001
RAK
1000
{ACET-LAYISO
1070
     0
1070
   254
1000
CONTINUOUS
1071
       -3
1071
        1
1005
7
1000
ACET-LAYISO}
  0
LAYER
  5
4AA8A
102
{ACAD_XDICTIONARY
360
69C33
102
}
330
13
100
AcDbSymbolTableRecord
100
AcDbLayerTableRecord
  2
HATCH
 70
     0
 62
     9
  6
CONTINUOUS
370
    -3
390
7
347
DB5
348
0
1001
RAK
1000
{ACET-LAYISO
1070
     0
1070
     9
1000
CONTINUOUS
1071
       -3
1071
        1
1005
7
1000
ACET-LAYISO}
  0
LAYER
  5
524E0
102
{ACAD_XDICTIONARY
360
69C47
102
}
330
13
100
AcDbSymbolTableRecord
100
AcDbLayerTableRecord
  2
PUB_HATCH
 70
     0
 62
     7
  6
CONTINUOUS
370
    -3
390
7
347
DB5
348
0
1001
RAK
1000
{ACET-LAYISO
1070
     0
1070
     7
1000
CONTINUOUS
1071
       -3
1071
        1
1005
7
1000
ACET-LAYISO}
  0
LAYER
  5
5785F
102
{ACAD_XDICTIONARY
360
69C49
102
}
330
13
100
AcDbSymbolTableRecord
100
AcDbLayerTableRecord
  2
柱结构
 70
     0
 62
     6
  6
CONTINUOUS
370
    -3
390
7
347
DB5
348
0
1001
RAK
1000
{ACET-LAYISO
1070
     0
1070
     6
1000
CONTINUOUS
1071
       -3
1071
        1
1005
7
1000
ACET-LAYISO}
  0
LAYER
  5
77D31
330
13
100
AcDbSymbolTableRecord
100
AcDbLayerTableRecord
  2
修改云线
 70
     0
 62
    10
  6
CONTINUOUS
370
    -3
390
7
347
DB5
348
0
1001
AcAecLayerStandard
1000

1000

1001
RAK
1000
{ACET-LAYISO
1070
     0
1070
    10
1000
CONTINUOUS
1071
       -3
1071
        1
1005
7
1000
ACET-LAYISO}
  0
LAYER
  5
ACA32
102
{ACAD_XDICTIONARY
360
ACA33
102
}
330
13
100
AcDbSymbolTableRecord
100
AcDbLayerTableRecord
  2
fas
 70
     0
 62
    -6
  6
CONTINUOUS
370
    -3
390
7
347
DB5
348
0
1001
AcAecLayerStandard
1000

1000

  0
LAYER
  5
ACA36
102
{ACAD_XDICTIONARY
360
ACA37
102
}
330
13
100
AcDbSymbolTableRecord
100
AcDbLayerTableRecord
  2
fas1
 70
     0
 62
    -6
  6
CONTINUOUS
370
    -3
390
7
347
DB5
348
0
1001
AcAecLayerStandard
1000

1000

  0
LAYER
  5
ACA3A
102
{ACAD_XDICTIONARY
360
ACA3B
102
}
330
13
100
AcDbSymbolTableRecord
100
AcDbLayerTableRecord
  2
WZ
 70
     0
 62
     3
  6
CONTINUOUS
370
    -3
390
7
347
DB5
348
0
1001
RAK
1000
{ACET-LAYISO
1070
     0
1070
     3
1000
CONTINUOUS
1071
       -3
1071
        1
1005
7
1000
ACET-LAYISO}
  0
LAYER
  5
ACA3E
102
{ACAD_XDICTIONARY
360
ACA3F
102
}
330
13
100
AcDbSymbolTableRecord
100
AcDbLayerTableRecord
  2
文字
 70
     0
 62
     4
  6
CONTINUOUS
370
    -3
390
7
347
DB5
348
0
  0
LAYER
  5
ACA42
102
{ACAD_XDICTIONARY
360
ACA43
102
}
330
13
100
AcDbSymbolTableRecord
100
AcDbLayerTableRecord
  2
FAS手动报警
 70
     0
 62
  -255
  6
CONTINUOUS
370
    -3
390
7
347
DB5
348
0
  0
LAYER
  5
ACA46
102
{ACAD_XDICTIONARY
360
ACA47
102
}
330
13
100
AcDbSymbolTableRecord
100
AcDbLayerTableRecord
  2
fas烟感
 70
     0
 62
  -255
  6
CONTINUOUS
370
    -3
390
7
347
DB5
348
0
1001
AcAecLayerStandard
1000

1000

  0
LAYER
  5
ACA4A
102
{ACAD_XDICTIONARY
360
ACA4B
102
}
330
13
100
AcDbSymbolTableRecord
100
AcDbLayerTableRecord
  2
通信总线
 70
     0
 62
     6
  6
CONTINUOUS
370
    -3
390
7
347
DB5
348
0
  0
LAYER
  5
ACA4E
102
{ACAD_XDICTIONARY
360
ACA4F
102
}
330
13
100
AcDbSymbolTableRecord
100
AcDbLayerTableRecord
  2
FA标注
 70
     0
 62
    -7
  6
CONTINUOUS
370
    -3
390
7
347
DB5
348
0
1001
AcAecLayerStandard
1000

1000

  0
LAYER
  5
ACA52
330
13
100
AcDbSymbolTableRecord
100
AcDbLayerTableRecord
  2
广播
 70
     0
 62
     7
  6
CONTINUOUS
370
    -3
390
7
347
DB5
348
0
  0
LAYER
  5
ACA55
330
13
100
AcDbSymbolTableRecord
100
AcDbLayerTableRecord
  2
ZHHB3
 70
     0
 62
     7
  6
CONTINUOUS
370
    -3
390
7
347
DB5
348
0
  0
LAYER
  5
ACA58
330
13
100
AcDbSymbolTableRecord
100
AcDbLayerTableRecord
  2
G
 70
     0
 62
     4
  6
CONTINUOUS
370
    -3
390
7
347
DB5
348
0
  0
LAYER
  5
ACA5B
330
13
100
AcDbSymbolTableRecord
100
AcDbLayerTableRecord
  2
DH
 70
     0
 62
   150
  6
CONTINUOUS
370
    -3
390
7
347
DB5
348
0
  0
LAYER
  5
ACA5E
330
13
100
AcDbSymbolTableRecord
100
AcDbLayerTableRecord
  2
xf信号
 70
     0
 62
     6
  6
CONTINUOUS
370
    -3
390
7
347
DB5
348
0
1001
AcAecLayerStandard
1000

1000

  0
LAYER
  5
ACA61
330
13
100
AcDbSymbolTableRecord
100
AcDbLayerTableRecord
  2
xf电话
 70
     0
 62
     3
  6
CONTINUOUS
370
    -3
390
7
347
DB5
348
0
1001
AcAecLayerStandard
1000

1000

  0
LAYER
  5
ACA64
330
13
100
AcDbSymbolTableRecord
100
AcDbLayerTableRecord
  2
xf电源
 70
     0
 62
     1
  6
CONTINUOUS
370
    -3
390
7
347
DB5
348
0
1001
AcAecLayerStandard
1000

1000

  0
LAYER
  5
ACA67
330
13
100
AcDbSymbolTableRecord
100
AcDbLayerTableRecord
  2
FAS-Loop
 70
     0
 62
     7
  6
CONTINUOUS
370
    -3
390
7
347
DB5
348
0
1001
AcAecLayerStandard
1000

1000

  0
LAYER
  5
B5C93
330
13
100
AcDbSymbolTableRecord
100
AcDbLayerTableRecord
  2
FA信号线
 70
     0
 62
     6
  6
CONTINUOUS
370
    -3
390
7
347
DB5
348
0
1001
AcAecLayerStandard
1000

1000

  0
LAYER
  5
BA565
330
13
100
AcDbSymbolTableRecord
100
AcDbLayerTableRecord
  2
图框
 70
     0
 62
   253
  6
CONTINUOUS
370
    -3
390
7
347
DB5
348
0
  0
LAYER
  5
BA566
102
{ACAD_XDICTIONARY
360
BA567
102
}
330
13
100
AcDbSymbolTableRecord
100
AcDbLayerTableRecord
  2
102
 70
     0
 62
     7
  6
CONTINUOUS
370
    -3
390
7
347
DB5
348
0
  0
LAYER
  5
BB772
330
13
100
AcDbSymbolTableRecord
100
AcDbLayerTableRecord
  2
标注
 70
     0
 62
     7
  6
CONTINUOUS
370
    -3
390
7
347
DB5
348
0
  0
LAYER
  5
BB773
330
13
100
AcDbSymbolTableRecord
100
AcDbLayerTableRecord
  2
多联体空调冷媒管
 70
     0
 62
     6
  6
CONTINUOUS
370
    -3
390
7
347
DB5
348
0
1001
AcAecLayerStandard
1000

1000

  0
LAYER
  5
BB774
330
13
100
AcDbSymbolTableRecord
100
AcDbLayerTableRecord
  2
多联体空调
 70
     0
 62
    90
  6
CONTINUOUS
370
    -3
390
7
347
DB5
348
0
1001
AcAecLayerStandard
1000

1000

  0
LAYER
  5
BB775
330
13
100
AcDbSymbolTableRecord
100
AcDbLayerTableRecord
  2
多联体空调冷凝管
 70
     0
 62
    54
  6
CONTINUOUS
370
    -3
390
7
347
DB5
348
0
1001
AcAecLayerStandard
1000

1000

  0
LAYER
  5
BB776
330
13
100
AcDbSymbolTableRecord
100
AcDbLayerTableRecord
  2
小系统风管
 70
     0
 62
    82
  6
CONTINUOUS
370
    -3
390
7
347
DB5
348
0
  0
LAYER
  5
BB777
330
13
100
AcDbSymbolTableRecord
100
AcDbLayerTableRecord
  2
风机
 70
     0
 62
     1
  6
CONTINUOUS
370
    -3
390
7
347
DB5
348
0
1001
AcAecLayerStandard
1000

1000

  0
LAYER
  5
BB778
330
13
100
AcDbSymbolTableRecord
100
AcDbLayerTableRecord
  2
小系统设备
 70
     0
 62
   162
  6
CONTINUOUS
370
    -3
390
7
347
DB5
348
0
1001
RAK
1000
{ACET-LAYISO
1070
     0
1070
   162
1000
CONTINUOUS
1071
       -3
1071
        1
1005
7
1000
ACET-LAYISO}
  0
LAYER
  5
BB779
330
13
100
AcDbSymbolTableRecord
100
AcDbLayerTableRecord
  2
小系统风管尺寸
 70
     0
 62
   204
  6
CONTINUOUS
370
    -3
390
7
347
DB5
348
0
  0
LAYER
  5
BB77A
330
13
100
AcDbSymbolTableRecord
100
AcDbLayerTableRecord
  2
小系统防火阀
 70
     0
 62
   112
  6
CONTINUOUS
370
    -3
390
7
347
DB5
348
0
  0
LAYER
  5
BB77B
330
13
100
AcDbSymbolTableRecord
100
AcDbLayerTableRecord
  2
小系统风口
 70
     0
 62
    46
  6
CONTINUOUS
370
    -3
390
7
347
DB5
348
0
  0
LAYER
  5
BB77C
330
13
100
AcDbSymbolTableRecord
100
AcDbLayerTableRecord
  2
小系统标注
 70
     0
 62
    60
  6
CONTINUOUS
370
    -3
390
7
347
DB5
348
0
1001
AcAecLayerStandard
1000

1000

  0
LAYER
  5
BB77D
330
13
100
AcDbSymbolTableRecord
100
AcDbLayerTableRecord
  2
HK
 70
     0
 62
     4
  6
CONTINUOUS
370
    -3
390
7
347
DB5
348
0
  0
LAYER
  5
BB77E
330
13
100
AcDbSymbolTableRecord
100
AcDbLayerTableRecord
  2
底图
 70
     0
 62
     8
  6
CONTINUOUS
370
    -3
390
7
347
DB5
348
0
  0
LAYER
  5
BB77F
330
13
100
AcDbSymbolTableRecord
100
AcDbLayerTableRecord
  2
PUB_TITLE
 70
     0
 62
     4
  6
CONTINUOUS
370
    -3
390
7
347
DB5
348
0
1001
RAK
1000
{ACET-LAYISO
1070
     0
1070
     4
1000
CONTINUOUS
1071
       -3
1071
        1
1005
7
1000
ACET-LAYISO}
  0
LAYER
  5
BB780
330
13
100
AcDbSymbolTableRecord
100
AcDbLayerTableRecord
  2
表格
 70
     0
 62
     7
  6
CONTINUOUS
370
    -3
390
7
347
DB5
348
0
  0
LAYER
  5
BB781
330
13
100
AcDbSymbolTableRecord
100
AcDbLayerTableRecord
  2
符号
 70
     0
 62
     7
  6
CONTINUOUS
370
    -3
390
7
347
DB5
348
0
  0
LAYER
  5
BB782
330
13
100
AcDbSymbolTableRecord
100
AcDbLayerTableRecord
  2
次尺寸
 70
     0
 62
     5
  6
CONTINUOUS
370
    -3
390
7
347
DB5
348
0
1001
RAK
1000
{ACET-LAYISO
1070
     0
1070
     5
1000
CONTINUOUS
1071
       -3
1071
        1
1005
7
1000
ACET-LAYISO}
  0
LAYER
  5
BB783
330
13
100
AcDbSymbolTableRecord
100
AcDbLayerTableRecord
  2
变电所开孔
 70
     0
 62
   191
  6
CONTINUOUS
370
    -3
390
7
347
DB5
348
0
1001
RAK
1000
{ACET-LAYISO
1070
     0
1070
   191
1000
CONTINUOUS
1071
       -3
1071
        1
1005
7
1000
ACET-LAYISO}
  0
LAYER
  5
CE43E
330
13
100
AcDbSymbolTableRecord
100
AcDbLayerTableRecord
  2
SRURTDRI
 70
     0
 62
     7
  6
CONTINUOUS
370
    -3
390
7
347
DB5
348
0
1001
RAK
1000
{ACET-LAYISO
1070
     0
1070
     7
1000
CONTINUOUS
1071
       -3
1071
        1
1005
7
1000
ACET-LAYISO}
  0
LAYER
  5
CE43F
330
13
100
AcDbSymbolTableRecord
100
AcDbLayerTableRecord
  2
TEMP
 70
     0
 62
     4
  6
CONTINUOUS
370
    -3
390
7
347
DB5
348
0
  0
LAYER
  5
CE440
330
13
100
AcDbSymbolTableRecord
100
AcDbLayerTableRecord
  2
封面
 70
     0
 62
     7
  6
CONTINUOUS
370
    -3
390
7
347
DB5
348
0
  0
LAYER
  5
CE6AD
330
13
100
AcDbSymbolTableRecord
100
AcDbLayerTableRecord
  2
处理过程
 70
     0
 62
     7
  6
CONTINUOUS
370
    -3
390
7
347
DB5
348
0
  0
LAYER
  5
CEFA6
330
13
100
AcDbSymbolTableRecord
100
AcDbLayerTableRecord
  2
连续墙
 70
     0
 62
   151
  6
CONTINUOUS
370
    -3
390
7
347
DB5
348
0
1001
RAK
1000
{ACET-LAYISO
1070
     0
1070
   151
1000
CONTINUOUS
1070
     1
1071
       -3
1071
        1
1005
7
1000
ACET-LAYISO}
  0
LAYER
  5
CF169
330
13
100
AcDbSymbolTableRecord
100
AcDbLayerTableRecord
  2
GstarFastview4.2-ABCDEFGHIJKLMNOPQRSTUVWXYZ0123456789-note-layer-HCNoteLayer
 70
     0
 62
     7
  6
CONTINUOUS
370
    -3
390
7
347
DB5
348
0
  0
ENDTAB
  0
TABLE
  2
STYLE
  5
17
330
0
100
AcDbSymbolTable
 70
    36
  0
STYLE
  5
18
330
17
100
AcDbSymbolTableRecord
100
AcDbTextStyleTableRecord
  2
STANDARD
 70
     0
 40
0.0
 41
1.0
 50
0.0
 71
     0
 42
0.2
  3
GBENOR
  4
GBCBIG
1001
_TCH
1040
1.0
1040
0.6
  0
STYLE
  5
1394
330
17
100
AcDbSymbolTableRecord
100
AcDbTextStyleTableRecord
  2
COMPLEX
 70
     0
 40
0.0
 41
1.0
 50
0.0
 71
     0
 42
0.6
  3
COMPLEX
  4
AllInOneBig.shx
  0
STYLE
  5
C1C
330
17
100
AcDbSymbolTableRecord
100
AcDbTextStyleTableRecord
  2
_HZTXT
 70
     0
 40
0.0
 41
0.8
 50
0.0
 71
     0
 42
500.0
  3
txt.shx
  4
HZTXT.shx
  0
STYLE
  5
1329
330
17
100
AcDbSymbolTableRecord
100
AcDbTextStyleTableRecord
  2
宋体
 70
     0
 40
0.0
 41
0.8
 50
0.0
 71
     0
 42
500.0
  3

  4

1001
ACAD
1000
SimSun
1071
    34306
  0
STYLE
  5
12BD
330
17
100
AcDbSymbolTableRecord
100
AcDbTextStyleTableRecord
  2
ST
 70
     0
 40
2.5
 41
0.7
 50
0.0
 71
     0
 42
2.5
  3

  4

1001
ACAD
1000
SimSun
1071
    34306
  0
STYLE
  5
3F
330
17
100
AcDbSymbolTableRecord
100
AcDbTextStyleTableRecord
  2
黑体
 70
     0
 40
0.0
 41
0.6
 50
0.0
 71
     0
 42
0.2
  3
simhei.ttf
  4

1001
ACAD
1000
SimHei
1071
    34306
  0
STYLE
  5
128A
330
17
100
AcDbSymbolTableRecord
100
AcDbTextStyleTableRecord
  2
HZTXT
 70
     0
 40
2.5
 41
0.75
 50
0.0
 71
     0
 42
6.0
  3
Simplex
  4
Hztxt
  0
STYLE
  5
12C7
330
17
100
AcDbSymbolTableRecord
100
AcDbTextStyleTableRecord
  2
TKFS
 70
     0
 40
0.0
 41
0.71
 50
0.0
 71
     0
 42
4.0
  3
simhei.ttf
  4

1001
ACAD
1000
SimHei
1071
    34306
  0
STYLE
  5
8E32
330
17
100
AcDbSymbolTableRecord
100
AcDbTextStyleTableRecord
  2
标注
 70
     0
 40
0.0
 41
0.7
 50
0.0
 71
     0
 42
0.2
  3
txt1.shx
  4
hztxt.shx
  0
STYLE
  5
C6AC
330
17
100
AcDbSymbolTableRecord
100
AcDbTextStyleTableRecord
  2
SIMPLEX
 70
     0
 40
0.0
 41
1.0
 50
0.0
 71
     0
 42
0.2
  3
SIMPLEX.SHX
  4
AllInOneBig.shx
  0
STYLE
  5
11937
330
17
100
AcDbSymbolTableRecord
100
AcDbTextStyleTableRecord
  2
COMP
 70
     0
 40
0.0
 41
1.0
 50
0.0
 71
     0
 42
1.0
  3
complex
  4
hztxt
  0
STYLE
  5
17073
330
17
100
AcDbSymbolTableRecord
100
AcDbTextStyleTableRecord
  2
STYLE1
 70
     0
 40
0.0
 41
0.9
 50
0.0
 71
     0
 42
1441.840067492999
  3
txt1.shx
  4
hztxt.shx
  0
STYLE
  5
17074
330
17
100
AcDbSymbolTableRecord
100
AcDbTextStyleTableRecord
  2
HDM_FONT
 70
     0
 40
0.0
 41
0.7
 50
0.0
 71
     0
 42
0.005
  3
comfont.shx
  4
hztxt.shx
  0
STYLE
  5
17075
330
17
100
AcDbSymbolTableRecord
100
AcDbTextStyleTableRecord
  2
TK-STANDARD
 70
     0
 40
0.0
 41
1.0
 50
0.0
 71
     0
 42
1000.0
  3
simplex.shx
  4
hztxt.shx
  0
STYLE
  5
17076
330
17
100
AcDbSymbolTableRecord
100
AcDbTextStyleTableRecord
  2
TK-LCF1
 70
     0
 40
0.0
 41
0.8
 50
0.0
 71
     0
 42
1000.0
  3
txt1.shx
  4
hztxt.shx
  0
STYLE
  5
1719A
330
17
100
AcDbSymbolTableRecord
100
AcDbTextStyleTableRecord
  2
TEXT
 70
     0
 40
0.0
 41
0.75
 50
0.0
 71
     0
 42
600.0
  3

  4

1001
ACAD
1000
SimSun
1071
    34306
  0
STYLE
  5
17A2F
330
17
100
AcDbSymbolTableRecord
100
AcDbTextStyleTableRecord
  2
ROMANT
 70
     0
 40
3.0
 41
0.7
 50
0.0
 71
     0
 42
3.0
  3
romant
  4
AllInOneBig.shx
  0
STYLE
  5
491E6
330
17
100
AcDbSymbolTableRecord
100
AcDbTextStyleTableRecord
  2
_TXT1
 70
     0
 40
0.0
 41
0.8
 50
0.0
 71
     0
 42
500.0
  3
TXT1.shx
  4
AllInOneBig.shx
  0
STYLE
  5
4FD00
330
17
100
AcDbSymbolTableRecord
100
AcDbTextStyleTableRecord
  2
_SIMPLEX
 70
     0
 40
0.0
 41
0.8
 50
0.0
 71
     0
 42
500.0
  3
SIMPLEX.shx
  4
AllInOneBig.shx
  0
STYLE
  5
ACA6A
330
17
100
AcDbSymbolTableRecord
100
AcDbTextStyleTableRecord
  2
HZ
 70
     0
 40
0.0
 41
0.8
 50
0.0
 71
     0
 42
800.0
  3
romand.shx
  4
hztxt.shx
  0
STYLE
  5
ACA6B
330
17
100
AcDbSymbolTableRecord
100
AcDbTextStyleTableRecord
  2
HZ1
 70
     0
 40
350.0
 41
0.7
 50
0.0
 71
     0
 42
350.0
  3
romanc.shx
  4
hztxt1.shx
  0
STYLE
  5
ACA6C
330
17
100
AcDbSymbolTableRecord
100
AcDbTextStyleTableRecord
  2
_HZXY
 70
     0
 40
0.0
 41
0.8
 50
0.0
 71
     0
 42
150.0
  3
romans.shx
  4
fs.shx
  0
STYLE
  5
ACA6D
330
17
100
AcDbSymbolTableRecord
100
AcDbTextStyleTableRecord
  2
STYLE2
 70
     0
 40
0.0
 41
1.0
 50
0.0
 71
     0
 42
140.0
  3
SIMLI.TTF
  4

1001
ACAD
1000
隶书
1071
    34353
  0
STYLE
  5
ACA6E
330
17
100
AcDbSymbolTableRecord
100
AcDbTextStyleTableRecord
  2
S3
 70
     0
 40
0.0
 41
0.85
 50
0.0
 71
     0
 42
3.0
  3

  4

1001
ACAD
1000
SimSun
1071
    34306
  0
STYLE
  5
ACA6F
330
17
100
AcDbSymbolTableRecord
100
AcDbTextStyleTableRecord
  2
FU
 70
     0
 40
0.0
 41
0.8
 50
0.0
 71
     0
 42
800.0
  3
txt.shx
  4
hztxt.shx
  0
STYLE
  5
ACA70
330
17
100
AcDbSymbolTableRecord
100
AcDbTextStyleTableRecord
  2
C
 70
     0
 40
0.0
 41
0.7
 50
0.0
 71
     0
 42
400.0
  3
complex.shx
  4
c.shx
  0
STYLE
  5
B5049
330
17
100
AcDbSymbolTableRecord
100
AcDbTextStyleTableRecord
  2
dim_font
 70
     0
 40
0.0
 41
0.7
 50
0.0
 71
     0
 42
10000.0
  3
SIMPLEX.shx
  4
hztxt.shx
  0
STYLE
  5
B7964
330
17
100
AcDbSymbolTableRecord
100
AcDbTextStyleTableRecord
  2
TSSD_Dimension
 70
     0
 40
0.0
 41
0.7
 50
0.0
 71
     0
 42
350.0
  3
Tssdeng.shx
  4
hztxt.shx
  0
STYLE
  5
B7ADD
330
17
100
AcDbSymbolTableRecord
100
AcDbTextStyleTableRecord
  2
HV-TEXT
 70
     0
 40
0.0
 41
0.6
 50
0.0
 71
     0
 42
1000.0
  3
tjromand.shx
  4
hztxt.shx
  0
STYLE
  5
BA56A
330
17
100
AcDbSymbolTableRecord
100
AcDbTextStyleTableRecord
  2
-宋体
 70
     0
 40
0.0
 41
0.8
 50
0.0
 71
     0
 42
4.5
  3
simhei.ttf
  4

1001
ACAD
1000
SimHei
1071
    34306
  0
STYLE
  5
BB784
330
17
100
AcDbSymbolTableRecord
100
AcDbTextStyleTableRecord
  2
TXT1
 70
     0
 40
0.0
 41
0.8
 50
0.0
 71
     0
 42
14093.71050687774
  3
txt1.shx
  4
hztxt.shx
  0
STYLE
  5
BB785
330
17
100
AcDbSymbolTableRecord
100
AcDbTextStyleTableRecord
  2
-幼圆
 70
     0
 40
0.0
 41
0.8
 50
0.0
 71
     0
 42
600.0
  3
SIMYOU.TTF
  4

1001
ACAD
1000
YouYuan
1071
    34353
  0
STYLE
  5
BB786
330
17
100
AcDbSymbolTableRecord
100
AcDbTextStyleTableRecord
  2
QJKZ$0$HZ
 70
     0
 40
0.0
 41
1.0
 50
0.0
 71
     0
 42
6.0
  3
txt1.shx
  4
hztxt.shx
  0
STYLE
  5
CE441
330
17
100
AcDbSymbolTableRecord
100
AcDbTextStyleTableRecord
  2
FTK1$0$HZ
 70
     0
 40
0.0
 41
0.7
 50
0.0
 71
     0
 42
4.0
  3
romans
  4
hztxt
  0
STYLE
  5
CE442
330
17
100
AcDbSymbolTableRecord
100
AcDbTextStyleTableRecord
  2
FMHZ
 70
     0
 40
0.0
 41
0.7
 50
0.0
 71
     0
 42
5.0
  3
simhei.ttf
  4

1001
ACAD
1000
SimHei
1071
    34306
  0
STYLE
  5
CF168
330
17
100
AcDbSymbolTableRecord
100
AcDbTextStyleTableRecord
  2
GstarFastview4.2-ABCDEFGHIJKLMNOPQRSTUVWXYZ0123456789-note-textstyle-HCNoteTextStyle
 70
     0
 40
0.0
 41
0.7
 50
0.0
 71
     0
 42
500.0
  3
AllInOneUni.shx
  4
AllInOneBig.shx
  0
ENDTAB
  0
TABLE
  2
VIEW
  5
1E
330
0
100
AcDbSymbolTable
 70
     0
  0
ENDTAB
  0
TABLE
  2
UCS
  5
1F
330
0
100
AcDbSymbolTable
 70
     0
  0
ENDTAB
  0
TABLE
  2
APPID
  5
22
330
0
100
AcDbSymbolTable
 70
    34
  0
APPID
  5
23
330
22
100
AcDbSymbolTableRecord
100
AcDbRegAppTableRecord
  2
ACAD
 70
     0
  0
APPID
  5
710D
330
22
100
AcDbSymbolTableRecord
100
AcDbRegAppTableRecord
  2
ACCURENDER3
 70
     0
  0
APPID
  5
19
330
22
100
AcDbSymbolTableRecord
100
AcDbRegAppTableRecord
  2
_TCH
 70
     0
  0
APPID
  5
7102
330
22
100
AcDbSymbolTableRecord
100
AcDbRegAppTableRecord
  2
AVE_RENDER
 70
     0
  0
APPID
  5
70FD
330
22
100
AcDbSymbolTableRecord
100
AcDbRegAppTableRecord
  2
AVE_MATERIAL
 70
     0
  0
APPID
  5
B
330
22
100
AcDbSymbolTableRecord
100
AcDbRegAppTableRecord
  2
RAK
 70
     0
  0
APPID
  5
5F
330
22
100
AcDbSymbolTableRecord
100
AcDbRegAppTableRecord
  2
wthick
 70
     0
  0
APPID
  5
1062
330
22
100
AcDbSymbolTableRecord
100
AcDbRegAppTableRecord
  2
LHB_YJ
 70
     0
  0
APPID
  5
250F
330
22
100
AcDbSymbolTableRecord
100
AcDbRegAppTableRecord
  2
PLTYPE
 70
     0
  0
APPID
  5
250D
330
22
100
AcDbSymbolTableRecord
100
AcDbRegAppTableRecord
  2
PLDEP
 70
     0
  0
APPID
  5
250C
330
22
100
AcDbSymbolTableRecord
100
AcDbRegAppTableRecord
  2
PLDATE
 70
     0
  0
APPID
  5
250B
330
22
100
AcDbSymbolTableRecord
100
AcDbRegAppTableRecord
  2
PLSRC
 70
     0
  0
APPID
  5
250E
330
22
100
AcDbSymbolTableRecord
100
AcDbRegAppTableRecord
  2
PLNUM
 70
     0
  0
APPID
  5
28C3
330
22
100
AcDbSymbolTableRecord
100
AcDbRegAppTableRecord
  2
AcAecLayerStandard
 70
     0
  0
APPID
  5
23D7
330
22
100
AcDbSymbolTableRecord
100
AcDbRegAppTableRecord
  2
EICADPM
 70
     0
  0
APPID
  5
3139
330
22
100
AcDbSymbolTableRecord
100
AcDbRegAppTableRecord
  2
PLHGT
 70
     0
  0
APPID
  5
3138
330
22
100
AcDbSymbolTableRecord
100
AcDbRegAppTableRecord
  2
PLWID
 70
     0
  0
APPID
  5
75DC
330
22
100
AcDbSymbolTableRecord
100
AcDbRegAppTableRecord
  2
CONTENTBLOCKICON
 70
     0
  0
APPID
  5
32DF6
330
22
100
AcDbSymbolTableRecord
100
AcDbRegAppTableRecord
  2
WPLINE
 70
     0
  0
APPID
  5
42000
330
22
100
AcDbSymbolTableRecord
100
AcDbRegAppTableRecord
  2
ACAD_DSTYLE_DIMEXT_LENGTH
 70
     0
  0
APPID
  5
42001
330
22
100
AcDbSymbolTableRecord
100
AcDbRegAppTableRecord
  2
ACAD_DSTYLE_DIMEXT_ENABLED
 70
     0
  0
APPID
  5
42002
330
22
100
AcDbSymbolTableRecord
100
AcDbRegAppTableRecord
  2
ACAD_DSTYLE_DIMJOGGED_JOGANGLE_SYMBOL
 70
     0
  0
APPID
  5
42005
330
22
100
AcDbSymbolTableRecord
100
AcDbRegAppTableRecord
  2
ACAD_DSTYLE_DIMARC_LENGTH_SYMBOL
 70
     0
  0
APPID
  5
62BBB
330
22
100
AcDbSymbolTableRecord
100
AcDbRegAppTableRecord
  2
ACAD_EXEMPT_FROM_CAD_STANDARDS
 70
     0
  0
APPID
  5
69B8E
330
22
100
AcDbSymbolTableRecord
100
AcDbRegAppTableRecord
  2
ACAD_MLEADERVER
 70
     0
  0
APPID
  5
69BBA
330
22
100
AcDbSymbolTableRecord
100
AcDbRegAppTableRecord
  2
AcLayerTools
 70
     0
  0
APPID
  5
A6D25
330
22
100
AcDbSymbolTableRecord
100
AcDbRegAppTableRecord
  2
ACAD_PSEXT
 70
     0
  0
APPID
  5
ACA72
330
22
100
AcDbSymbolTableRecord
100
AcDbRegAppTableRecord
  2
AcDbDynamicBlockGUID
 70
     0
  0
APPID
  5
ACA73
330
22
100
AcDbSymbolTableRecord
100
AcDbRegAppTableRecord
  2
AcDbBlockRepETag
 70
     0
  0
APPID
  5
ACA74
330
22
100
AcDbSymbolTableRecord
100
AcDbRegAppTableRecord
  2
AcDbDynamicBlockTrueName
 70
     0
  0
APPID
  5
BA425
330
22
100
AcDbSymbolTableRecord
100
AcDbRegAppTableRecord
  2
DCO15
 70
     0
  0
APPID
  5
CC243
330
22
100
AcDbSymbolTableRecord
100
AcDbRegAppTableRecord
  2
ACAUTHENVIRON
 70
     0
  0
APPID
  5
CDA79
330
22
100
AcDbSymbolTableRecord
100
AcDbRegAppTableRecord
  2
BC_DWGINFO
 70
     0
  0
APPID
  5
CEF68
330
22
100
AcDbSymbolTableRecord
100
AcDbRegAppTableRecord
  2
ACAD_NAV_VCDISPLAY
 70
     0
  0
ENDTAB
  0
TABLE
  2
DIMSTYLE
  5
24
330
0
100
AcDbSymbolTable
 70
    16
100
AcDbDimStyleTable
  0
DIMSTYLE
105
37
330
24
100
AcDbSymbolTableRecord
100
AcDbDimStyleTableRecord
  2
STANDARD
 70
     0
 40
100.0
 41
1.0
 42
3.0
 43
0.0
 44
2.5
 73
     0
 74
     0
 77
     1
140
3.5
147
1.5
172
     1
174
     1
178
     0
271
     0
272
     0
279
     2
340
18
341
27
342
27
  0
DIMSTYLE
105
8E34
102
{ACAD_REACTORS
330
C5606
330
C5603
330
C5608
330
C5607
330
C5605
330
C5602
330
C5604
330
C561B
330
C573C
330
C573A
330
C573B
330
C5740
330
C573E
330
C573F
330
C573D
330
C5784
330
C5785
330
CDC39
102
}
330
24
100
AcDbSymbolTableRecord
100
AcDbDimStyleTableRecord
  2
AXIS-G100
 70
     0
 41
1.0
 42
0.0
 43
0.0
 44
100.0
 73
     0
 74
     0
 77
     1
140
350.0
147
100.0
172
     1
173
     1
174
     1
271
     0
178
     7
271
     0
272
     0
279
     2
340
8E32
341
2E
342
2E
343
2E
344
2E
  0
DIMSTYLE
105
C6B8
330
24
100
AcDbSymbolTableRecord
100
AcDbDimStyleTableRecord
  2
NORMAL
 70
     0
 41
1.0
 42
0.0
 43
0.0
 44
100.0
 73
     0
 74
     0
 77
     1
140
350.0
147
100.0
172
     1
173
     1
174
     1
271
     0
178
     7
271
     0
272
     0
279
     2
340
8E32
341
2E
342
2E
343
2E
344
2E
  0
DIMSTYLE
105
ACA71
330
24
100
AcDbSymbolTableRecord
100
AcDbDimStyleTableRecord
  2
DM100
 70
     0
 40
0.0
 41
130.0
 43
2.0
 44
2.0
 73
     0
 74
     0
 77
     1
140
300.0
147
100.0
172
     1
173
     1
174
     1
176
     3
177
     3
271
     0
178
     3
271
     0
272
     0
279
     2
340
128A
341
27
343
27
344
27
  0
DIMSTYLE
105
B504A
330
24
100
AcDbSymbolTableRecord
100
AcDbDimStyleTableRecord
  2
axis
 70
     0
 41
120.0
 42
300.0
 43
0.0
 44
250.0
 73
     0
 74
     0
 77
     1
 78
     8
140
300.0
141
2.5
143
0.0394
147
150.0
171
     4
172
     1
174
     1
176
     3
177
     3
271
     0
178
     3
179
     1
271
     0
272
     0
273
     8
274
     4
279
     2
340
18
342
27
  0
DIMSTYLE
105
B504B
330
24
100
AcDbSymbolTableRecord
100
AcDbDimStyleTableRecord
  2
angl
 70
     0
 41
300.0
 42
300.0
 43
0.0
 44
250.0
 73
     0
 74
     0
 77
     1
 78
     8
140
300.0
141
2.5
143
0.0394
147
150.0
171
     4
172
     1
174
     1
271
     0
178
     7
179
     1
271
     0
272
     0
273
     8
274
     4
279
     2
340
18
  0
DIMSTYLE
105
B504C
330
24
100
AcDbSymbolTableRecord
100
AcDbDimStyleTableRecord
  2
dima
 70
     0
 41
300.0
 42
300.0
 43
0.0
 44
250.0
 73
     0
 74
     0
 75
     1
 77
     1
 78
     8
140
300.0
141
2.5
143
0.0394
147
150.0
171
     4
172
     1
174
     1
271
     0
178
     7
179
     1
271
     0
272
     0
273
     8
274
     4
279
     2
340
18
  0
DIMSTYLE
105
B504D
330
24
100
AcDbSymbolTableRecord
100
AcDbDimStyleTableRecord
  2
dimb
 70
     0
 41
300.0
 42
300.0
 43
0.0
 44
250.0
 73
     0
 74
     0
 75
     1
 76
     1
 77
     1
 78
     8
140
300.0
141
2.5
143
0.0394
147
150.0
171
     4
172
     1
174
     1
271
     0
178
     7
179
     1
271
     0
272
     0
273
     8
274
     4
279
     2
340
18
  0
DIMSTYLE
105
B5C94
330
24
100
AcDbSymbolTableRecord
100
AcDbDimStyleTableRecord
  2
100
 70
     0
 41
1.0
 42
300.0
 43
0.0
 44
250.0
 73
     0
 74
     0
 77
     1
140
250.0
147
150.0
172
     1
174
     1
271
     0
178
     7
179
     1
271
     0
272
     0
279
     2
340
B5049
341
2E
342
2E
  0
DIMSTYLE
105
B5C95
330
24
100
AcDbSymbolTableRecord
100
AcDbDimStyleTableRecord
  2
150
 70
     0
 40
1.5
 41
0.5
 42
100.0
 43
0.0
 44
150.0
 73
     0
 74
     0
 77
     1
140
250.0
147
150.0
172
     1
174
     1
271
     0
178
     7
179
     1
271
     0
272
     0
279
     2
340
B5049
341
2E
342
2E
  0
DIMSTYLE
105
B5C96
330
24
100
AcDbSymbolTableRecord
100
AcDbDimStyleTableRecord
  2
200
 70
     0
 40
2.0
 41
1.0
 42
300.0
 43
0.0
 44
250.0
 46
1.0
 73
     0
 74
     0
 77
     1
140
250.0
141
0.0
147
150.0
172
     1
174
     1
176
     3
177
     3
271
     0
178
     7
271
     0
272
     0
279
     2
340
128A
341
2E
342
2E
  0
DIMSTYLE
105
B7965
330
24
100
AcDbSymbolTableRecord
100
AcDbDimStyleTableRecord
  2
dim350
 70
     0
 41
100.0
 42
250.0
 43
0.0
 44
100.0
 46
100.0
 73
     0
 74
     0
 77
     1
140
350.0
141
0.0
147
100.0
172
     1
174
     1
176
     3
177
     3
271
     0
178
     7
271
     0
272
     0
279
     2
340
B7964
342
27
  0
DIMSTYLE
105
BA9BF
330
24
100
AcDbSymbolTableRecord
100
AcDbDimStyleTableRecord
  2
dimn
 70
     0
 41
1.0
 42
300.0
 43
0.0
 44
250.0
 73
     0
 74
     0
 77
     1
 78
     8
140
300.0
141
2.5
143
0.0394
147
150.0
171
     4
172
     1
174
     1
271
     0
178
     7
179
     1
271
     0
273
     8
279
     2
340
18
342
2E
  0
DIMSTYLE
105
BA9C0
330
24
100
AcDbSymbolTableRecord
100
AcDbDimStyleTableRecord
  2
STAN20
 70
     0
 40
0.2
 41
1.0
 42
100.0
 43
0.0
 44
300.0
 73
     0
 74
     0
 77
     1
140
350.0
141
0.0
147
100.0
172
     1
174
     1
178
     0
271
     0
272
     0
279
     2
340
18
341
BA9B9
342
BA9B9
  0
DIMSTYLE
105
BB787
330
24
100
AcDbSymbolTableRecord
100
AcDbDimStyleTableRecord
  2
环控标注
 70
     0
 41
100.0
 42
100.0
 43
0.0
 44
100.0
 45
10.0
 49
100.0
 50
90.0
 73
     0
 74
     0
 77
     1
 78
     1
140
350.0
141
0.0
146
5.0
147
50.0
171
     0
172
     1
174
     1
176
   256
177
   256
271
     0
178
     7
179
     1
271
     0
272
     0
274
     0
279
     2
284
     1
340
17073
341
2E
342
27
1001
ACAD_DSTYLE_DIMJOGGED_JOGANGLE_SYMBOL
1070
   384
1040
1.570796326794897
  0
DIMSTYLE
105
CE443
330
24
100
AcDbSymbolTableRecord
100
AcDbDimStyleTableRecord
  2
Copy of STANDARD
 70
     0
 41
150.0
 42
100.0
 43
0.0
 44
200.0
 73
     0
 77
     1
140
300.0
141
0.0
147
75.0
172
     1
173
     1
174
     1
176
     7
177
     7
271
     0
178
     7
179
     8
271
     0
272
     0
279
     2
340
CE441
341
BA9B9
343
27
344
27
  0
ENDTAB
  0
TABLE
  2
BLOCK_RECORD
  5
1
330
0
100
AcDbSymbolTable
 70
    75
  0
BLOCK_RECORD
  5
2
102
{ACAD_XDICTIONARY
360
3
102
}
330
1
100
AcDbSymbolTableRecord
100
AcDbBlockTableRecord
  2
*MODEL_SPACE
340
D
 70
     0
280
     1
281
     0
  0
BLOCK_RECORD
  5
F
102
{ACAD_XDICTIONARY
360
7161
102
}
330
1
100
AcDbSymbolTableRecord
100
AcDbBlockTableRecord
  2
*PAPER_SPACE
340
12
 70
     0
280
     1
281
     0
  0
BLOCK_RECORD
  5
710B
330
1
100
AcDbSymbolTableRecord
100
AcDbBlockTableRecord
  2
AR3_INFO
340
0
102
{BLKREFS
331
710A
331
7AF31
102
}
 70
     0
280
     1
281
     0
  0
BLOCK_RECORD
  5
2E
102
{ACAD_XDICTIONARY
360
2F
102
}
330
1
100
AcDbSymbolTableRecord
100
AcDbBlockTableRecord
  2
_DIMX
340
0
102
{BLKREFS
331
CD20F
331
CD210
331
CD218
331
CD219
331
CD221
331
CD222
331
CD22A
331
CD22B
331
CD235
331
CD236
331
CD240
331
CD241
331
CD249
331
CD24A
331
CD262
331
CD263
331
CD8C5
331
CD8C6
331
CD1B1
331
CD1B2
331
CD1BA
331
CD1BB
331
CD1C3
331
CD1C4
331
CD1CC
331
CD1CD
331
CD1D7
331
CD1D8
331
CD1E2
331
CD1E3
331
CD1EB
331
CD1EC
331
CD1F2
331
CD1F3
331
CDC59
331
CDC5A
102
}
 70
     0
280
     1
281
     0
  0
BLOCK_RECORD
  5
27
102
{ACAD_XDICTIONARY
360
28
102
}
330
1
100
AcDbSymbolTableRecord
100
AcDbBlockTableRecord
  2
_ArchTick
340
0
 70
     0
280
     1
281
     0
  0
BLOCK_RECORD
  5
70FF
330
1
100
AcDbSymbolTableRecord
100
AcDbBlockTableRecord
  2
AVE_RENDER
340
0
102
{BLKREFS
331
7109
331
7AF30
102
}
 70
     0
280
     1
281
     0
  0
BLOCK_RECORD
  5
138D
102
{ACAD_XDICTIONARY
360
138E
102
}
330
1
100
AcDbSymbolTableRecord
100
AcDbBlockTableRecord
  2
_axiso
340
0
102
{BLKREFS
331
C55F3
331
C55F6
331
C55F9
331
C55FC
331
C55FF
331
C560C
331
C560F
331
C5614
331
C5617
331
C5747
331
C574A
331
C574D
331
C5750
331
C5753
102
}
 70
     0
280
     1
281
     0
  0
BLOCK_RECORD
  5
5D39
330
1
100
AcDbSymbolTableRecord
100
AcDbBlockTableRecord
  2
RANGE
340
0
 70
     0
280
     1
281
     0
  0
BLOCK_RECORD
  5
6C38
330
1
100
AcDbSymbolTableRecord
100
AcDbBlockTableRecord
  2
A$C20E710E2
340
0
 70
     0
280
     1
281
     0
  0
BLOCK_RECORD
  5
62B8
330
1
100
AcDbSymbolTableRecord
100
AcDbBlockTableRecord
  2
LEAF
340
0
102
{BLKREFS
331
62D1
331
62D2
331
62D3
331
62D4
331
62D5
331
62D6
331
62D7
331
62D8
331
62D9
331
62DA
331
62DB
331
62DC
331
62DD
331
62DE
331
62DF
331
62E0
331
62E1
331
62E2
331
62E3
331
62E4
331
62E5
331
62E6
331
62E7
331
62E8
331
62E9
331
62EA
331
62EB
331
62EC
331
62ED
331
62EE
331
62EF
331
62F0
331
62F1
331
62F2
331
62F3
331
62F4
331
62F5
331
62F6
331
62F7
331
62F8
331
62F9
331
62FA
331
62FB
331
62FC
331
62FD
331
62FE
331
62FF
331
6300
331
6301
331
6302
331
6303
331
6304
331
6305
331
6306
331
6307
331
6308
331
6309
331
630A
331
630B
331
630C
331
630D
331
630E
331
630F
331
6310
331
6311
331
6312
331
6313
331
6314
331
6315
331
6316
331
6317
331
6318
331
6319
331
631A
331
631B
331
631C
331
631D
331
631E
331
631F
331
6320
331
6321
331
6322
331
6323
331
6324
331
6325
331
6326
331
6327
331
6328
331
6329
331
632A
331
632B
331
632C
331
632D
331
632E
331
632F
331
6330
331
6331
331
6332
331
6333
331
6334
331
6335
331
6336
331
6337
331
6338
331
6339
331
633A
331
633B
331
633C
331
633D
331
633E
331
633F
331
6340
331
6341
331
6342
331
6343
331
6344
331
6345
331
6346
331
6347
331
6348
331
6349
331
634A
331
634B
331
634C
331
634D
331
634E
331
634F
331
6350
331
6351
331
6352
331
6353
331
6354
331
6355
331
6356
331
6357
331
6358
331
6359
331
635A
331
635B
331
635C
331
635D
331
635E
331
635F
331
6360
331
6361
331
6362
331
6363
331
6364
331
6365
331
6366
331
6367
102
}
 70
     0
280
     1
281
     0
  0
BLOCK_RECORD
  5
5BB1
330
1
100
AcDbSymbolTableRecord
100
AcDbBlockTableRecord
  2
CW
340
0
102
{BLKREFS
331
5BB0
102
}
 70
     0
280
     1
281
     0
  0
BLOCK_RECORD
  5
5BAE
330
1
100
AcDbSymbolTableRecord
100
AcDbBlockTableRecord
  2
A$C3F7A1250
340
0
 70
     0
280
     1
281
     0
  0
BLOCK_RECORD
  5
62CF
330
1
100
AcDbSymbolTableRecord
100
AcDbBlockTableRecord
  2
*E10
340
0
 70
     0
280
     1
281
     0
  0
BLOCK_RECORD
  5
57D7
102
{ACAD_XDICTIONARY
360
CD79F
102
}
330
1
100
AcDbSymbolTableRecord
100
AcDbBlockTableRecord
  2
A$C62AE10F8
340
0
102
{BLKREFS
331
C5629
331
C56A0
331
C56A1
331
C56A2
331
C56A6
331
C56BB
331
C56BC
331
C56BD
102
}
 70
     0
280
     1
281
     0
1001
AcDbDynamicBlockGUID
1000
{5A6D1DCB-4063-4F27-8325-E264296A097E}
1001
AcDbBlockRepETag
1070
     1
1071
        5
  0
BLOCK_RECORD
  5
CB2
330
1
100
AcDbSymbolTableRecord
100
AcDbBlockTableRecord
  2
_ARROW
340
0
102
{BLKREFS
331
C5759
331
C5AE7
331
C5AEA
331
C5AED
331
C5AF0
331
C5AFA
331
C5AFD
331
C5B00
331
C5B03
331
C5B31
331
C5B33
102
}
 70
     0
280
     1
281
     0
1001
AcDbDynamicBlockGUID
1000
{154CA1DC-9843-4659-A905-03314FD6A8E3}
1001
AcDbBlockRepETag
1070
     1
1071
        1
  0
BLOCK_RECORD
  5
46
330
1
100
AcDbSymbolTableRecord
100
AcDbBlockTableRecord
  2
_FZHK
340
0
 70
     0
280
     1
281
     0
1001
AcDbDynamicBlockGUID
1000
{EC7246B6-5D82-4505-9E33-E50AB7849771}
1001
AcDbBlockRepETag
1070
     1
1071
        1
  0
BLOCK_RECORD
  5
C6AD
330
1
100
AcDbSymbolTableRecord
100
AcDbBlockTableRecord
  2
_DBLK1
340
0
 70
     0
280
     1
281
     0
  0
BLOCK_RECORD
  5
C6C2
330
1
100
AcDbSymbolTableRecord
100
AcDbBlockTableRecord
  2
_DBLK
340
0
 70
     0
280
     1
281
     0
  0
BLOCK_RECORD
  5
E6D4
330
1
100
AcDbSymbolTableRecord
100
AcDbBlockTableRecord
  2
_WBLK
340
0
 70
     0
280
     1
281
     0
  0
BLOCK_RECORD
  5
11938
330
1
100
AcDbSymbolTableRecord
100
AcDbBlockTableRecord
  2
_SECTION
340
0
102
{BLKREFS
331
C5881
331
C5884
331
C5887
331
C588A
102
}
 70
     0
280
     1
281
     0
  0
BLOCK_RECORD
  5
145EF
330
1
100
AcDbSymbolTableRecord
100
AcDbBlockTableRecord
  2
_NORTH
340
0
102
{BLKREFS
331
C5A06
102
}
 70
     0
280
     1
281
     0
  0
BLOCK_RECORD
  5
17057
330
1
100
AcDbSymbolTableRecord
100
AcDbBlockTableRecord
  0
BLOCK_RECORD
  5
19C2D
330
1
100
AcDbSymbolTableRecord
100
AcDbBlockTableRecord
  2
_LV1
340
0
 70
     0
280
     1
281
     0
  0
BLOCK_RECORD
  5
19C5E
330
1
100
AcDbSymbolTableRecord
100
AcDbBlockTableRecord
  2
_LV12
340
0
 70
     0
280
     1
281
     0
  0
BLOCK_RECORD
  5
19CDA
330
1
100
AcDbSymbolTableRecord
100
AcDbBlockTableRecord
  2
_LV5
340
0
 70
     0
280
     1
281
     0
  0
BLOCK_RECORD
  5
19D09
330
1
100
AcDbSymbolTableRecord
100
AcDbBlockTableRecord
  2
_LV7
340
0
 70
     0
280
     1
281
     0
  0
BLOCK_RECORD
  5
217FD
330
1
100
AcDbSymbolTableRecord
100
AcDbBlockTableRecord
  2
_GCBLK
340
0
 70
     0
280
     1
281
     0
  0
BLOCK_RECORD
  5
3AE6A
330
1
100
AcDbSymbolTableRecord
100
AcDbBlockTableRecord
  2
1CC
340
0
 70
     0
280
     1
281
     0
  0
BLOCK_RECORD
  5
43C81
330
1
100
AcDbSymbolTableRecord
100
AcDbBlockTableRecord
  2
_CLOSED
340
0
 70
     0
280
     1
281
     0
  0
BLOCK_RECORD
  5
525DF
330
1
100
AcDbSymbolTableRecord
100
AcDbBlockTableRecord
  2
M_A1SFU
340
0
 70
     0
280
     1
281
     0
  0
BLOCK_RECORD
  5
53580
330
1
100
AcDbSymbolTableRecord
100
AcDbBlockTableRecord
  2
_LV6
340
0
 70
     0
280
     1
281
     0
  0
BLOCK_RECORD
  5
AC9C8
330
1
100
AcDbSymbolTableRecord
100
AcDbBlockTableRecord
  2
fyg
340
0
310
2800000020000000200000000100080000000000000400000000000000000000000000000000000000000000000080000080000000808000800000008000800080800000C0C0C000C0DCC000F0CAA6000020400000206000002080000020A0000020C0000020E00000400000004020000040400000406000004080000040A0
310
000040C0000040E00000600000006020000060400000606000006080000060A0000060C0000060E00000800000008020000080400000806000008080000080A0000080C0000080E00000A0000000A0200000A0400000A0600000A0800000A0A00000A0C00000A0E00000C0000000C0200000C0400000C0600000C0800000C0
310
A00000C0C00000C0E00000E0000000E0200000E0400000E0600000E0800000E0A00000E0C00000E0E00040000000400020004000400040006000400080004000A0004000C0004000E00040200000402020004020400040206000402080004020A0004020C0004020E000404000004040200040404000404060004040800040
310
40A0004040C0004040E00040600000406020004060400040606000406080004060A0004060C0004060E00040800000408020004080400040806000408080004080A0004080C0004080E00040A0000040A0200040A0400040A0600040A0800040A0A00040A0C00040A0E00040C0000040C0200040C0400040C0600040C08000
310
40C0A00040C0C00040C0E00040E0000040E0200040E0400040E0600040E0800040E0A00040E0C00040E0E00080000000800020008000400080006000800080008000A0008000C0008000E00080200000802020008020400080206000802080008020A0008020C0008020E00080400000804020008040400080406000804080
310
008040A0008040C0008040E00080600000806020008060400080606000806080008060A0008060C0008060E00080800000808020008080400080806000808080008080A0008080C0008080E00080A0000080A0200080A0400080A0600080A0800080A0A00080A0C00080A0E00080C0000080C0200080C0400080C0600080C0
310
800080C0A00080C0C00080C0E00080E0000080E0200080E0400080E0600080E0800080E0A00080E0C00080E0E000C0000000C0002000C0004000C0006000C0008000C000A000C000C000C000E000C0200000C0202000C0204000C0206000C0208000C020A000C020C000C020E000C0400000C0402000C0404000C0406000C0
310
408000C040A000C040C000C040E000C0600000C0602000C0604000C0606000C0608000C060A000C060C000C060E000C0800000C0802000C0804000C0806000C0808000C080A000C080C000C080E000C0A00000C0A02000C0A04000C0A06000C0A08000C0A0A000C0A0C000C0A0E000C0C00000C0C02000C0C04000C0C06000
310
C0C08000C0C0A000F0FBFF00A4A0A000808080000000FF0000FF000000FFFF00FF000000FF00FF00FFFF0000FFFFFF00000000000000000000000000000000000000000000000000000000000000000000F9F9F9F9F9F9F9F9F9F9F9F9F9F9F9F9F9F9F9F9F9F9F9F9F9F9F9F9F9F90000F900000000000000000000000000
310
000000000000000000000000000000F90000F900000000000000000000000000000000000000000000000000000000F90000F9000000000000000000F9000000000000000000000000000000000000F90000F900000000000000000000F90000000000000000000000000000000000F90000F90000000000000000000000F9
310
00000000000000000000000000000000F90000F9000000000000000000000000F9F90000000000000000000000000000F90000F90000000000000000000000000000F900000000000000000000000000F90000F9000000000000000000000000000000F9000000000000000000000000F90000F90000000000000000000000
310
0000000000F90000000000000000000000F90000F90000000000000000000000000000000000F900000000000000000000F90000F900000000000000000000000000000000F90000000000000000000000F90000F9000000000000000000000000000000F9000000000000000000000000F90000F900000000000000000000
310
00000000F900000000000000000000000000F90000F9000000000000000000000000F9F90000000000000000000000000000F90000F90000000000000000000000F900000000000000000000000000000000F90000F900000000000000000000F90000000000000000000000000000000000F90000F9000000000000000000
310
F9000000000000000000000000000000000000F90000F90000000000000000F900000000000000000000000000000000000000F90000F9000000000000000000F9000000000000000000000000000000000000F90000F900000000000000000000F90000000000000000000000000000000000F90000F90000000000000000
310
000000F9F9000000000000000000000000000000F90000F900000000000000000000000000F90000000000000000000000000000F90000F90000000000000000000000000000F900000000000000000000000000F90000F9000000000000000000000000000000F9000000000000000000000000F90000F900000000000000
310
000000000000000000F90000000000000000000000F90000F900000000000000000000000000000000000000000000000000000000F90000F900000000000000000000000000000000000000000000000000000000F90000F900000000000000000000000000000000000000000000000000000000F90000F9F9F9F9F9F9F9
310
F9F9F9F9F9F9F9F9F9F9F9F9F9F9F9F9F9F9F9F9F9F9F9000000000000000000000000000000000000000000000000000000000000000000
102
{BLKREFS
331
C6E0F
331
C6E11
331
C6E13
331
C6E15
331
C6E17
331
C6E19
331
C6E1B
331
C6E1D
331
C6E1F
331
C6E21
331
C6E23
331
C6E25
102
}
 70
     0
280
     1
281
     0
  0
BLOCK_RECORD
  5
AC9CF
330
1
100
AcDbSymbolTableRecord
100
AcDbBlockTableRecord
  2
4100u
340
0
310
2800000020000000200000000100080000000000000400000000000000000000000000000000000000000000000080000080000000808000800000008000800080800000C0C0C000C0DCC000F0CAA6000020400000206000002080000020A0000020C0000020E00000400000004020000040400000406000004080000040A0
310
000040C0000040E00000600000006020000060400000606000006080000060A0000060C0000060E00000800000008020000080400000806000008080000080A0000080C0000080E00000A0000000A0200000A0400000A0600000A0800000A0A00000A0C00000A0E00000C0000000C0200000C0400000C0600000C0800000C0
310
A00000C0C00000C0E00000E0000000E0200000E0400000E0600000E0800000E0A00000E0C00000E0E00040000000400020004000400040006000400080004000A0004000C0004000E00040200000402020004020400040206000402080004020A0004020C0004020E000404000004040200040404000404060004040800040
310
40A0004040C0004040E00040600000406020004060400040606000406080004060A0004060C0004060E00040800000408020004080400040806000408080004080A0004080C0004080E00040A0000040A0200040A0400040A0600040A0800040A0A00040A0C00040A0E00040C0000040C0200040C0400040C0600040C08000
310
40C0A00040C0C00040C0E00040E0000040E0200040E0400040E0600040E0800040E0A00040E0C00040E0E00080000000800020008000400080006000800080008000A0008000C0008000E00080200000802020008020400080206000802080008020A0008020C0008020E00080400000804020008040400080406000804080
310
008040A0008040C0008040E00080600000806020008060400080606000806080008060A0008060C0008060E00080800000808020008080400080806000808080008080A0008080C0008080E00080A0000080A0200080A0400080A0600080A0800080A0A00080A0C00080A0E00080C0000080C0200080C0400080C0600080C0
310
800080C0A00080C0C00080C0E00080E0000080E0200080E0400080E0600080E0800080E0A00080E0C00080E0E000C0000000C0002000C0004000C0006000C0008000C000A000C000C000C000E000C0200000C0202000C0204000C0206000C0208000C020A000C020C000C020E000C0400000C0402000C0404000C0406000C0
310
408000C040A000C040C000C040E000C0600000C0602000C0604000C0606000C0608000C060A000C060C000C060E000C0800000C0802000C0804000C0806000C0808000C080A000C080C000C080E000C0A00000C0A02000C0A04000C0A06000C0A08000C0A0A000C0A0C000C0A0E000C0C00000C0C02000C0C04000C0C06000
310
C0C08000C0C0A000F0FBFF00A4A0A000808080000000FF0000FF000000FFFF00FF000000FF00FF00FFFF0000FFFFFF0000000000000000000000000000000000000000000000000000000000000000000000000000000000000000000000000000000000000000000000000000000000000000000000000000000000000000
310
00000000000000000000000000000000000000000000000000000000000000000000000000000000000000000000000000000000000000000000000000000000000000000000000000000000000000000000000000000000000000000000000000000000000000000000000000000000000000000000000000000000000000
310
000000000000000000000000000000000000000000000000000000000000000000000000000000000000000000000000000000F9F9F9F9F9F9F9F9F9F9F9F9F9F9F9F9F9F9F9F9F9F9F9F9F9F9F9F9F9F90000F900000000000000000000000000000000000000000000000000000000F90000F90000000000000000000000
310
0000000000000000000000000000000000F90000F900000000000000000000000000000000000000000000000000000000F90000F90000000000FA0000FAFA0000FAFA0000FAFA0000FAFAFA0000000000F90000F90000000000FA000000FA00FA0000FAFA0000FAFA000000FA00000000F90000F9000000FAFAFAFA0000FA
310
00FA0000FAFA0000FAFA000000FA00000000F90000F9000000FA00FA000000FA00FA0000FAFA0000FAFA000000FA00000000F90000F900000000FAFA000000FA00FA0000FAFA0000FAFA000000FA00000000F90000F900000000FAFA000000FA00FA0000FAFA0000FAFA000000FA00000000F90000F90000000000FA0000FA
310
FA00FA0000FAFA0000FAFA000000FA00000000F90000F90000000000FA000000FA0000FAFA0000FAFA00FA000000FA00000000F90000F900000000000000000000000000000000000000000000000000000000F90000F900000000000000000000000000000000000000000000000000000000F90000F90000000000000000
310
0000000000000000000000000000000000000000F90000F9F9F9F9F9F9F9F9F9F9F9F9F9F9F9F9F9F9F9F9F9F9F9F9F9F9F9F9F9F90000000000000000000000000000000000000000000000000000000000000000000000000000000000000000000000000000000000000000000000000000000000000000000000000000
310
00000000000000000000000000000000000000000000000000000000000000000000000000000000000000000000000000000000000000000000000000000000000000000000000000000000000000000000000000000000000000000000000000000000000000000000000000000000000000000000000000000000000000
310
0000000000000000000000000000000000000000000000000000000000000000000000000000000000000000000000000000000000000000
 70
     0
280
     1
281
     0
  0
BLOCK_RECORD
  5
AC9D4
330
1
100
AcDbSymbolTableRecord
100
AcDbBlockTableRecord
  2
YI
340
0
310
2800000020000000200000000100080000000000000400000000000000000000000000000000000000000000000080000080000000808000800000008000800080800000C0C0C000C0DCC000F0CAA6000020400000206000002080000020A0000020C0000020E00000400000004020000040400000406000004080000040A0
310
000040C0000040E00000600000006020000060400000606000006080000060A0000060C0000060E00000800000008020000080400000806000008080000080A0000080C0000080E00000A0000000A0200000A0400000A0600000A0800000A0A00000A0C00000A0E00000C0000000C0200000C0400000C0600000C0800000C0
310
A00000C0C00000C0E00000E0000000E0200000E0400000E0600000E0800000E0A00000E0C00000E0E00040000000400020004000400040006000400080004000A0004000C0004000E00040200000402020004020400040206000402080004020A0004020C0004020E000404000004040200040404000404060004040800040
310
40A0004040C0004040E00040600000406020004060400040606000406080004060A0004060C0004060E00040800000408020004080400040806000408080004080A0004080C0004080E00040A0000040A0200040A0400040A0600040A0800040A0A00040A0C00040A0E00040C0000040C0200040C0400040C0600040C08000
310
40C0A00040C0C00040C0E00040E0000040E0200040E0400040E0600040E0800040E0A00040E0C00040E0E00080000000800020008000400080006000800080008000A0008000C0008000E00080200000802020008020400080206000802080008020A0008020C0008020E00080400000804020008040400080406000804080
310
008040A0008040C0008040E00080600000806020008060400080606000806080008060A0008060C0008060E00080800000808020008080400080806000808080008080A0008080C0008080E00080A0000080A0200080A0400080A0600080A0800080A0A00080A0C00080A0E00080C0000080C0200080C0400080C0600080C0
310
800080C0A00080C0C00080C0E00080E0000080E0200080E0400080E0600080E0800080E0A00080E0C00080E0E000C0000000C0002000C0004000C0006000C0008000C000A000C000C000C000E000C0200000C0202000C0204000C0206000C0208000C020A000C020C000C020E000C0400000C0402000C0404000C0406000C0
310
408000C040A000C040C000C040E000C0600000C0602000C0604000C0606000C0608000C060A000C060C000C060E000C0800000C0802000C0804000C0806000C0808000C080A000C080C000C080E000C0A00000C0A02000C0A04000C0A06000C0A08000C0A0A000C0A0C000C0A0E000C0C00000C0C02000C0C04000C0C06000
310
C0C08000C0C0A000F0FBFF00A4A0A000808080000000FF0000FF000000FFFF00FF000000FF00FF00FFFF0000FFFFFF00000000000000000000000000000000000000000000000000000000000000000000000000000000000000000000000000FD000000000000000000000000000000000000000000000000000000000000
310
FD00FD00000000000000000000000000000000000000000000000000000000FD000000FD000000000000000000000000000000000000000000000000000000FD00FF0000FDFD000000000000000000000000000000000000000000000000FD00FF0000000000FD00000000000000000000000000000000000000000000FD00
310
FF00FF0000000000FD0000000000000000000000000000000000000000FD0000000000FFFF00000000FD00000000000000000000000000000000000000FD00000000000000FF00000000FD0000000000000000000000000000000000FD000000000000000000FF00000000FDFD0000000000000000000000000000FD000000
310
FFFFFFFF00000000FF0000000000FD000000000000000000000000FD000000FF00FFFFFFFF00000000FF0000000000FD00000000000000000000FD000000FF00FF00FF00FF0000000000FFFF00000000FD000000000000000000FD000000FF00FF00FFFFFF00000000000000FF00FFFD000000000000000000FD0000000000
310
FFFFFFFF00FF0000000000000000FFFD000000000000000000FD000000000000FFFF00FFFF0000000000000000FF00FD0000000000000000FD0000FF000000000000FF0000000000000000000000FD000000000000000000FD000000FF00000000000000000000000000000000FD000000000000000000FD0000000000FFFF
310
00000000000000000000000000FD000000000000000000FD0000000000000000FF000000FFFF00000000000000FD00000000000000000000FD0000000000000000FF00FFFF00FFFFFF000000FD000000000000000000000000FD0000000000000000FF0000000000000000FD0000000000000000000000000000FDFD000000
310
0000FF0000000000000000FD0000000000000000000000000000000000FD00000000FF00000000000000FD00000000000000000000000000000000000000FD000000FF00000000000000FD0000000000000000000000000000000000000000FD0000FF000000000000FD000000000000000000000000000000000000000000
310
00FD0000FF00000000FD000000000000000000000000000000000000000000000000FDFDFF000000FD000000000000000000000000000000000000000000000000000000FD000000FD00000000000000000000000000000000000000000000000000000000FD00FD0000000000000000000000000000000000000000000000
310
00000000000000FD000000000000000000000000000000000000000000000000000000000000000000000000000000000000000000000000
102
{BLKREFS
331
C6E32
331
C6E34
102
}
 70
     0
280
     1
281
     0
  0
BLOCK_RECORD
  5
AC9DD
330
1
100
AcDbSymbolTableRecord
100
AcDbBlockTableRecord
  2
SXHS
340
0
 70
     0
280
     1
281
     0
  0
BLOCK_RECORD
  5
AC9EA
330
1
100
AcDbSymbolTableRecord
100
AcDbBlockTableRecord
  2
fwg
340
0
310
2800000020000000200000000100080000000000000400000000000000000000000000000000000000000000000080000080000000808000800000008000800080800000C0C0C000C0DCC000F0CAA6000020400000206000002080000020A0000020C0000020E00000400000004020000040400000406000004080000040A0
310
000040C0000040E00000600000006020000060400000606000006080000060A0000060C0000060E00000800000008020000080400000806000008080000080A0000080C0000080E00000A0000000A0200000A0400000A0600000A0800000A0A00000A0C00000A0E00000C0000000C0200000C0400000C0600000C0800000C0
310
A00000C0C00000C0E00000E0000000E0200000E0400000E0600000E0800000E0A00000E0C00000E0E00040000000400020004000400040006000400080004000A0004000C0004000E00040200000402020004020400040206000402080004020A0004020C0004020E000404000004040200040404000404060004040800040
310
40A0004040C0004040E00040600000406020004060400040606000406080004060A0004060C0004060E00040800000408020004080400040806000408080004080A0004080C0004080E00040A0000040A0200040A0400040A0600040A0800040A0A00040A0C00040A0E00040C0000040C0200040C0400040C0600040C08000
310
40C0A00040C0C00040C0E00040E0000040E0200040E0400040E0600040E0800040E0A00040E0C00040E0E00080000000800020008000400080006000800080008000A0008000C0008000E00080200000802020008020400080206000802080008020A0008020C0008020E00080400000804020008040400080406000804080
310
008040A0008040C0008040E00080600000806020008060400080606000806080008060A0008060C0008060E00080800000808020008080400080806000808080008080A0008080C0008080E00080A0000080A0200080A0400080A0600080A0800080A0A00080A0C00080A0E00080C0000080C0200080C0400080C0600080C0
310
800080C0A00080C0C00080C0E00080E0000080E0200080E0400080E0600080E0800080E0A00080E0C00080E0E000C0000000C0002000C0004000C0006000C0008000C000A000C000C000C000E000C0200000C0202000C0204000C0206000C0208000C020A000C020C000C020E000C0400000C0402000C0404000C0406000C0
310
408000C040A000C040C000C040E000C0600000C0602000C0604000C0606000C0608000C060A000C060C000C060E000C0800000C0802000C0804000C0806000C0808000C080A000C080C000C080E000C0A00000C0A02000C0A04000C0A06000C0A08000C0A0A000C0A0C000C0A0E000C0C00000C0C02000C0C04000C0C06000
310
C0C08000C0C0A000F0FBFF00A4A0A000808080000000FF0000FF000000FFFF00FF000000FF00FF00FFFF0000FFFFFF00000000000000000000000000000000000000000000000000000000000000000000F9F9F9F9F9F9F9F9F9F9F9F9F9F9F9F9F9F9F9F9F9F9F9F9F9F9F9F9F9F90000F900000000000000000000000000
310
000000000000000000000000000000F90000F900000000000000000000000000000000000000000000000000000000F90000F900000000000000000000000000000000000000000000000000000000F90000F900000000000000000000000000000000000000000000000000000000F90000F9000000000000000000000000
310
00000000000000000000000000000000F90000F900000000000000000000000000000000000000000000000000000000F90000F900000000000000000000000000000000000000000000000000000000F90000F9000000000000000000000000F9F9F9F9000000000000000000000000F90000F90000000000000000000000
310
00F9F9F9F9F90000000000000000000000F90000F9000000000000000000000000F9F9F9F9F90000000000000000000000F90000F9000000000000000000000000F9F9F9F9000000000000000000000000F90000F900000000000000000000000000F9F900000000000000000000000000F90000F900000000000000000000
310
000000F90000000000000000000000000000F90000F900000000000000000000000000F90000000000000000000000000000F90000F900000000000000000000000000F90000000000000000000000000000F90000F900000000000000000000000000F90000000000000000000000000000F90000F9000000000000000000
310
00000000F90000000000000000000000000000F90000F900000000000000000000000000F90000000000000000000000000000F90000F900000000000000000000000000F90000000000000000000000000000F90000F900000000000000000000000000F90000000000000000000000000000F90000F90000000000000000
310
0000000000F90000000000000000000000000000F90000F900000000000000000000000000F90000000000000000000000000000F90000F900000000000000000000000000F90000000000000000000000000000F90000F900000000000000000000000000F90000000000000000000000000000F90000F900000000000000
310
000000000000F90000000000000000000000000000F90000F900000000000000000000000000000000000000000000000000000000F90000F900000000000000000000000000000000000000000000000000000000F90000F900000000000000000000000000000000000000000000000000000000F90000F9F9F9F9F9F9F9
310
F9F9F9F9F9F9F9F9F9F9F9F9F9F9F9F9F9F9F9F9F9F9F9000000000000000000000000000000000000000000000000000000000000000000
 70
     0
280
     1
281
     0
  0
BLOCK_RECORD
  5
AC9F1
330
1
100
AcDbSymbolTableRecord
100
AcDbBlockTableRecord
  2
da
340
0
310
2800000020000000200000000100080000000000000400000000000000000000000000000000000000000000000080000080000000808000800000008000800080800000C0C0C000C0DCC000F0CAA6000020400000206000002080000020A0000020C0000020E00000400000004020000040400000406000004080000040A0
310
000040C0000040E00000600000006020000060400000606000006080000060A0000060C0000060E00000800000008020000080400000806000008080000080A0000080C0000080E00000A0000000A0200000A0400000A0600000A0800000A0A00000A0C00000A0E00000C0000000C0200000C0400000C0600000C0800000C0
310
A00000C0C00000C0E00000E0000000E0200000E0400000E0600000E0800000E0A00000E0C00000E0E00040000000400020004000400040006000400080004000A0004000C0004000E00040200000402020004020400040206000402080004020A0004020C0004020E000404000004040200040404000404060004040800040
310
40A0004040C0004040E00040600000406020004060400040606000406080004060A0004060C0004060E00040800000408020004080400040806000408080004080A0004080C0004080E00040A0000040A0200040A0400040A0600040A0800040A0A00040A0C00040A0E00040C0000040C0200040C0400040C0600040C08000
310
40C0A00040C0C00040C0E00040E0000040E0200040E0400040E0600040E0800040E0A00040E0C00040E0E00080000000800020008000400080006000800080008000A0008000C0008000E00080200000802020008020400080206000802080008020A0008020C0008020E00080400000804020008040400080406000804080
310
008040A0008040C0008040E00080600000806020008060400080606000806080008060A0008060C0008060E00080800000808020008080400080806000808080008080A0008080C0008080E00080A0000080A0200080A0400080A0600080A0800080A0A00080A0C00080A0E00080C0000080C0200080C0400080C0600080C0
310
800080C0A00080C0C00080C0E00080E0000080E0200080E0400080E0600080E0800080E0A00080E0C00080E0E000C0000000C0002000C0004000C0006000C0008000C000A000C000C000C000E000C0200000C0202000C0204000C0206000C0208000C020A000C020C000C020E000C0400000C0402000C0404000C0406000C0
310
408000C040A000C040C000C040E000C0600000C0602000C0604000C0606000C0608000C060A000C060C000C060E000C0800000C0802000C0804000C0806000C0808000C080A000C080C000C080E000C0A00000C0A02000C0A04000C0A06000C0A08000C0A0A000C0A0C000C0A0E000C0C00000C0C02000C0C04000C0C06000
310
C0C08000C0C0A000F0FBFF00A4A0A000808080000000FF0000FF000000FFFF00FF000000FF00FF00FFFF0000FFFFFF000000000000000000000000000000000000000000000000000000000000000000000000000000000000000000F9F9F9F9F9F9F9F9000000000000000000000000000000000000000000000000F9F9F9
310
F9F9F9F9F9000000000000000000000000000000000000000000000000F9F900000000F9F9000000000000000000000000000000000000000000000000F9F900000000F9F9000000000000000000000000000000000000000000000000F9F900000000F9F9000000000000000000000000000000000000000000000000F9F9
310
00000000F9F9000000000000000000000000000000000000000000000000F9F900000000F9F9000000000000000000000000000000000000000000000000F9090000000009F900000000000000000000000000000000000000000000000009F909000009F909000000000000000000000000000000000000000000000000F9
310
090909090909F9000000000000000000000000000000000000000000000000F9F909090909F9F9000000000000000000000000000000000000000000000000F9F900090900F9F9000000000000000000000000000000000000000000000000F9F909090909F9F9000000000000000000000000000000000000000000000000
310
F9090909090909F90000000000000000000000000000000000000000000000000909000909000909000000000000000000000000000000000000000000000000F9F900090900F9F9000000000000000000000000000000000000000000000000F9F900090900F9F90000000000000000000000000000000000000000000000
310
00F9F900090900F9F9000000000000000000000000000000000000000000000000F9F900090900F9F9000000000000000000000000000000000000000000000000F9F900090900F9F9000000000000000000000000000000000000000000000000F9F900090900F9F900000000000000000000000000000000000000000000
310
0000F9F900090900F9F9000000000000000000000000000000000000000000000000F9F9F90909F9F9F9000000000000000000000000000000000000000000000000F9F9F90909F9F9F90000000000000000000000000000000000000000000000000000000909000000000000000000000000000000000000000000000000
310
00000000000009090000000000000000000000000000000000000000000000000000000000090909090000000000000000000000000000000000000000000000000000000009090909000000000000000000000000000000000000000000000000000000000909090900000000000000000000000000000000000000000000
310
0000000000000009090000000000000000000000000000000000000000000000000000000000000000000000000000000000000000000000
 70
     0
280
     1
281
     0
  0
BLOCK_RECORD
  5
AC9FC
330
1
100
AcDbSymbolTableRecord
100
AcDbBlockTableRecord
  2
s
340
0
310
2800000020000000200000000100080000000000000400000000000000000000000000000000000000000000000080000080000000808000800000008000800080800000C0C0C000C0DCC000F0CAA6000020400000206000002080000020A0000020C0000020E00000400000004020000040400000406000004080000040A0
310
000040C0000040E00000600000006020000060400000606000006080000060A0000060C0000060E00000800000008020000080400000806000008080000080A0000080C0000080E00000A0000000A0200000A0400000A0600000A0800000A0A00000A0C00000A0E00000C0000000C0200000C0400000C0600000C0800000C0
310
A00000C0C00000C0E00000E0000000E0200000E0400000E0600000E0800000E0A00000E0C00000E0E00040000000400020004000400040006000400080004000A0004000C0004000E00040200000402020004020400040206000402080004020A0004020C0004020E000404000004040200040404000404060004040800040
310
40A0004040C0004040E00040600000406020004060400040606000406080004060A0004060C0004060E00040800000408020004080400040806000408080004080A0004080C0004080E00040A0000040A0200040A0400040A0600040A0800040A0A00040A0C00040A0E00040C0000040C0200040C0400040C0600040C08000
310
40C0A00040C0C00040C0E00040E0000040E0200040E0400040E0600040E0800040E0A00040E0C00040E0E00080000000800020008000400080006000800080008000A0008000C0008000E00080200000802020008020400080206000802080008020A0008020C0008020E00080400000804020008040400080406000804080
310
008040A0008040C0008040E00080600000806020008060400080606000806080008060A0008060C0008060E00080800000808020008080400080806000808080008080A0008080C0008080E00080A0000080A0200080A0400080A0600080A0800080A0A00080A0C00080A0E00080C0000080C0200080C0400080C0600080C0
310
800080C0A00080C0C00080C0E00080E0000080E0200080E0400080E0600080E0800080E0A00080E0C00080E0E000C0000000C0002000C0004000C0006000C0008000C000A000C000C000C000E000C0200000C0202000C0204000C0206000C0208000C020A000C020C000C020E000C0400000C0402000C0404000C0406000C0
310
408000C040A000C040C000C040E000C0600000C0602000C0604000C0606000C0608000C060A000C060C000C060E000C0800000C0802000C0804000C0806000C0808000C080A000C080C000C080E000C0A00000C0A02000C0A04000C0A06000C0A08000C0A0A000C0A0C000C0A0E000C0C00000C0C02000C0C04000C0C06000
310
C0C08000C0C0A000F0FBFF00A4A0A000808080000000FF0000FF000000FFFF00FF000000FF00FF00FFFF0000FFFFFF00000000000000000000000000000000000000000000000000000000000000000000F9F9F9F9F9F9F9F9F9F9F9F9F9F9F9F9F9F9F9F9F9F9F9F9F9F9F9F9F9F90000F900000000000000000000000000
310
0000000000000000000000000000F900000000F90000000000000000000000000000000000000000000000000000F900000000F900000000000000000000000000000000000000000000000000F9000000000000F9000000000000000000FFFFFF000000000000000000000000F9000000000000F90000000000000000FF00
310
0000FFFF000000000000000000F90000000000000000F9000000000000FF000000000000FF0000000000000000F90000000000000000F900000000000000000000000000FF00000000000000F900000000000000000000F9000000000000000000000000FF00000000000000F900000000000000000000F900000000000000
310
00000000FF00000000000000F9000000000000000000000000F90000000000000000FFFF0000000000000000F9000000000000000000000000F9000000000000FFFF000000000000000000F90000000000000000000000000000F900000000FF0000000000000000000000F90000000000000000000000000000F9000000FF
310
0000000000000000000000F900000000000000000000000000000000F90000FF0000000000000000000000F900000000000000000000000000000000F90000FF000000000000FF000000F9000000000000000000000000000000000000F90000FFFFFFFFFFFF00000000F9000000000000000000000000000000000000F900
310
00000000000000000000F90000000000000000000000000000000000000000F900000000000000000000F90000000000000000000000000000000000000000F9000000000000000000F900000000000000000000000000000000000000000000F90000000000000000F9000000000000000000000000000000000000000000
310
00F900000000000000F9000000000000000000000000000000000000000000000000F9000000000000F9000000000000000000000000000000000000000000000000F90000000000F90000000000000000000000000000000000000000000000000000F900000000F900000000000000000000000000000000000000000000
310
00000000F9000000F900000000000000000000000000000000000000000000000000000000F90000F900000000000000000000000000000000000000000000000000000000F900F9000000000000000000000000000000000000000000000000000000000000F9F90000000000000000000000000000000000000000000000
310
00000000000000F9000000000000000000000000000000000000000000000000000000000000000000000000000000000000000000000000
 70
     0
280
     1
281
     0
  0
BLOCK_RECORD
  5
ACA03
330
1
100
AcDbSymbolTableRecord
100
AcDbBlockTableRecord
  2
f
340
0
310
2800000020000000200000000100080000000000000400000000000000000000000000000000000000000000000080000080000000808000800000008000800080800000C0C0C000C0DCC000F0CAA6000020400000206000002080000020A0000020C0000020E00000400000004020000040400000406000004080000040A0
310
000040C0000040E00000600000006020000060400000606000006080000060A0000060C0000060E00000800000008020000080400000806000008080000080A0000080C0000080E00000A0000000A0200000A0400000A0600000A0800000A0A00000A0C00000A0E00000C0000000C0200000C0400000C0600000C0800000C0
310
A00000C0C00000C0E00000E0000000E0200000E0400000E0600000E0800000E0A00000E0C00000E0E00040000000400020004000400040006000400080004000A0004000C0004000E00040200000402020004020400040206000402080004020A0004020C0004020E000404000004040200040404000404060004040800040
310
40A0004040C0004040E00040600000406020004060400040606000406080004060A0004060C0004060E00040800000408020004080400040806000408080004080A0004080C0004080E00040A0000040A0200040A0400040A0600040A0800040A0A00040A0C00040A0E00040C0000040C0200040C0400040C0600040C08000
310
40C0A00040C0C00040C0E00040E0000040E0200040E0400040E0600040E0800040E0A00040E0C00040E0E00080000000800020008000400080006000800080008000A0008000C0008000E00080200000802020008020400080206000802080008020A0008020C0008020E00080400000804020008040400080406000804080
310
008040A0008040C0008040E00080600000806020008060400080606000806080008060A0008060C0008060E00080800000808020008080400080806000808080008080A0008080C0008080E00080A0000080A0200080A0400080A0600080A0800080A0A00080A0C00080A0E00080C0000080C0200080C0400080C0600080C0
310
800080C0A00080C0C00080C0E00080E0000080E0200080E0400080E0600080E0800080E0A00080E0C00080E0E000C0000000C0002000C0004000C0006000C0008000C000A000C000C000C000E000C0200000C0202000C0204000C0206000C0208000C020A000C020C000C020E000C0400000C0402000C0404000C0406000C0
310
408000C040A000C040C000C040E000C0600000C0602000C0604000C0606000C0608000C060A000C060C000C060E000C0800000C0802000C0804000C0806000C0808000C080A000C080C000C080E000C0A00000C0A02000C0A04000C0A06000C0A08000C0A0A000C0A0C000C0A0E000C0C00000C0C02000C0C04000C0C06000
310
C0C08000C0C0A000F0FBFF00A4A0A000808080000000FF0000FF000000FFFF00FF000000FF00FF00FFFF0000FFFFFF00000000000000000000000000000000000000000000000000000000000000000000F9F9F9F9F9F9F9F9F9F9F9F9F9F9F9F9F9F9F9F9F9F9F9F9F9F9F9F9F9F90000F900000000000000000000000000
310
0000000000000000000000000000F900000000F90000000000000000000000000000000000000000000000000000F900000000F900000000000000000000000000000000000000000000000000F9000000000000F900000000000000FF00000000000000000000000000000000F9000000000000F900000000000000FF0000
310
00000000000000000000000000F90000000000000000F9000000000000FF000000000000000000000000000000F90000000000000000F9000000000000FF0000000000000000000000000000F900000000000000000000F90000000000FF0000000000000000000000000000F900000000000000000000F90000000000FF00
310
000000000000000000000000F9000000000000000000000000F900000000FF00000000000000000000000000F9000000000000000000000000F900000000FFFFFFFFFF0000000000000000F90000000000000000000000000000F9000000FF000000000000000000000000F90000000000000000000000000000F9000000FF
310
0000000000000000000000F900000000000000000000000000000000F90000FF0000000000000000000000F900000000000000000000000000000000F90000FF00000000000000000000F9000000000000000000000000000000000000F900FFFFFFFFFFFFFF00000000F9000000000000000000000000000000000000F900
310
00000000000000000000F90000000000000000000000000000000000000000F900000000000000000000F90000000000000000000000000000000000000000F9000000000000000000F900000000000000000000000000000000000000000000F90000000000000000F9000000000000000000000000000000000000000000
310
00F900000000000000F9000000000000000000000000000000000000000000000000F9000000000000F9000000000000000000000000000000000000000000000000F90000000000F90000000000000000000000000000000000000000000000000000F900000000F900000000000000000000000000000000000000000000
310
00000000F9000000F900000000000000000000000000000000000000000000000000000000F90000F900000000000000000000000000000000000000000000000000000000F900F9000000000000000000000000000000000000000000000000000000000000F9F90000000000000000000000000000000000000000000000
310
00000000000000F9000000000000000000000000000000000000000000000000000000000000000000000000000000000000000000000000
 70
     0
280
     1
281
     0
  0
BLOCK_RECORD
  5
ACA0A
330
1
100
AcDbSymbolTableRecord
100
AcDbBlockTableRecord
  2
b
340
0
310
2800000020000000200000000100080000000000000400000000000000000000000000000000000000000000000080000080000000808000800000008000800080800000C0C0C000C0DCC000F0CAA6000020400000206000002080000020A0000020C0000020E00000400000004020000040400000406000004080000040A0
310
000040C0000040E00000600000006020000060400000606000006080000060A0000060C0000060E00000800000008020000080400000806000008080000080A0000080C0000080E00000A0000000A0200000A0400000A0600000A0800000A0A00000A0C00000A0E00000C0000000C0200000C0400000C0600000C0800000C0
310
A00000C0C00000C0E00000E0000000E0200000E0400000E0600000E0800000E0A00000E0C00000E0E00040000000400020004000400040006000400080004000A0004000C0004000E00040200000402020004020400040206000402080004020A0004020C0004020E000404000004040200040404000404060004040800040
310
40A0004040C0004040E00040600000406020004060400040606000406080004060A0004060C0004060E00040800000408020004080400040806000408080004080A0004080C0004080E00040A0000040A0200040A0400040A0600040A0800040A0A00040A0C00040A0E00040C0000040C0200040C0400040C0600040C08000
310
40C0A00040C0C00040C0E00040E0000040E0200040E0400040E0600040E0800040E0A00040E0C00040E0E00080000000800020008000400080006000800080008000A0008000C0008000E00080200000802020008020400080206000802080008020A0008020C0008020E00080400000804020008040400080406000804080
310
008040A0008040C0008040E00080600000806020008060400080606000806080008060A0008060C0008060E00080800000808020008080400080806000808080008080A0008080C0008080E00080A0000080A0200080A0400080A0600080A0800080A0A00080A0C00080A0E00080C0000080C0200080C0400080C0600080C0
310
800080C0A00080C0C00080C0E00080E0000080E0200080E0400080E0600080E0800080E0A00080E0C00080E0E000C0000000C0002000C0004000C0006000C0008000C000A000C000C000C000E000C0200000C0202000C0204000C0206000C0208000C020A000C020C000C020E000C0400000C0402000C0404000C0406000C0
310
408000C040A000C040C000C040E000C0600000C0602000C0604000C0606000C0608000C060A000C060C000C060E000C0800000C0802000C0804000C0806000C0808000C080A000C080C000C080E000C0A00000C0A02000C0A04000C0A06000C0A08000C0A0A000C0A0C000C0A0E000C0C00000C0C02000C0C04000C0C06000
310
C0C08000C0C0A000F0FBFF00A4A0A000808080000000FF0000FF000000FFFF00FF000000FF00FF00FFFF0000FFFFFF0000000000000000000000000000000000000000000000000000000000000000000000000000000000000000000000000000000000000000000000000000000000000000000000000000000000000000
310
00000000000000000000000000000000000000000000000000000000000000000000000000000000000000000000000000000000000000000000000000000000000000000000000000000000000000000000000000000000000000000000000000000000000000000000000000000000000000000000000000000000000000
310
0000000000000000000000000000000000000000000000000000000000000000000000000000000000000000000000000000000000000000000000000000000000000000000000000000000000000000000000F9F9F9F9F9F9F9F9F9F9F9F9F9F9F9F9F9F9F9F9F9F9F9F9F9F9F9F9F9F9000000F9F9000000000000000000
310
000000000000000000000000000000F9F90000000000F9F900000000000000000000000000000000000000000000F9000000000000000000F90000000000000000000000000000000000000000F90000000000000000000000F9F900000000000000000000000000000000F9F900000000000000000000000000F9F9000000
310
0000000000000000000000F90000000000000000000000000000000000F9F9F9F9F9F9F9F9F9F9F9F9F9F9000000000000000000000000000000000000F9000000000000000000000000F9000000000000000000000000000000000000F9000000000000000000000000F9000000000000000000000000000000000000F900
310
0000000000000000000000F9000000000000000000000000000000000000F9000000000000000000000000F9000000000000000000000000000000000000F9000000000000000000000000F9000000000000000000000000000000000000F9000000000000000000000000F9000000000000000000000000000000000000F9
310
F9F9F9F9F9F9F9F9F9F9F9F9F9000000000000000000000000000000000000000000000000000000000000000000000000000000000000000000000000000000000000000000000000000000000000000000000000000000000000000000000000000000000000000000000000000000000000000000000000000000000000
310
00000000000000000000000000000000000000000000000000000000000000000000000000000000000000000000000000000000000000000000000000000000000000000000000000000000000000000000000000000000000000000000000000000000000000000000000000000000000000000000000000000000000000
310
0000000000000000000000000000000000000000000000000000000000000000000000000000000000000000000000000000000000000000
 70
     0
280
     1
281
     0
  0
BLOCK_RECORD
  5
ACA17
102
{ACAD_XDICTIONARY
360
ACA18
102
}
330
1
100
AcDbSymbolTableRecord
100
AcDbBlockTableRecord
  2
手动报警按钮带输入模块
340
0
 70
     0
280
     1
281
     0
1001
AcDbDynamicBlockGUID
1000
{8477C3D4-DFF2-4123-8533-9B50AB361375}
1001
AcDbBlockRepETag
1070
     1
1071
        6
  0
BLOCK_RECORD
  5
ACA22
330
1
100
AcDbSymbolTableRecord
100
AcDbBlockTableRecord
  2
4100
340
0
310
2800000020000000200000000100080000000000000400000000000000000000000000000000000000000000000080000080000000808000800000008000800080800000C0C0C000C0DCC000F0CAA6000020400000206000002080000020A0000020C0000020E00000400000004020000040400000406000004080000040A0
310
000040C0000040E00000600000006020000060400000606000006080000060A0000060C0000060E00000800000008020000080400000806000008080000080A0000080C0000080E00000A0000000A0200000A0400000A0600000A0800000A0A00000A0C00000A0E00000C0000000C0200000C0400000C0600000C0800000C0
310
A00000C0C00000C0E00000E0000000E0200000E0400000E0600000E0800000E0A00000E0C00000E0E00040000000400020004000400040006000400080004000A0004000C0004000E00040200000402020004020400040206000402080004020A0004020C0004020E000404000004040200040404000404060004040800040
310
40A0004040C0004040E00040600000406020004060400040606000406080004060A0004060C0004060E00040800000408020004080400040806000408080004080A0004080C0004080E00040A0000040A0200040A0400040A0600040A0800040A0A00040A0C00040A0E00040C0000040C0200040C0400040C0600040C08000
310
40C0A00040C0C00040C0E00040E0000040E0200040E0400040E0600040E0800040E0A00040E0C00040E0E00080000000800020008000400080006000800080008000A0008000C0008000E00080200000802020008020400080206000802080008020A0008020C0008020E00080400000804020008040400080406000804080
310
008040A0008040C0008040E00080600000806020008060400080606000806080008060A0008060C0008060E00080800000808020008080400080806000808080008080A0008080C0008080E00080A0000080A0200080A0400080A0600080A0800080A0A00080A0C00080A0E00080C0000080C0200080C0400080C0600080C0
310
800080C0A00080C0C00080C0E00080E0000080E0200080E0400080E0600080E0800080E0A00080E0C00080E0E000C0000000C0002000C0004000C0006000C0008000C000A000C000C000C000E000C0200000C0202000C0204000C0206000C0208000C020A000C020C000C020E000C0400000C0402000C0404000C0406000C0
310
408000C040A000C040C000C040E000C0600000C0602000C0604000C0606000C0608000C060A000C060C000C060E000C0800000C0802000C0804000C0806000C0808000C080A000C080C000C080E000C0A00000C0A02000C0A04000C0A06000C0A08000C0A0A000C0A0C000C0A0E000C0C00000C0C02000C0C04000C0C06000
310
C0C08000C0C0A000F0FBFF00A4A0A000808080000000FF0000FF000000FFFF00FF000000FF00FF00FFFF0000FFFFFF0000000000000000000000000000000000000000000000000000000000000000000000000000000000000000000000000000000000000000000000000000000000000000000000000000000000000000
310
00000000000000000000000000000000000000000000000000000000000000000000000000000000000000000000000000000000000000000000000000000000000000000000000000000000000000000000000000000000000000000000000000000000000000000000000000000000000000000000000000000000000000
310
000000000000000000000000000000000000000000F9F9F9F9F9F9F900000000000000000000000000000000000000000000000000F9000000000000F9F9F9F9F9F9F9F9F9F9F9F9F9F90000000000000000000000F90000000000000000000000000000000000000000F9F9F9F9F9F9F900000000F9000000000000000000
310
0000000000000000000000000000000000F9000000F9000000000000000000000000000000000000000000000000000000F9000000F9000000000000FA00FAFAFA00FA0000000000000000000000000000F9000000F900000000FAFAFA0000FA00FA00FAFAFAFA0000FAFA0000000000F900000000F900000000FA00FAFA00
310
FA00FA00FAFA0000FAFA0000FA00000000F900000000F90000000000FAFA00FA0000FA00FAFA0000FAFA0000FA00000000F900000000F90000000000FAFA00FA0000FA00FAFA0000FAFA0000FA00000000F900000000F9000000000000FA00FA0000FA00FAFA00FAFA0000FA0000000000F900000000F9000000000000FA00
310
FA0000FAFA0000FAFAFA0000FA0000000000F9000000F900000000000000000000000000000000FA00FA0000FA0000000000F9000000F9000000000000000000000000000000000000000000000000000000F9000000F90000000000000000000000000000000000000000000000000000F900000000F9F9F9F9F9F9F90000
310
000000000000000000000000000000000000F90000000000000000000000F9F9F9F9F9F9F9F9F9F9F9F9F9F9000000000000F900000000000000000000000000000000000000000000000000F9F9F9F9F9F9F90000000000000000000000000000000000000000000000000000000000000000000000000000000000000000
310
00000000000000000000000000000000000000000000000000000000000000000000000000000000000000000000000000000000000000000000000000000000000000000000000000000000000000000000000000000000000000000000000000000000000000000000000000000000000000000000000000000000000000
310
0000000000000000000000000000000000000000000000000000000000000000000000000000000000000000000000000000000000000000
102
{BLKREFS
331
ACA30
102
}
 70
     0
280
     1
281
     0
  0
BLOCK_RECORD
  5
ACA2A
102
{ACAD_XDICTIONARY
360
ACA2B
102
}
330
1
100
AcDbSymbolTableRecord
100
AcDbBlockTableRecord
  2
4100u$0$
340
0
310
2800000020000000200000000100080000000000000400000000000000000000000000000000000000000000000080000080000000808000800000008000800080800000C0C0C000C0DCC000F0CAA6000020400000206000002080000020A0000020C0000020E00000400000004020000040400000406000004080000040A0
310
000040C0000040E00000600000006020000060400000606000006080000060A0000060C0000060E00000800000008020000080400000806000008080000080A0000080C0000080E00000A0000000A0200000A0400000A0600000A0800000A0A00000A0C00000A0E00000C0000000C0200000C0400000C0600000C0800000C0
310
A00000C0C00000C0E00000E0000000E0200000E0400000E0600000E0800000E0A00000E0C00000E0E00040000000400020004000400040006000400080004000A0004000C0004000E00040200000402020004020400040206000402080004020A0004020C0004020E000404000004040200040404000404060004040800040
310
40A0004040C0004040E00040600000406020004060400040606000406080004060A0004060C0004060E00040800000408020004080400040806000408080004080A0004080C0004080E00040A0000040A0200040A0400040A0600040A0800040A0A00040A0C00040A0E00040C0000040C0200040C0400040C0600040C08000
310
40C0A00040C0C00040C0E00040E0000040E0200040E0400040E0600040E0800040E0A00040E0C00040E0E00080000000800020008000400080006000800080008000A0008000C0008000E00080200000802020008020400080206000802080008020A0008020C0008020E00080400000804020008040400080406000804080
310
008040A0008040C0008040E00080600000806020008060400080606000806080008060A0008060C0008060E00080800000808020008080400080806000808080008080A0008080C0008080E00080A0000080A0200080A0400080A0600080A0800080A0A00080A0C00080A0E00080C0000080C0200080C0400080C0600080C0
310
800080C0A00080C0C00080C0E00080E0000080E0200080E0400080E0600080E0800080E0A00080E0C00080E0E000C0000000C0002000C0004000C0006000C0008000C000A000C000C000C000E000C0200000C0202000C0204000C0206000C0208000C020A000C020C000C020E000C0400000C0402000C0404000C0406000C0
310
408000C040A000C040C000C040E000C0600000C0602000C0604000C0606000C0608000C060A000C060C000C060E000C0800000C0802000C0804000C0806000C0808000C080A000C080C000C080E000C0A00000C0A02000C0A04000C0A06000C0A08000C0A0A000C0A0C000C0A0E000C0C00000C0C02000C0C04000C0C06000
310
C0C08000C0C0A000F0FBFF00A4A0A000808080000000FF0000FF000000FFFF00FF000000FF00FF00FFFF0000FFFFFF0000000000000000000000000000000000000000000000000000000000000000000000000000000000000000000000000000000000000000000000000000000000000000000000000000000000000000
310
00000000000000000000000000000000000000000000000000000000000000000000F9F9F9F900000000000000000000000000000000000000000000F9F9F9F9F9F9000000F9000000000000000000000000000000000000F9F9F9F9000000000000000000F9000000000000000000000000000000000000F9000000000000
310
00000000000000F90000000000000000000000000000000000F900000000000000FAFA00000000F9000000000000000000000000000000000000F9000000FAFAFA000000000000F9000000000000000000000000000000000000F90000FA000000000000000000F9000000000000000000000000000000000000F90000FAFA
310
FAFAFAFAFA000000F9000000000000000000000000000000000000F90000000000FAFAFAFA000000F9000000000000000000000000000000000000F9000000FAFA000000FA00000000F90000000000000000000000000000000000F9000000FA0000FAFA0000000000F9000000000000000000000000000000000000F90000
310
00FAFAFAFAFA00000000F9000000000000000000000000000000000000F9000000FAFAFA00FAFA000000F9000000000000000000000000000000000000F9000000FA000000FAFA000000F9000000000000000000000000000000000000F9000000FAFAFAFA0000000000F9000000000000000000000000000000000000F900
310
0000000000FAFAFA00000000F90000000000000000000000000000000000F9000000FAFAFA0000FA00000000F9000000000000000000000000000000000000F9000000000000000000000000F9000000000000000000000000000000000000F900000000FA00FAFAFA000000F9000000000000000000000000000000000000
310
F9000000FAFAFAFAFA00000000F9000000000000000000000000000000000000F90000000000FA000000000000F9000000000000000000000000000000000000F900000000000000000000000000F90000000000000000000000000000000000F900000000000000000000000000F900000000000000000000000000000000
310
0000F9000000000000000000F9F9F9F9000000000000000000000000000000000000F9000000F9F9F9F9F9F900000000000000000000000000000000000000000000F9F9F9F9000000000000000000000000000000000000000000000000000000000000000000000000000000000000000000000000000000000000000000
310
0000000000000000000000000000000000000000000000000000000000000000000000000000000000000000000000000000000000000000
 70
     0
280
     1
281
     0
1001
AcDbBlockRepETag
1070
     1
1071
        1
1001
AcDbDynamicBlockTrueName
1000
4100u$0$
1001
AcDbDynamicBlockGUID
1000
{c2c7e05a-1d8b-4b71-ad1c-72042ee8a66b}
  0
BLOCK_RECORD
  5
B5C75
102
{ACAD_XDICTIONARY
360
B5C86
102
}
330
1
100
AcDbSymbolTableRecord
100
AcDbBlockTableRecord
  2
A$C5A144916
340
0
 70
     0
280
     1
281
     0
  0
BLOCK_RECORD
  5
B5CAE
330
1
100
AcDbSymbolTableRecord
100
AcDbBlockTableRecord
  2
jl
340
0
310
2800000020000000200000000100080000000000000400000000000000000000000000000000000000000000000080000080000000808000800000008000800080800000C0C0C000C0DCC000F0CAA6000020400000206000002080000020A0000020C0000020E00000400000004020000040400000406000004080000040A0
310
000040C0000040E00000600000006020000060400000606000006080000060A0000060C0000060E00000800000008020000080400000806000008080000080A0000080C0000080E00000A0000000A0200000A0400000A0600000A0800000A0A00000A0C00000A0E00000C0000000C0200000C0400000C0600000C0800000C0
310
A00000C0C00000C0E00000E0000000E0200000E0400000E0600000E0800000E0A00000E0C00000E0E00040000000400020004000400040006000400080004000A0004000C0004000E00040200000402020004020400040206000402080004020A0004020C0004020E000404000004040200040404000404060004040800040
310
40A0004040C0004040E00040600000406020004060400040606000406080004060A0004060C0004060E00040800000408020004080400040806000408080004080A0004080C0004080E00040A0000040A0200040A0400040A0600040A0800040A0A00040A0C00040A0E00040C0000040C0200040C0400040C0600040C08000
310
40C0A00040C0C00040C0E00040E0000040E0200040E0400040E0600040E0800040E0A00040E0C00040E0E00080000000800020008000400080006000800080008000A0008000C0008000E00080200000802020008020400080206000802080008020A0008020C0008020E00080400000804020008040400080406000804080
310
008040A0008040C0008040E00080600000806020008060400080606000806080008060A0008060C0008060E00080800000808020008080400080806000808080008080A0008080C0008080E00080A0000080A0200080A0400080A0600080A0800080A0A00080A0C00080A0E00080C0000080C0200080C0400080C0600080C0
310
800080C0A00080C0C00080C0E00080E0000080E0200080E0400080E0600080E0800080E0A00080E0C00080E0E000C0000000C0002000C0004000C0006000C0008000C000A000C000C000C000E000C0200000C0202000C0204000C0206000C0208000C020A000C020C000C020E000C0400000C0402000C0404000C0406000C0
310
408000C040A000C040C000C040E000C0600000C0602000C0604000C0606000C0608000C060A000C060C000C060E000C0800000C0802000C0804000C0806000C0808000C080A000C080C000C080E000C0A00000C0A02000C0A04000C0A06000C0A08000C0A0A000C0A0C000C0A0E000C0C00000C0C02000C0C04000C0C06000
310
C0C08000C0C0A000F0FBFF00A4A0A000808080000000FF0000FF000000FFFF00FF000000FF00FF00FFFF0000FFFFFF0000000000000000000000000000000000000000000000000000000000000000000000000000000000000000000000000000000000000000000000000000000000000000000000000000000000000000
310
00000000000000000000000000000000000000000000000000000000000000000000000000000000000000000000000000000000000000000000000000000000000000000000000000000000000000000000F9F9F9F9F9F9F9F9F9F9F9F9F9F9F9F9F9F9F9F9F9F9F9F9F9F9F9F9F9F90000F9000000000000000000000000
310
00000000000000000000000000000000F90000F900000000000000000000000000000000000000000000000000000000F90000F900000000000000000000000000000000000000000000000000000000F90000F900000000000000000000000000000000000000000000000000000000F90000F90000000000000000000000
310
0000000000000000000000000000000000F90000F9000000000000FDFDFDFD0000000000000000FDFDFDFDFD0000000000F90000F9000000000000000000FD0000000000000000FD000000000000000000F90000F9000000000000000000FD0000000000000000FD000000000000000000F90000F9000000000000000000FD
310
0000000000000000FD000000000000000000F90000F9000000000000000000FD0000000000000000FD000000000000000000F90000F90000000000FDFDFDFDFDFDFDFDFDFDFDFDFDFDFDFDFDFDFD00000000F90000F9000000000000FD000000000000000000000000000000FD0000000000F90000F900000000000000FD00
310
000000000000000000000000FD000000000000F90000F90000000000000000FD0000000000000000000000FD00000000000000F90000F9000000000000000000FD000000000000000000FD0000000000000000F90000F900000000000000000000FDFDFDFDFDFDFDFDFD000000000000000000F90000F90000000000000000
310
0000000000000000000000000000000000000000F90000F900000000000000000000000000000000000000000000000000000000F90000F900000000000000000000000000000000000000000000000000000000F90000F900000000000000000000000000000000000000000000000000000000F90000F9F9F9F9F9F9F9F9
310
F9F9F9F9F9F9F9F9F9F9F9F9F9F9F9F9F9F9F9F9F9F9000000000000000000000000000000000000000000000000000000000000000000000000000000000000000000000000000000000000000000000000000000000000000000000000000000000000000000000000000000000000000000000000000000000000000000
310
0000000000000000000000000000000000000000000000000000000000000000000000000000000000000000000000000000000000000000
 70
     0
280
     1
281
     0
  0
BLOCK_RECORD
  5
B9E51
102
{ACAD_XDICTIONARY
360
B9E78
102
}
330
1
100
AcDbSymbolTableRecord
100
AcDbBlockTableRecord
  2
A$C020D2D13
340
0
 70
     0
280
     1
281
     0
  0
BLOCK_RECORD
  5
BA53F
330
1
100
AcDbSymbolTableRecord
100
AcDbBlockTableRecord
  2
IO
340
0
310
2800000020000000200000000100080000000000000400000000000000000000000000000000000000000000000080000080000000808000800000008000800080800000C0C0C000C0DCC000F0CAA6000020400000206000002080000020A0000020C0000020E00000400000004020000040400000406000004080000040A0
310
000040C0000040E00000600000006020000060400000606000006080000060A0000060C0000060E00000800000008020000080400000806000008080000080A0000080C0000080E00000A0000000A0200000A0400000A0600000A0800000A0A00000A0C00000A0E00000C0000000C0200000C0400000C0600000C0800000C0
310
A00000C0C00000C0E00000E0000000E0200000E0400000E0600000E0800000E0A00000E0C00000E0E00040000000400020004000400040006000400080004000A0004000C0004000E00040200000402020004020400040206000402080004020A0004020C0004020E000404000004040200040404000404060004040800040
310
40A0004040C0004040E00040600000406020004060400040606000406080004060A0004060C0004060E00040800000408020004080400040806000408080004080A0004080C0004080E00040A0000040A0200040A0400040A0600040A0800040A0A00040A0C00040A0E00040C0000040C0200040C0400040C0600040C08000
310
40C0A00040C0C00040C0E00040E0000040E0200040E0400040E0600040E0800040E0A00040E0C00040E0E00080000000800020008000400080006000800080008000A0008000C0008000E00080200000802020008020400080206000802080008020A0008020C0008020E00080400000804020008040400080406000804080
310
008040A0008040C0008040E00080600000806020008060400080606000806080008060A0008060C0008060E00080800000808020008080400080806000808080008080A0008080C0008080E00080A0000080A0200080A0400080A0600080A0800080A0A00080A0C00080A0E00080C0000080C0200080C0400080C0600080C0
310
800080C0A00080C0C00080C0E00080E0000080E0200080E0400080E0600080E0800080E0A00080E0C00080E0E000C0000000C0002000C0004000C0006000C0008000C000A000C000C000C000E000C0200000C0202000C0204000C0206000C0208000C020A000C020C000C020E000C0400000C0402000C0404000C0406000C0
310
408000C040A000C040C000C040E000C0600000C0602000C0604000C0606000C0608000C060A000C060C000C060E000C0800000C0802000C0804000C0806000C0808000C080A000C080C000C080E000C0A00000C0A02000C0A04000C0A06000C0A08000C0A0A000C0A0C000C0A0E000C0C00000C0C02000C0C04000C0C06000
310
C0C08000C0C0A000F0FBFF00A4A0A000808080000000FF0000FF000000FFFF00FF000000FF00FF00FFFF0000FFFFFF0000000000000000000000000000000000000000000000000000000000000000000000000000000000000000000000000000000000000000000000000000000000000000000000000000000000000000
310
00000000000000000000000000000000000000000000000000000000000000000000000000000000000000000000000000000000000000000000000000000000000000000000000000000000000000000000000000000000000000000000000000000000000000000000000000000000000000000000000000000000000000
310
000000000000000000000000000000000000000000000000000000000000000000000000000000000000000000000000000000F9F9F9F9F9F9F9F9F9F9F9F9F9F9F9F9F9F9F9F9F9F9F9F9F9F9F9F9F9F90000F90000000000000000000000FF00000000000000000000000000000000F90000F90000000000000000000000
310
FF00000000000000000000000000000000F90000F9000000000000000000000000FF000000000000000000000000000000F90000F90000000000000000FF000000FF0000000000FFFFFF00000000000000F90000F90000000000000000FF000000FF00000000FF0000FFFF000000000000F90000F90000000000000000FF00
310
000000FF000000FF000000FF000000000000F90000F90000000000000000FF00000000FF000000FF000000FF000000000000F90000F90000000000000000FF0000000000FF0000FF000000FF000000000000F90000F90000000000000000FF0000000000FF0000FF000000FF000000000000F90000F90000000000000000FF
310
0000000000FF0000FF0000FF00000000000000F90000F90000000000000000FF000000000000FF0000FFFFFF00000000000000F90000F9000000000000000000000000000000FF000000000000000000000000F90000F900000000000000000000000000000000000000000000000000000000F90000F90000000000000000
310
0000000000000000000000000000000000000000F90000F9F9F9F9F9F9F9F9F9F9F9F9F9F9F9F9F9F9F9F9F9F9F9F9F9F9F9F9F9F90000000000000000000000000000000000000000000000000000000000000000000000000000000000000000000000000000000000000000000000000000000000000000000000000000
310
00000000000000000000000000000000000000000000000000000000000000000000000000000000000000000000000000000000000000000000000000000000000000000000000000000000000000000000000000000000000000000000000000000000000000000000000000000000000000000000000000000000000000
310
0000000000000000000000000000000000000000000000000000000000000000000000000000000000000000000000000000000000000000
 70
     0
280
     1
281
     0
  0
BLOCK_RECORD
  5
BA544
330
1
100
AcDbSymbolTableRecord
100
AcDbBlockTableRecord
  2
T
340
0
310
2800000020000000200000000100080000000000000400000000000000000000000000000000000000000000000080000080000000808000800000008000800080800000C0C0C000C0DCC000F0CAA6000020400000206000002080000020A0000020C0000020E00000400000004020000040400000406000004080000040A0
310
000040C0000040E00000600000006020000060400000606000006080000060A0000060C0000060E00000800000008020000080400000806000008080000080A0000080C0000080E00000A0000000A0200000A0400000A0600000A0800000A0A00000A0C00000A0E00000C0000000C0200000C0400000C0600000C0800000C0
310
A00000C0C00000C0E00000E0000000E0200000E0400000E0600000E0800000E0A00000E0C00000E0E00040000000400020004000400040006000400080004000A0004000C0004000E00040200000402020004020400040206000402080004020A0004020C0004020E000404000004040200040404000404060004040800040
310
40A0004040C0004040E00040600000406020004060400040606000406080004060A0004060C0004060E00040800000408020004080400040806000408080004080A0004080C0004080E00040A0000040A0200040A0400040A0600040A0800040A0A00040A0C00040A0E00040C0000040C0200040C0400040C0600040C08000
310
40C0A00040C0C00040C0E00040E0000040E0200040E0400040E0600040E0800040E0A00040E0C00040E0E00080000000800020008000400080006000800080008000A0008000C0008000E00080200000802020008020400080206000802080008020A0008020C0008020E00080400000804020008040400080406000804080
310
008040A0008040C0008040E00080600000806020008060400080606000806080008060A0008060C0008060E00080800000808020008080400080806000808080008080A0008080C0008080E00080A0000080A0200080A0400080A0600080A0800080A0A00080A0C00080A0E00080C0000080C0200080C0400080C0600080C0
310
800080C0A00080C0C00080C0E00080E0000080E0200080E0400080E0600080E0800080E0A00080E0C00080E0E000C0000000C0002000C0004000C0006000C0008000C000A000C000C000C000E000C0200000C0202000C0204000C0206000C0208000C020A000C020C000C020E000C0400000C0402000C0404000C0406000C0
310
408000C040A000C040C000C040E000C0600000C0602000C0604000C0606000C0608000C060A000C060C000C060E000C0800000C0802000C0804000C0806000C0808000C080A000C080C000C080E000C0A00000C0A02000C0A04000C0A06000C0A08000C0A0A000C0A0C000C0A0E000C0C00000C0C02000C0C04000C0C06000
310
C0C08000C0C0A000F0FBFF00A4A0A000808080000000FF0000FF000000FFFF00FF000000FF00FF00FFFF0000FFFFFF00000000000000000000000000000000000000000000000000000000000000000000FAFAFAFAFAFAFAFAFAFAFAFAFAFAFAFAFAFAFAFAFAFAFAFAFAFAFAFAFAFA0000FAFAFAFAFAFAFAFAFAFAFAFAFAFA
310
FAFAFAFAFAFAFAFAFAFAFAFAFAFAFAFA0000FAFA0000000000000000000000000000000000000000000000000000FAFA0000FAFA0000000000000000000000000000000000000000000000000000FAFA0000FAFA0000000000000000000000000000000000000000000000000000FAFA0000FAFA00000000000000000000FF
310
FFFFFFFFFF00000000000000000000FAFA0000FAFA00000000000000000000FFFFFF00FFFF00000000000000000000FAFA0000FAFA000000000000000000000000FFFF000000000000000000000000FAFA0000FAFA000000000000000000000000FFFF000000000000000000000000FAFA0000FAFA00000000000000000000
310
0000FFFF000000000000000000000000FAFA0000FAFA000000000000000000000000FFFF000000000000000000000000FAFA0000FAFA000000000000000000000000FFFF000000000000000000000000FAFA0000FAFA000000000000000000000000FFFF000000000000000000000000FAFA0000FAFA000000000000000000
310
000000FFFF000000000000000000000000FAFA0000FAFA000000000000000000000000FFFF000000000000000000000000FAFA0000FAFA000000000000000000000000FFFF000000000000000000000000FAFA0000FAFA000000000000000000000000FFFF000000000000000000000000FAFA0000FAFA0000000000000000
310
00000000FFFF000000000000000000000000FAFA0000FAFA000000000000000000000000FFFF000000000000000000000000FAFA0000FAFA0000000000000000FF000000FFFF000000FFFF00000000000000FAFA0000FAFA0000000000000000FFFF0000FFFF000000FFFF00000000000000FAFA0000FAFA00000000000000
310
00FFFF0000FFFF000000FFFF00000000000000FAFA0000FAFA0000000000000000FFFF0000FFFF0000FFFF0000000000000000FAFA0000FAFA0000000000000000FFFFFFFFFFFFFFFFFFFF0000000000000000FAFA0000FAFA0000000000000000000000000000000000000000000000000000FAFA0000FAFA000000000000
310
0000000000000000000000000000000000000000FAFA0000FAFA0000000000000000000000000000000000000000000000000000FAFA0000FAFA0000000000000000000000000000000000000000000000000000FAFA0000FAFAFAFAFAFAFAFAFAFAFAFAFAFAFAFAFAFAFAFAFAFAFAFAFAFAFAFAFAFA0000FAFAFAFAFAFAFA
310
FAFAFAFAFAFAFAFAFAFAFAFAFAFAFAFAFAFAFAFAFAFAFA000000000000000000000000000000000000000000000000000000000000000000
102
{BLKREFS
331
BA54B
331
BA54C
102
}
 70
     0
280
     1
281
     0
  0
BLOCK_RECORD
  5
BA549
330
1
100
AcDbSymbolTableRecord
100
AcDbBlockTableRecord
  2
TN
340
0
310
2800000020000000200000000100080000000000000400000000000000000000000000000000000000000000000080000080000000808000800000008000800080800000C0C0C000C0DCC000F0CAA6000020400000206000002080000020A0000020C0000020E00000400000004020000040400000406000004080000040A0
310
000040C0000040E00000600000006020000060400000606000006080000060A0000060C0000060E00000800000008020000080400000806000008080000080A0000080C0000080E00000A0000000A0200000A0400000A0600000A0800000A0A00000A0C00000A0E00000C0000000C0200000C0400000C0600000C0800000C0
310
A00000C0C00000C0E00000E0000000E0200000E0400000E0600000E0800000E0A00000E0C00000E0E00040000000400020004000400040006000400080004000A0004000C0004000E00040200000402020004020400040206000402080004020A0004020C0004020E000404000004040200040404000404060004040800040
310
40A0004040C0004040E00040600000406020004060400040606000406080004060A0004060C0004060E00040800000408020004080400040806000408080004080A0004080C0004080E00040A0000040A0200040A0400040A0600040A0800040A0A00040A0C00040A0E00040C0000040C0200040C0400040C0600040C08000
310
40C0A00040C0C00040C0E00040E0000040E0200040E0400040E0600040E0800040E0A00040E0C00040E0E00080000000800020008000400080006000800080008000A0008000C0008000E00080200000802020008020400080206000802080008020A0008020C0008020E00080400000804020008040400080406000804080
310
008040A0008040C0008040E00080600000806020008060400080606000806080008060A0008060C0008060E00080800000808020008080400080806000808080008080A0008080C0008080E00080A0000080A0200080A0400080A0600080A0800080A0A00080A0C00080A0E00080C0000080C0200080C0400080C0600080C0
310
800080C0A00080C0C00080C0E00080E0000080E0200080E0400080E0600080E0800080E0A00080E0C00080E0E000C0000000C0002000C0004000C0006000C0008000C000A000C000C000C000E000C0200000C0202000C0204000C0206000C0208000C020A000C020C000C020E000C0400000C0402000C0404000C0406000C0
310
408000C040A000C040C000C040E000C0600000C0602000C0604000C0606000C0608000C060A000C060C000C060E000C0800000C0802000C0804000C0806000C0808000C080A000C080C000C080E000C0A00000C0A02000C0A04000C0A06000C0A08000C0A0A000C0A0C000C0A0E000C0C00000C0C02000C0C04000C0C06000
310
C0C08000C0C0A000F0FBFF00A4A0A000808080000000FF0000FF000000FFFF00FF000000FF00FF00FFFF0000FFFFFF00000000000000000000000000000000000000000000000000000000000000000000FAFAFAFAFAFAFAFAFAFAFAFAFAFAFAFAFAFAFAFAFAFAFAFAFAFAFAFAFAFA0000FAFAFAFAFAFAFAFAFAFAFAFAFAFA
310
FAFAFAFAFAFAFAFAFAFAFAFAFAFAFAFA0000FAFA0000000000000000000000000000000000000000000000000000FAFA0000FAFA0000000000000000000000000000000000000000000000000000FAFA0000FAFA0000000000000000000000000000000000000000000000000000FAFA0000FAFA00000000000000000000FF
310
FFFFFFFFFF00000000000000000000FAFA0000FAFA00000000000000000000FFFFFF00FFFF00000000000000000000FAFA0000FAFA000000000000000000000000FFFF000000000000000000000000FAFA0000FAFA000000000000000000000000FFFF000000000000000000000000FAFA0000FAFA00000000000000000000
310
0000FFFF000000000000000000000000FAFA0000FAFA000000000000000000000000FFFF000000000000000000000000FAFA0000FAFA000000000000000000000000FFFF000000000000000000000000FAFA0000FAFA000000000000000000000000FFFF000000000000000000000000FAFA0000FAFA000000000000000000
310
000000FFFF000000000000000000000000FAFA0000FAFA000000000000000000000000FFFF000000000000000000000000FAFA0000FAFA000000000000000000000000FFFF000000000000000000000000FAFA0000FAFA000000000000000000000000FFFF000000000000000000000000FAFA0000FAFA0000000000000000
310
00000000FFFF000000000000000000000000FAFA0000FAFA000000000000000000000000FFFF000000000000000000000000FAFA0000FAFA0000000000000000FF000000FFFF000000FFFF00000000000000FAFA0000FAFA0000000000000000FFFF0000FFFF000000FFFF00000000000000FAFA0000FAFA00000000000000
310
00FFFF0000FFFF000000FFFF00000000000000FAFA0000FAFA0000000000000000FFFF0000FFFF0000FFFF0000000000000000FAFA0000FAFA0000000000000000FFFFFFFFFFFFFFFFFFFF0000000000000000FAFA0000FAFA0000000000000000000000000000000000000000000000000000FAFA0000FAFA000000000000
310
0000000000000000000000000000000000000000FAFA0000FAFA0000000000000000000000000000000000000000000000000000FAFA0000FAFA0000000000000000000000000000000000000000000000000000FAFA0000FAFAFAFAFAFAFAFAFAFAFAFAFAFAFAFAFAFAFAFAFAFAFAFAFAFAFAFAFAFA0000FAFAFAFAFAFAFA
310
FAFAFAFAFAFAFAFAFAFAFAFAFAFAFAFAFAFAFAFAFAFAFA000000000000000000000000000000000000000000000000000000000000000000
 70
     0
280
     1
281
     0
  0
BLOCK_RECORD
  5
BA54E
102
{ACAD_XDICTIONARY
360
BA54F
102
}
330
1
100
AcDbSymbolTableRecord
100
AcDbBlockTableRecord
  2
gl
340
0
310
2800000020000000200000000100080000000000000400000000000000000000000000000000000000000000000080000080000000808000800000008000800080800000C0C0C000C0DCC000F0CAA6000020400000206000002080000020A0000020C0000020E00000400000004020000040400000406000004080000040A0
310
000040C0000040E00000600000006020000060400000606000006080000060A0000060C0000060E00000800000008020000080400000806000008080000080A0000080C0000080E00000A0000000A0200000A0400000A0600000A0800000A0A00000A0C00000A0E00000C0000000C0200000C0400000C0600000C0800000C0
310
A00000C0C00000C0E00000E0000000E0200000E0400000E0600000E0800000E0A00000E0C00000E0E00040000000400020004000400040006000400080004000A0004000C0004000E00040200000402020004020400040206000402080004020A0004020C0004020E000404000004040200040404000404060004040800040
310
40A0004040C0004040E00040600000406020004060400040606000406080004060A0004060C0004060E00040800000408020004080400040806000408080004080A0004080C0004080E00040A0000040A0200040A0400040A0600040A0800040A0A00040A0C00040A0E00040C0000040C0200040C0400040C0600040C08000
310
40C0A00040C0C00040C0E00040E0000040E0200040E0400040E0600040E0800040E0A00040E0C00040E0E00080000000800020008000400080006000800080008000A0008000C0008000E00080200000802020008020400080206000802080008020A0008020C0008020E00080400000804020008040400080406000804080
310
008040A0008040C0008040E00080600000806020008060400080606000806080008060A0008060C0008060E00080800000808020008080400080806000808080008080A0008080C0008080E00080A0000080A0200080A0400080A0600080A0800080A0A00080A0C00080A0E00080C0000080C0200080C0400080C0600080C0
310
800080C0A00080C0C00080C0E00080E0000080E0200080E0400080E0600080E0800080E0A00080E0C00080E0E000C0000000C0002000C0004000C0006000C0008000C000A000C000C000C000E000C0200000C0202000C0204000C0206000C0208000C020A000C020C000C020E000C0400000C0402000C0404000C0406000C0
310
408000C040A000C040C000C040E000C0600000C0602000C0604000C0606000C0608000C060A000C060C000C060E000C0800000C0802000C0804000C0806000C0808000C080A000C080C000C080E000C0A00000C0A02000C0A04000C0A06000C0A08000C0A0A000C0A0C000C0A0E000C0C00000C0C02000C0C04000C0C06000
310
C0C08000C0C0A000F0FBFF00A4A0A000808080000000FF0000FF000000FFFF00FF000000FF00FF00FFFF0000FFFFFF0000000000000000000000000000000000000000000000000000000000000000000000000000000000000000000000000000000000000000000000000000000000000000000000000000000000000000
310
00000000000000000000000000000000000000000000000000000000000000000000000000000000000000000000000000000000000000000000000000000000000000000000000000000000000000000000000000000000000000000000000000000000000000000000000000000000000000000000000000000000000000
310
000000000000000000000000000000000000000000000000000000000000000000000000000000000000000000000000000000F9F9F9F9F9F9F9F9F9F9F9F9F9F9F9F9F9F9F9F9F9F9F9F9F9F9F9F9F9F90000F900000000000000000000000000000000000000000000000000000000F90000F90000000000000000000000
310
0000000000000000000000000000000000F90000F9000000000000000000000000FFFF0000FFFFFFFF0000000000000000F90000F90000000000000000000000FF00FFFF00FF0000000000000000000000F90000F900000000000000000000FF000000FF00FF0000000000000000000000F90000F900000000000000000000
310
FF0000FFFF00FF0000000000000000000000F90000F900000000000000000000FF0000000000FF0000000000000000000000F90000F900000000000000000000FF0000000000FF0000000000000000000000F90000F900000000000000000000FF000000FF00FF0000000000000000000000F90000F9000000000000000000
310
0000FF00FFFF00FF0000000000000000000000F90000F9000000000000000000000000FFFF0000FF0000000000000000000000F90000F900000000000000000000000000000000000000000000000000000000F90000F900000000000000000000000000000000000000000000000000000000F90000F90000000000000000
310
0000000000000000000000000000000000000000F90000F9F9F9F9F9F9F9F9F9F9F9F9F9F9F9F9F9F9F9F9F9F9F9F9F9F9F9F9F9F90000000000000000000000000000000000000000000000000000000000000000000000000000000000000000000000000000000000000000000000000000000000000000000000000000
310
00000000000000000000000000000000000000000000000000000000000000000000000000000000000000000000000000000000000000000000000000000000000000000000000000000000000000000000000000000000000000000000000000000000000000000000000000000000000000000000000000000000000000
310
0000000000000000000000000000000000000000000000000000000000000000000000000000000000000000000000000000000000000000
 70
     0
280
     1
281
     0
  0
BLOCK_RECORD
  5
BA555
330
1
100
AcDbSymbolTableRecord
100
AcDbBlockTableRecord
  2
4I20
340
0
310
2800000020000000200000000100080000000000000400000000000000000000000000000000000000000000000080000080000000808000800000008000800080800000C0C0C000C0DCC000F0CAA6000020400000206000002080000020A0000020C0000020E00000400000004020000040400000406000004080000040A0
310
000040C0000040E00000600000006020000060400000606000006080000060A0000060C0000060E00000800000008020000080400000806000008080000080A0000080C0000080E00000A0000000A0200000A0400000A0600000A0800000A0A00000A0C00000A0E00000C0000000C0200000C0400000C0600000C0800000C0
310
A00000C0C00000C0E00000E0000000E0200000E0400000E0600000E0800000E0A00000E0C00000E0E00040000000400020004000400040006000400080004000A0004000C0004000E00040200000402020004020400040206000402080004020A0004020C0004020E000404000004040200040404000404060004040800040
310
40A0004040C0004040E00040600000406020004060400040606000406080004060A0004060C0004060E00040800000408020004080400040806000408080004080A0004080C0004080E00040A0000040A0200040A0400040A0600040A0800040A0A00040A0C00040A0E00040C0000040C0200040C0400040C0600040C08000
310
40C0A00040C0C00040C0E00040E0000040E0200040E0400040E0600040E0800040E0A00040E0C00040E0E00080000000800020008000400080006000800080008000A0008000C0008000E00080200000802020008020400080206000802080008020A0008020C0008020E00080400000804020008040400080406000804080
310
008040A0008040C0008040E00080600000806020008060400080606000806080008060A0008060C0008060E00080800000808020008080400080806000808080008080A0008080C0008080E00080A0000080A0200080A0400080A0600080A0800080A0A00080A0C00080A0E00080C0000080C0200080C0400080C0600080C0
310
800080C0A00080C0C00080C0E00080E0000080E0200080E0400080E0600080E0800080E0A00080E0C00080E0E000C0000000C0002000C0004000C0006000C0008000C000A000C000C000C000E000C0200000C0202000C0204000C0206000C0208000C020A000C020C000C020E000C0400000C0402000C0404000C0406000C0
310
408000C040A000C040C000C040E000C0600000C0602000C0604000C0606000C0608000C060A000C060C000C060E000C0800000C0802000C0804000C0806000C0808000C080A000C080C000C080E000C0A00000C0A02000C0A04000C0A06000C0A08000C0A0A000C0A0C000C0A0E000C0C00000C0C02000C0C04000C0C06000
310
C0C08000C0C0A000F0FBFF00A4A0A000808080000000FF0000FF000000FFFF00FF000000FF00FF00FFFF0000FFFFFF0000000000000000000000000000000000000000000000000000000000000000000000000000000000000000000000000000000000000000000000000000000000000000000000000000000000000000
310
00000000000000000000000000000000000000000000000000000000000000000000000000000000000000000000000000000000000000000000000000000000000000000000000000000000000000000000000000000000000000000000000000000000000000000000000000000000000000000000000000000000000000
310
000000000000000000000000000000000000000000000000000000000000000000000000000000000000000000000000000000F9F9F9F9F9F9F9F9F9F9F9F9F9F9F9F9F9F9F9F9F9F9F9F9F9F9F9F9F9F90000F900000000000000000000FF0000000000000000000000000000000000F90000F900000000000000000000FF
310
0000000000000000000000000000000000F90000F90000000000000000000000FF00000000000000000000000000000000F90000F90000000000FF00FF000000FF00000000FFFFFFFF0000FFFFFF000000F90000F90000000000FF00FF000000FF0000000000FF000000FFFF0000FF0000F90000F90000FFFFFFFFFFFF0000
310
0000FF00000000FF000000FF000000FF0000F90000F9000000FF00FF00FF00000000FF0000000000FF0000FF000000FF0000F90000F9000000FF00FF00FF0000000000FF0000000000FF00FF000000FF0000F90000F900000000FFFF00FF0000000000FF0000FF0000FF00FF000000FF0000F90000F900000000FFFF00FF00
310
00000000FF0000FF0000FF0000FF0000FF0000F90000F90000000000FF00FF000000000000FF00FFFFFFFF0000FFFFFF000000F90000F90000000000000000000000000000FF00000000000000000000000000F90000F900000000000000000000000000000000000000000000000000000000F90000F90000000000000000
310
0000000000000000000000000000000000000000F90000F9F9F9F9F9F9F9F9F9F9F9F9F9F9F9F9F9F9F9F9F9F9F9F9F9F9F9F9F9F90000000000000000000000000000000000000000000000000000000000000000000000000000000000000000000000000000000000000000000000000000000000000000000000000000
310
00000000000000000000000000000000000000000000000000000000000000000000000000000000000000000000000000000000000000000000000000000000000000000000000000000000000000000000000000000000000000000000000000000000000000000000000000000000000000000000000000000000000000
310
0000000000000000000000000000000000000000000000000000000000000000000000000000000000000000000000000000000000000000
 70
     0
280
     1
281
     0
1001
AcDbDynamicBlockGUID
1000
{4B02956F-02F5-432B-B616-186968FF71B5}
1001
AcDbBlockRepETag
1070
     1
1071
        2
  0
BLOCK_RECORD
  5
BA55B
330
1
100
AcDbSymbolTableRecord
100
AcDbBlockTableRecord
  2
I
340
0
310
2800000020000000200000000100080000000000000400000000000000000000000000000000000000000000000080000080000000808000800000008000800080800000C0C0C000C0DCC000F0CAA6000020400000206000002080000020A0000020C0000020E00000400000004020000040400000406000004080000040A0
310
000040C0000040E00000600000006020000060400000606000006080000060A0000060C0000060E00000800000008020000080400000806000008080000080A0000080C0000080E00000A0000000A0200000A0400000A0600000A0800000A0A00000A0C00000A0E00000C0000000C0200000C0400000C0600000C0800000C0
310
A00000C0C00000C0E00000E0000000E0200000E0400000E0600000E0800000E0A00000E0C00000E0E00040000000400020004000400040006000400080004000A0004000C0004000E00040200000402020004020400040206000402080004020A0004020C0004020E000404000004040200040404000404060004040800040
310
40A0004040C0004040E00040600000406020004060400040606000406080004060A0004060C0004060E00040800000408020004080400040806000408080004080A0004080C0004080E00040A0000040A0200040A0400040A0600040A0800040A0A00040A0C00040A0E00040C0000040C0200040C0400040C0600040C08000
310
40C0A00040C0C00040C0E00040E0000040E0200040E0400040E0600040E0800040E0A00040E0C00040E0E00080000000800020008000400080006000800080008000A0008000C0008000E00080200000802020008020400080206000802080008020A0008020C0008020E00080400000804020008040400080406000804080
310
008040A0008040C0008040E00080600000806020008060400080606000806080008060A0008060C0008060E00080800000808020008080400080806000808080008080A0008080C0008080E00080A0000080A0200080A0400080A0600080A0800080A0A00080A0C00080A0E00080C0000080C0200080C0400080C0600080C0
310
800080C0A00080C0C00080C0E00080E0000080E0200080E0400080E0600080E0800080E0A00080E0C00080E0E000C0000000C0002000C0004000C0006000C0008000C000A000C000C000C000E000C0200000C0202000C0204000C0206000C0208000C020A000C020C000C020E000C0400000C0402000C0404000C0406000C0
310
408000C040A000C040C000C040E000C0600000C0602000C0604000C0606000C0608000C060A000C060C000C060E000C0800000C0802000C0804000C0806000C0808000C080A000C080C000C080E000C0A00000C0A02000C0A04000C0A06000C0A08000C0A0A000C0A0C000C0A0E000C0C00000C0C02000C0C04000C0C06000
310
C0C08000C0C0A000F0FBFF00A4A0A000808080000000FF0000FF000000FFFF00FF000000FF00FF00FFFF0000FFFFFF0000000000000000000000000000000000000000000000000000000000000000000000000000000000000000000000000000000000000000000000000000000000000000000000000000000000000000
310
00000000000000000000000000000000000000000000000000000000000000000000000000000000000000000000000000000000000000000000000000000000000000000000000000000000000000000000000000000000000000000000000000000000000000000000000000000000000000000000000000000000000000
310
000000000000000000000000000000000000000000000000000000000000000000000000000000000000000000000000000000F9F9F9F9F9F9F9F9F9F9F9F9F9F9F9F9F9F9F9F9F9F9F9F9F9F9F9F9F9F90000F900000000000000000000000000000000000000000000000000000000F90000F90000000000000000000000
310
0000000000000000000000000000000000F90000F90000000000000000000000000000FF00000000000000000000000000F90000F90000000000000000000000000000FF00000000000000000000000000F90000F90000000000000000000000000000FF00000000000000000000000000F90000F900000000000000000000
310
00000000FF00000000000000000000000000F90000F90000000000000000000000000000FF00000000000000000000000000F90000F90000000000000000000000000000FF00000000000000000000000000F90000F90000000000000000000000000000FF00000000000000000000000000F90000F9000000000000000000
310
0000000000FF00000000000000000000000000F90000F900000000000000000000000000000000000000000000000000000000F90000F900000000000000000000000000000000000000000000000000000000F90000F900000000000000000000000000000000000000000000000000000000F90000F90000000000000000
310
0000000000000000000000000000000000000000F90000F9F9F9F9F9F9F9F9F9F9F9F9F9F9F9F9F9F9F9F9F9F9F9F9F9F9F9F9F9F90000000000000000000000000000000000000000000000000000000000000000000000000000000000000000000000000000000000000000000000000000000000000000000000000000
310
00000000000000000000000000000000000000000000000000000000000000000000000000000000000000000000000000000000000000000000000000000000000000000000000000000000000000000000000000000000000000000000000000000000000000000000000000000000000000000000000000000000000000
310
0000000000000000000000000000000000000000000000000000000000000000000000000000000000000000000000000000000000000000
 70
     0
280
     1
281
     0
  0
BLOCK_RECORD
  5
BA560
330
1
100
AcDbSymbolTableRecord
100
AcDbBlockTableRecord
  2
C
340
0
310
2800000020000000200000000100080000000000000400000000000000000000000000000000000000000000000080000080000000808000800000008000800080800000C0C0C000C0DCC000F0CAA6000020400000206000002080000020A0000020C0000020E00000400000004020000040400000406000004080000040A0
310
000040C0000040E00000600000006020000060400000606000006080000060A0000060C0000060E00000800000008020000080400000806000008080000080A0000080C0000080E00000A0000000A0200000A0400000A0600000A0800000A0A00000A0C00000A0E00000C0000000C0200000C0400000C0600000C0800000C0
310
A00000C0C00000C0E00000E0000000E0200000E0400000E0600000E0800000E0A00000E0C00000E0E00040000000400020004000400040006000400080004000A0004000C0004000E00040200000402020004020400040206000402080004020A0004020C0004020E000404000004040200040404000404060004040800040
310
40A0004040C0004040E00040600000406020004060400040606000406080004060A0004060C0004060E00040800000408020004080400040806000408080004080A0004080C0004080E00040A0000040A0200040A0400040A0600040A0800040A0A00040A0C00040A0E00040C0000040C0200040C0400040C0600040C08000
310
40C0A00040C0C00040C0E00040E0000040E0200040E0400040E0600040E0800040E0A00040E0C00040E0E00080000000800020008000400080006000800080008000A0008000C0008000E00080200000802020008020400080206000802080008020A0008020C0008020E00080400000804020008040400080406000804080
310
008040A0008040C0008040E00080600000806020008060400080606000806080008060A0008060C0008060E00080800000808020008080400080806000808080008080A0008080C0008080E00080A0000080A0200080A0400080A0600080A0800080A0A00080A0C00080A0E00080C0000080C0200080C0400080C0600080C0
310
800080C0A00080C0C00080C0E00080E0000080E0200080E0400080E0600080E0800080E0A00080E0C00080E0E000C0000000C0002000C0004000C0006000C0008000C000A000C000C000C000E000C0200000C0202000C0204000C0206000C0208000C020A000C020C000C020E000C0400000C0402000C0404000C0406000C0
310
408000C040A000C040C000C040E000C0600000C0602000C0604000C0606000C0608000C060A000C060C000C060E000C0800000C0802000C0804000C0806000C0808000C080A000C080C000C080E000C0A00000C0A02000C0A04000C0A06000C0A08000C0A0A000C0A0C000C0A0E000C0C00000C0C02000C0C04000C0C06000
310
C0C08000C0C0A000F0FBFF00A4A0A000808080000000FF0000FF000000FFFF00FF000000FF00FF00FFFF0000FFFFFF0000000000000000000000000000000000000000000000000000000000000000000000000000000000000000000000000000000000000000000000000000000000000000000000000000000000000000
310
00000000000000000000000000000000000000000000000000000000000000000000000000000000000000000000000000000000000000000000000000000000000000000000000000000000000000000000000000000000000000000000000000000000000000000000000000000000000000000000000000000000000000
310
000000000000000000000000000000000000000000000000000000000000000000000000000000000000000000000000000000F9F9F9F9F9F9F9F9F9F9F9F9F9F9F9F9F9F9F9F9F9F9F9F9F9F9F9F9F9F90000F900000000000000000000000000000000000000000000000000000000F90000F90000000000000000000000
310
0000000000000000000000000000000000F90000F900000000000000000000000000000000000000000000000000000000F90000F9000000000000000000000000FFFFFFFF000000000000000000000000F90000F90000000000000000000000FFFF0000FFFF0000000000000000000000F90000F900000000000000000000
310
00FF00000000000000000000000000000000F90000F90000000000000000000000FF00000000000000000000000000000000F90000F90000000000000000000000FF00000000000000000000000000000000F90000F90000000000000000000000FF00000000FF0000000000000000000000F90000F9000000000000000000
310
000000FF0000FF000000000000000000000000F90000F9000000000000000000000000FFFFFFFF000000000000000000000000F90000F900000000000000000000000000000000000000000000000000000000F90000F900000000000000000000000000000000000000000000000000000000F90000F90000000000000000
310
0000000000000000000000000000000000000000F90000F9F9F9F9F9F9F9F9F9F9F9F9F9F9F9F9F9F9F9F9F9F9F9F9F9F9F9F9F9F90000000000000000000000000000000000000000000000000000000000000000000000000000000000000000000000000000000000000000000000000000000000000000000000000000
310
00000000000000000000000000000000000000000000000000000000000000000000000000000000000000000000000000000000000000000000000000000000000000000000000000000000000000000000000000000000000000000000000000000000000000000000000000000000000000000000000000000000000000
310
0000000000000000000000000000000000000000000000000000000000000000000000000000000000000000000000000000000000000000
 70
     0
280
     1
281
     0
1001
AcDbDynamicBlockGUID
1000
{716F2DA4-608E-4446-9CBC-8F5A7078FD78}
1001
AcDbBlockRepETag
1070
     1
1071
        2
  0
BLOCK_RECORD
  5
BA9B9
102
{ACAD_XDICTIONARY
360
BA9BA
102
}
330
1
100
AcDbSymbolTableRecord
100
AcDbBlockTableRecord
  2
JT
340
0
 70
     0
280
     1
281
     0
  0
BLOCK_RECORD
  5
BAEEB
102
{ACAD_XDICTIONARY
360
BAEEC
102
}
330
1
100
AcDbSymbolTableRecord
100
AcDbBlockTableRecord
  2
A$C4D9E494D
340
0
 70
     0
280
     1
281
     0
  0
BLOCK_RECORD
  5
C8955
330
1
100
AcDbSymbolTableRecord
100
AcDbBlockTableRecord
  2
*D55
340
0
 70
     0
280
     1
281
     0
  0
BLOCK_RECORD
  5
C8961
330
1
100
AcDbSymbolTableRecord
100
AcDbBlockTableRecord
  2
*D56
340
0
 70
     0
280
     1
281
     0
  0
BLOCK_RECORD
  5
C896D
330
1
100
AcDbSymbolTableRecord
100
AcDbBlockTableRecord
  2
*D57
340
0
 70
     0
280
     1
281
     0
  0
BLOCK_RECORD
  5
C8979
330
1
100
AcDbSymbolTableRecord
100
AcDbBlockTableRecord
  2
*D58
340
0
 70
     0
280
     1
281
     0
  0
BLOCK_RECORD
  5
C8985
330
1
100
AcDbSymbolTableRecord
100
AcDbBlockTableRecord
  2
*D59
340
0
 70
     0
280
     1
281
     0
  0
BLOCK_RECORD
  5
C8993
330
1
100
AcDbSymbolTableRecord
100
AcDbBlockTableRecord
  2
*D60
340
0
 70
     0
280
     1
281
     0
  0
BLOCK_RECORD
  5
C89A1
330
1
100
AcDbSymbolTableRecord
100
AcDbBlockTableRecord
  2
*D61
340
0
 70
     0
280
     1
281
     0
  0
BLOCK_RECORD
  5
C89E9
330
1
100
AcDbSymbolTableRecord
100
AcDbBlockTableRecord
  2
*D62
340
0
 70
     0
280
     1
281
     0
  0
BLOCK_RECORD
  5
C89F5
330
1
100
AcDbSymbolTableRecord
100
AcDbBlockTableRecord
  2
*D63
340
0
 70
     0
280
     1
281
     0
  0
BLOCK_RECORD
  5
C8B1F
330
1
100
AcDbSymbolTableRecord
100
AcDbBlockTableRecord
  2
*D64
340
0
 70
     0
280
     1
281
     0
  0
BLOCK_RECORD
  5
C8B2B
330
1
100
AcDbSymbolTableRecord
100
AcDbBlockTableRecord
  2
*D65
340
0
 70
     0
280
     1
281
     0
  0
BLOCK_RECORD
  5
C8B37
330
1
100
AcDbSymbolTableRecord
100
AcDbBlockTableRecord
  2
*D66
340
0
 70
     0
280
     1
281
     0
  0
BLOCK_RECORD
  5
C8B43
330
1
100
AcDbSymbolTableRecord
100
AcDbBlockTableRecord
  2
*D67
340
0
 70
     0
280
     1
281
     0
  0
BLOCK_RECORD
  5
C8B4F
330
1
100
AcDbSymbolTableRecord
100
AcDbBlockTableRecord
  2
*D68
340
0
 70
     0
280
     1
281
     0
  0
BLOCK_RECORD
  5
C8B5D
330
1
100
AcDbSymbolTableRecord
100
AcDbBlockTableRecord
  2
*D69
340
0
 70
     0
280
     1
281
     0
  0
BLOCK_RECORD
  5
C8B6B
330
1
100
AcDbSymbolTableRecord
100
AcDbBlockTableRecord
  2
*D70
340
0
 70
     0
280
     1
281
     0
  0
BLOCK_RECORD
  5
C8B77
330
1
100
AcDbSymbolTableRecord
100
AcDbBlockTableRecord
  2
*D71
340
0
 70
     0
280
     1
281
     0
  0
BLOCK_RECORD
  5
CDC3A
330
1
100
AcDbSymbolTableRecord
100
AcDbBlockTableRecord
  2
*D72
340
0
 70
     0
280
     1
281
     0
  0
BLOCK_RECORD
  5
CEC69
330
1
100
AcDbSymbolTableRecord
100
AcDbBlockTableRecord
  2
fhf
340
0
310
2800000020000000200000000100080000000000000400000000000000000000000000000000000000000000000080000080000000808000800000008000800080800000C0C0C000C0DCC000F0CAA6000020400000206000002080000020A0000020C0000020E00000400000004020000040400000406000004080000040A0
310
000040C0000040E00000600000006020000060400000606000006080000060A0000060C0000060E00000800000008020000080400000806000008080000080A0000080C0000080E00000A0000000A0200000A0400000A0600000A0800000A0A00000A0C00000A0E00000C0000000C0200000C0400000C0600000C0800000C0
310
A00000C0C00000C0E00000E0000000E0200000E0400000E0600000E0800000E0A00000E0C00000E0E00040000000400020004000400040006000400080004000A0004000C0004000E00040200000402020004020400040206000402080004020A0004020C0004020E000404000004040200040404000404060004040800040
310
40A0004040C0004040E00040600000406020004060400040606000406080004060A0004060C0004060E00040800000408020004080400040806000408080004080A0004080C0004080E00040A0000040A0200040A0400040A0600040A0800040A0A00040A0C00040A0E00040C0000040C0200040C0400040C0600040C08000
310
40C0A00040C0C00040C0E00040E0000040E0200040E0400040E0600040E0800040E0A00040E0C00040E0E00080000000800020008000400080006000800080008000A0008000C0008000E00080200000802020008020400080206000802080008020A0008020C0008020E00080400000804020008040400080406000804080
310
008040A0008040C0008040E00080600000806020008060400080606000806080008060A0008060C0008060E00080800000808020008080400080806000808080008080A0008080C0008080E00080A0000080A0200080A0400080A0600080A0800080A0A00080A0C00080A0E00080C0000080C0200080C0400080C0600080C0
310
800080C0A00080C0C00080C0E00080E0000080E0200080E0400080E0600080E0800080E0A00080E0C00080E0E000C0000000C0002000C0004000C0006000C0008000C000A000C000C000C000E000C0200000C0202000C0204000C0206000C0208000C020A000C020C000C020E000C0400000C0402000C0404000C0406000C0
310
408000C040A000C040C000C040E000C0600000C0602000C0604000C0606000C0608000C060A000C060C000C060E000C0800000C0802000C0804000C0806000C0808000C080A000C080C000C080E000C0A00000C0A02000C0A04000C0A06000C0A08000C0A0A000C0A0C000C0A0E000C0C00000C0C02000C0C04000C0C06000
310
C0C08000C0C0A000F0FBFF00A4A0A000808080000000FF0000FF000000FFFF00FF000000FF00FF00FFFF0000FFFFFF000000000000000000000000000000000000000000000000000000000000000000000000000000000000000000F9F9F9F9F9F9F9F9000000000000000000000000000000000000000000000000F90000
310
00000000F9000000000000000000000000000000000000000000000000F9000000000000F9000000000000000000000000000000000000000000000000F9000000000000F9000000000000000000000000000000000000000000000000F9000000000000F9000000000000000000000000000000000000000000000000F900
310
0000000000F9000000000000000000000000000000000000000000000000F9000000000000F9000000000000000000000000000000000000000000000000F9000000000000F9000000000000000000000000000000000000000000000000F9000000000000F9000000000000000000000000000000000000000000000000F9
310
000000000000FC000000000000000000000000000000000000000000000000F9FC00000000FCF9000000000000000000000000000000000000000000000000F900FCFCFCFC00F9000000000000000000000000000000000000000000000000F9FCFC0000FCFCF9000000000000000000000000000000000000000000000000
310
F9FC00FCFC00FCF9000000000000000000000000000000000000000000000000F9FC00FCFC00FCF9000000000000000000000000000000000000000000000000F9FCFC0000FCFCF9000000000000000000000000000000000000000000000000F9FCFC0000FCFCF90000000000000000000000000000000000000000000000
310
00F9FCFCFCFCFCFCF9000000000000000000000000000000000000000000000000F9000000000000FC000000000000000000000000000000000000000000000000F9000000000000F9000000000000000000000000000000000000000000000000F9000000000000F900000000000000000000000000000000000000000000
310
0000F9000000000000F9000000000000000000000000000000000000000000000000F9000000000000F9000000000000000000000000000000000000000000000000F9000000000000F9000000000000000000000000000000000000000000000000F9000000000000F9000000000000000000000000000000000000000000
310
000000F9000000000000F9000000000000000000000000000000000000000000000000F9000000000000F9000000000000000000000000000000000000000000000000F9000000000000F9000000000000000000000000000000000000000000000000F9000000000000F90000000000000000000000000000000000000000
310
00000000F9F9F9F9F9F9F9F90000000000000000000000000000000000000000000000000000000000000000000000000000000000000000
 70
     0
280
     1
281
     0
  0
BLOCK_RECORD
  5
CF0B3
102
{ACAD_XDICTIONARY
360
CF0EA
102
}
330
1
100
AcDbSymbolTableRecord
100
AcDbBlockTableRecord
  2
A$C49EE7E21
340
0
 70
     0
280
     1
281
     0
  0
BLOCK_RECORD
  5
CF0F1
102
{ACAD_XDICTIONARY
360
CF0F9
102
}
330
1
100
AcDbSymbolTableRecord
100
AcDbBlockTableRecord
  2
A$C1B2655A1
340
0
 70
     0
280
     1
281
     0
  0
BLOCK_RECORD
  5
CF0FD
102
{ACAD_XDICTIONARY
360
CF105
102
}
330
1
100
AcDbSymbolTableRecord
100
AcDbBlockTableRecord
  2
A$C5B852AAB
340
0
 70
     0
280
     1
281
     0
  0
ENDTAB
  0
ENDSEC
  0
SECTION
  2
BLOCKS
  0
BLOCK
  5
5
330
2
100
AcDbEntity
  8
0
370
    -1
100
AcDbBlockBegin
  2
*MODEL_SPACE
 70
     0
 10
0.0
 20
0.0
 30
0.0
  3
*MODEL_SPACE
  1

  0
ENDBLK
  5
C
330
2
100
AcDbEntity
  8
0
370
    -1
100
AcDbBlockEnd
  0
BLOCK
  5
10
330
F
100
AcDbEntity
 67
     1
  8
0
370
    -1
100
AcDbBlockBegin
  2
*PAPER_SPACE
 70
     0
 10
0.0
 20
0.0
 30
0.0
  3
*PAPER_SPACE
  1

  0
ENDBLK
  5
11
330
F
100
AcDbEntity
 67
     1
  8
0
370
    -1
100
AcDbBlockEnd
  0
BLOCK
  5
710C
330
710B
100
AcDbEntity
  8
0
370
    -1
100
AcDbBlockBegin
  2
AR3_INFO
 70
     0
 10
0.0
 20
0.0
 30
0.0
  3
AR3_INFO
  1
AR3_INFO
1001
ACCURENDER3
1070
  1000
1070
     1
1070
  1001
1070
     1
1070
  1002
1040
1.0
1070
  1003
1040
0.001
1070
  1004
1070
     0
1070
  1010
1070
     0
1070
  1020
1040
0.0
1070
  1021
1040
0.0
1070
  1022
1040
1.65
1070
  1040
1040
0.7
1070
  1041
1070
     0
1070
  1050
1040
0.8
1070
  1051
1070
     0
1070
  1060
1040
0.0
1070
  1061
1040
0.5
1070
  1120
1040
0.1000000014901161
1070
  1121
1040
0.0080285146832466
1070
  1122
1040
0.0785398185253143
1070
  1130
1040
0.1000000014901161
1070
  1131
1040
0.1963495463132858
1070
  1132
1040
0.1963495463132858
1070
  1200
1070
     0
1070
  1201
1070
   100
1070
  1202
1070
   100
1070
  1203
1070
    15
1070
  1204
1070
    16
1070
  1205
1040
0.9
1070
  1206
1040
0.25
1070
  1210
1040
3.672590309767902
1070
  1211
1040
0.9181475774419755
1070
  1212
1040
0.0183629515488395
1070
  1213
1040
0.6
1070
  1300
1070
  2048
1070
  1301
1070
    -1
1070
  1302
1070
    -1
1070
  1303
1070
    16
1070
  1304
1070
     3
1070
  1305
1070
     3
1070
  1306
1040
0.8
1070
  1307
1040
0.8
1070
  1308
1040
0.5
1070
  1320
1040
0.1000000014901161
1070
  1321
1040
0.1000000014901161
1070
  1322
1040
0.1000000014901161
1070
  1323
1040
0.1000000014901161
1070
  1325
1070
     2
1070
  1326
1040
3.5
1070
  1327
1040
3.0
1070
  1350
1070
     0
1070
  1351
1070
     0
1070
  1352
1010
0.6000000238418579
1020
0.6000000238418579
1030
0.6000000238418579
1070
  1353
1010
0.1000000014901161
1020
0.1000000014901161
1030
0.1000000014901161
1070
  1354
1010
0.300000011920929
1020
0.300000011920929
1030
0.300000011920929
1070
  1355
1010
0.785398163375
1020
0.0
1030
-0.785398163375
1070
  1360
1040
0.0
1070
  1365
1070
     0
1070
  1366
1010
0.699999988079071
1020
0.699999988079071
1030
0.699999988079071
1070
  1367
1040
50.0
1070
  1368
1040
0.6499999761581421
1070
  1370
1070
     3
1070
  1371
1040
0.0
1070
  1372
1010
0.0
1020
0.0
1030
0.0
1070
  1373
1070
   900
1070
  1374
1010
1.0
1020
1.0
1030
1.0
1070
  1375
1010
1.0
1020
1.0
1030
1.0
1070
  1376
1070
   300
1070
  1377
1010
1.0
1020
1.0
1030
1.0
1070
  1378
1010
1.0
1020
1.0
1030
1.0
1070
  1379
1040
0.5
1070
  1380
1070
     0
1070
  1381
1070
     0
1002
{
1070
  1382
1004

1002
}
1070
  1383
1040
1.0
1070
  1384
1070
     0
1070
  1385
1070
     0
1070
  1386
1010
0.0
1020
0.0
1030
0.0
1070
  1387
1040
0.1000000014901161
1070
  1388
1040
0.0
1070
  1389
1010
1.0
1020
1.0
1030
0.0
1070
  1390
1010
0.0
1020
0.0
1030
0.0
1070
  1391
1010
0.7853981852531433
1020
-0.7853981852531433
1030
0.0
1070
  1392
1040
6.283185482025146
1070
  1393
1010
1.570796370506287
1020
-1.570796370506287
1030
0.0
1070
  1394
1040
6.283185482025146
1070
  1399
1070
     0
1070
  1400
1010
0.1883822823200824
1020
0.3990385047763513
1030
-0.8973741624393532
1070
  1401
1040
0.0
1070
  1402
1040
0.0
1070
  1405
1040
1.0
1070
  1406
1040
1.0
1002
{
1070
  1410
1004

1002
}
1070
  1411
1040
47.6
1070
  1412
1040
-122.3
1070
  1420
1070
   180
1070
  1421
1070
   840
1070
  1422
1040
-8.0
1070
  1423
1070
     1
1070
  1430
1040
5000.0
1070
  1431
1040
2000.0
1070
  1432
1040
10000.0
1070
  1433
1040
3500.0
1070
  1434
1040
6000.0
1070
  1435
1010
1.0
1020
1.0
1030
1.0
1070
  1436
1010
1.0
1020
1.0
1030
1.0
1070
  1440
1040
3.141592741012573
1070
  1441
1040
0.5235999822616577
1070
  1500
1070
     1
1070
  1510
1070
     0
1002
{
1070
  1511
1004
7A007400
1002
}
1070
  1100
1070
     3
1070
  1101
1010
3912.855691015302
1020
-7265.280546357651
1030
9613.008130142265
1070
  1102
1010
13525.86382115757
1020
11960.73571392688
1030
0.0
1070
  1103
1040
30.0
1070
  1105
1070
     2
1070
  1106
1040
0.0
1070
  1108
1040
1.0
1070
  1110
1070
     0
  0
ENDBLK
  5
710E
330
710B
100
AcDbEntity
  8
0
370
    -1
100
AcDbBlockEnd
  0
BLOCK
  5
31
330
2E
100
AcDbEntity
  8
0
370
    -1
100
AcDbBlockBegin
  2
_DIMX
 70
     0
 10
0.0
 20
0.0
 30
0.0
  3
_DIMX
  1

  0
LINE
  5
32
330
2E
100
AcDbEntity
  8
0
370
    -1
100
AcDbLine
 10
-150.0
 20
0.0
 30
0.0
 11
150.0
 21
0.0
 31
0.0
  0
LWPOLYLINE
  5
33
330
2E
100
AcDbEntity
  8
0
370
    -1
100
AcDbPolyline
 90
        2
 70
     0
 43
50.0
 10
-70.0
 20
-70.0
 10
70.0
 20
70.0
  0
ENDBLK
  5
34
330
2E
100
AcDbEntity
  8
0
370
    -1
100
AcDbBlockEnd
  0
BLOCK
  5
2A
330
27
100
AcDbEntity
  8
0
370
    -1
100
AcDbBlockBegin
  2
_ArchTick
 70
     0
 10
0.0
 20
0.0
 30
0.0
  3
_ArchTick
  1

  0
LWPOLYLINE
  5
2B
330
27
100
AcDbEntity
  8
0
  6
ByBlock
 62
     0
370
    -1
100
AcDbPolyline
 90
        2
 70
     0
 43
0.15
 10
-0.5
 20
-0.5
 10
0.5
 20
0.5
  0
ENDBLK
  5
2C
330
27
100
AcDbEntity
  8
0
370
    -1
100
AcDbBlockEnd
  0
BLOCK
  5
7100
330
70FF
100
AcDbEntity
  8
ASHADE
370
    -1
100
AcDbBlockBegin
  2
AVE_RENDER
 70
     0
 10
0.0
 20
0.0
 30
0.0
  3
AVE_RENDER
  1
AVE_RENDER
  0
ENDBLK
  5
7101
330
70FF
100
AcDbEntity
  8
0
370
    -1
100
AcDbBlockEnd
  0
BLOCK
  5
1390
330
138D
100
AcDbEntity
  8
0
370
    -1
100
AcDbBlockBegin
  2
_axiso
 70
     2
 10
0.0
 20
0.0
 30
0.0
  3
_axiso
  1

  0
CIRCLE
  5
1391
330
138D
100
AcDbEntity
  8
0
370
    -1
100
AcDbCircle
 10
0.0
 20
0.0
 30
0.0
 40
0.5
  0
ATTDEF
  5
1392
330
138D
100
AcDbEntity
  8
AXIS_TEXT
370
    -1
100
AcDbText
 10
-0.25
 20
-0.28
 30
0.0
 40
0.56
  1

 41
1.041666666666667
  7
COMPLEX
 72
     5
 11
0.25
 21
-0.28
 31
0.0
100
AcDbAttributeDefinition
  3

  2
A
 70
     0
280
     0
 71
     1
 72
     0
 11
0.25
 21
-0.28
 31
0.0
  0
ENDBLK
  5
1395
330
138D
100
AcDbEntity
  8
0
370
    -1
100
AcDbBlockEnd
  0
BLOCK
  5
5D3A
330
5D39
100
AcDbEntity
  8
0
370
    -1
100
AcDbBlockBegin
  2
RANGE
 70
     0
 10
0.0
 20
0.0
 30
0.0
  3
RANGE
  1

  0
LINE
  5
5D3B
330
5D39
100
AcDbEntity
  8
0
370
    -1
100
AcDbLine
 10
-1.00000433874493
 20
2.499998264497663
 30
0.0
 11
-1.000011280739045
 21
6.499998264491978
 31
0.0
  0
LINE
  5
5D3C
330
5D39
100
AcDbEntity
  8
0
370
    -1
100
AcDbLine
 10
-0.0000043387465212
 20
2.499999999996589
 30
0.0
 11
-1.00000433874493
 21
2.499998264497663
 31
0.0
  0
LINE
  5
5D3D
330
5D39
100
AcDbEntity
  8
0
370
    -1
100
AcDbLine
 10
-0.9999887192582264
 20
-6.500001735488922
 30
0.0
 11
-0.999995661252342
 21
-2.500001735494834
 31
0.0
  0
LINE
  5
5D3E
330
5D39
100
AcDbEntity
  8
0
370
    -1
100
AcDbLine
 10
-2.999999999995453
 20
-0.0000052064956435
 30
0.0
 11
-0.9999887192582264
 21
-6.500001735488922
 31
0.0
  0
LINE
  5
5D3F
330
5D39
100
AcDbEntity
  8
0
370
    -1
100
AcDbLine
 10
-0.999995661252342
 20
-2.500001735494834
 30
0.0
 11
0.0000043387462938
 21
-2.499999999996362
 31
0.0
  0
LINE
  5
5D40
330
5D39
100
AcDbEntity
  8
0
370
    -1
100
AcDbLine
 10
0.0000043387462938
 20
-2.499999999996362
 30
0.0
 11
-0.0000043387465212
 21
2.499999999996589
 31
0.0
  0
LINE
  5
5D41
330
5D39
100
AcDbEntity
  8
0
370
    -1
100
AcDbLine
 10
-1.000011280739045
 20
6.499998264491978
 30
0.0
 11
-2.999999999995453
 21
-0.0000052064956435
 31
0.0
  0
ENDBLK
  5
5D42
330
5D39
100
AcDbEntity
  8
0
370
    -1
100
AcDbBlockEnd
  0
BLOCK
  5
6C39
330
6C38
100
AcDbEntity
  8
0
370
    -1
100
AcDbBlockBegin
  2
A$C20E710E2
 70
     0
 10
0.0
 20
0.0
 30
0.0
  3
A$C20E710E2
  1

  0
LWPOLYLINE
  5
6C3A
330
6C38
100
AcDbEntity
  8
道路横断面
 62
     7
370
    -1
100
AcDbPolyline
 90
       13
 70
     1
 43
0.0
 38
-1.1075
 10
0.2850644941275959
 20
1.394559601119592
 10
0.2521051670258885
 20
1.425296271017626
 10
0.2301322816705351
 20
1.473662450707391
 10
0.2447595800107365
 20
1.544103845751717
 10
0.2740780523812418
 20
1.57928621748729
 10
0.2961148115640526
 20
1.596839077568486
 10
0.318087696919406
 20
1.596839077568486
 10
0.3400605822747593
 20
1.583655269614294
 10
0.3547517544424181
 20
1.566102409533098
 10
0.3583926110362654
 20
1.517659578270152
 10
0.3583926110362654
 20
1.456109590626195
 10
0.3474061692899113
 20
1.420927218890622
 10
0.3327149952596073
 20
1.394559601119592
  0
LWPOLYLINE
  5
6C3B
330
6C38
100
AcDbEntity
  8
道路横断面
 62
     7
370
    -1
100
AcDbPolyline
 90
        2
 70
     0
 43
0.0
 38
-1.1075
 10
0.3510470240211134
 20
1.425296271017626
 10
0.4610392003154402
 20
1.350562473556831
  0
LINE
  5
6C3C
330
6C38
100
AcDbEntity
  8
道路横断面
 62
     7
370
    -1
100
AcDbLine
 10
0.2487335762774592
 20
1.432717732882931
 30
-1.107500000000001
 11
0.1494585777467137
 21
1.381299143454864
 31
-1.107500000000001
  0
LINE
  5
6C3D
330
6C38
100
AcDbEntity
  8
道路横断面
  6
Continuous
 62
     7
370
    -1
100
AcDbLine
 10
0.2806506938135271
 20
0.9807800462309855
 30
-1.107500000000001
 11
0.1917952763682251
 21
0.9842015055779951
 31
-1.107500000000001
  0
LINE
  5
6C3E
330
6C38
100
AcDbEntity
  8
道路横断面
  6
Continuous
 62
     7
370
    -1
100
AcDbLine
 10
0.1959555483257418
 20
1.002190403438046
 30
-1.107500000000001
 11
0.2789597603326683
 21
1.003406068107918
 31
-1.107500000000001
  0
LINE
  5
6C3F
330
6C38
100
AcDbEntity
  8
道路横断面
 62
     7
370
    -1
100
AcDbLine
 10
0.2157807255929356
 20
0.3634325189356336
 30
-1.107500000000001
 11
0.2311924210583811
 21
0.5261406710211762
 31
-1.107500000000001
  0
LINE
  5
6C40
330
6C38
100
AcDbEntity
  8
道路横断面
 62
     7
370
    -1
100
AcDbLine
 10
0.2314619160091524
 20
0.245807731321884
 30
-1.107500000000001
 11
0.2178518268113976
 21
0.2453211301778087
 31
-1.107500000000001
  0
LINE
  5
6C41
330
6C38
100
AcDbEntity
  8
道路横断面
 62
     7
370
    -1
100
AcDbLine
 10
0.2402384708469754
 20
0.2406113834892043
 30
-1.107500000000001
 11
0.2177778574472313
 21
0.2411629015420207
 31
-1.107500000000001
  0
LINE
  5
6C42
330
6C38
100
AcDbEntity
  8
道路横断面
 62
     7
370
    -1
100
AcDbLine
 10
0.1613742372786646
 20
0.971092600173189
 30
-1.107500000000001
 11
0.1558667476123219
 21
0.2513372896079549
 31
-1.107500000000001
  0
LINE
  5
6C43
330
6C38
100
AcDbEntity
  8
道路横断面
 62
     7
370
    -1
100
AcDbLine
 10
0.1558667476123219
 20
0.2513372896079549
 30
-1.107500000000001
 11
0.2012090532874709
 21
0.2520008383159169
 31
-1.107500000000001
  0
LINE
  5
6C44
330
6C38
100
AcDbEntity
  8
道路横断面
 62
     7
370
    -1
100
AcDbLine
 10
0.2012090532874709
 20
0.2520008383159169
 30
-1.107500000000001
 11
0.2194051517939215
 21
0.3054384996954926
 31
-1.107500000000001
  0
LINE
  5
6C45
330
6C38
100
AcDbEntity
  8
道路横断面
 62
     7
370
    -1
100
AcDbLine
 10
0.2194051517939215
 20
0.3054384996954926
 30
-1.107500000000001
 11
0.2157807255929356
 21
0.3634325189356336
 31
-1.107500000000001
  0
LINE
  5
6C46
330
6C38
100
AcDbEntity
  8
道路横断面
 62
     7
370
    -1
100
AcDbLine
 10
0.2173309585845118
 20
0.2353218475197085
 30
-1.107500000000001
 11
0.2178518268113976
 21
0.2453211301778087
 31
-1.107500000000001
  0
LINE
  5
6C47
330
6C38
100
AcDbEntity
  8
道路横断面
 62
     7
370
    -1
100
AcDbLine
 10
0.2178518268113976
 20
0.2453211301778087
 30
-1.107500000000001
 11
0.2178518268113976
 21
0.2496120666925439
 31
-1.107500000000001
  0
LINE
  5
6C48
330
6C38
100
AcDbEntity
  8
道路横断面
 62
     7
370
    -1
100
AcDbLine
 10
0.2173309585845118
 20
0.2353218475197085
 30
-1.107500000000001
 11
0.1744326836263781
 21
0.236075706577731
 31
-1.107500000000001
  0
LINE
  5
6C49
330
6C38
100
AcDbEntity
  8
道路横断面
 62
     7
370
    -1
100
AcDbLine
 10
0.1744326836263781
 20
0.236075706577731
 30
-1.107500000000001
 11
0.1744326836263781
 21
0.2496120666925439
 31
-1.107500000000001
  0
LINE
  5
6C4A
330
6C38
100
AcDbEntity
  8
道路横断面
 62
     7
370
    -1
100
AcDbLine
 10
0.1744326836263781
 20
0.2496120666925439
 30
-1.107500000000001
 11
0.2178518268113976
 21
0.2496120666925439
 31
-1.107500000000001
  0
LINE
  5
6C4B
330
6C38
100
AcDbEntity
  8
道路横断面
  6
Continuous
 62
     7
370
    -1
100
AcDbLine
 10
0.0944151355719214
 20
0.9775686373774546
 30
-1.107500000000001
 11
0.0084062683230286
 21
0.9806985834453839
 31
-1.107500000000001
  0
LINE
  5
6C4C
330
6C38
100
AcDbEntity
  8
道路横断面
  6
Continuous
 62
     7
370
    -1
100
AcDbLine
 10
0.0449722650295143
 20
0.9780730919752854
 30
-1.107500000000001
 11
0.0944151355719214
 21
0.9775686373774546
 31
-1.107500000000001
  0
LINE
  5
6C4D
330
6C38
100
AcDbEntity
  8
道路横断面
  6
Continuous
 62
     7
370
    -1
100
AcDbLine
 10
0.1061207725500708
 20
0.9683015102360981
 30
-1.107500000000001
 11
0.053378511110509
 21
0.9702979007576245
 31
-1.107500000000001
  0
LINE
  5
6C4E
330
6C38
100
AcDbEntity
  8
道路横断面
  6
Continuous
 62
     7
370
    -1
100
AcDbLine
 10
0.0320045220499878
 20
1.019703093713954
 30
-1.107500000000001
 11
0.1051313428973799
 21
1.014450160584285
 31
-1.107500000000001
  0
LINE
  5
6C4F
330
6C38
100
AcDbEntity
  8
道路横断面
  6
Continuous
 62
     7
370
    -1
100
AcDbLine
 10
0.0042459945028668
 20
0.9627096855853337
 30
-1.107500000000001
 11
0.0449722650295143
 21
0.9780730919752854
 31
-1.107500000000001
  0
LINE
  5
6C50
330
6C38
100
AcDbEntity
  8
道路横断面
  6
Continuous
 62
     7
370
    -1
100
AcDbLine
 10
0.053378511110509
 20
0.9702979007576245
 30
-1.107500000000001
 11
0.0087646431123858
 21
0.9507313703958529
 31
-1.107500000000001
  0
LINE
  5
6C51
330
6C38
100
AcDbEntity
  8
道路横断面
  6
Continuous
 62
     7
370
    -1
100
AcDbLine
 10
0.0087646431123858
 20
0.9507313703958529
 30
-1.107500000000001
 11
0.0042459945028668
 21
0.9627096855853337
 31
-1.107500000000001
  0
LINE
  5
6C52
330
6C38
100
AcDbEntity
  8
道路横断面
  6
Continuous
 62
     7
370
    -1
100
AcDbLine
 10
0.0023528355008011
 20
1.011253997481301
 30
-1.107500000000001
 11
0.0023528355008011
 21
1.011253997481301
 31
-1.107500000000001
  0
LINE
  5
6C53
330
6C38
100
AcDbEntity
  8
道路横断面
  6
Continuous
 62
     7
370
    -1
100
AcDbLine
 10
0.000000022242034
 20
0.9884737746630448
 30
-1.107500000000001
 11
0.0023528355008011
 21
1.011253997481301
 31
-1.107500000000001
  0
LINE
  5
6C54
330
6C38
100
AcDbEntity
  8
道路横断面
  6
Continuous
 62
     7
370
    -1
100
AcDbLine
 10
0.0084062683230286
 20
0.9806985834453839
 30
-1.107500000000001
 11
0.000000022242034
 21
0.9884737746630448
 31
-1.107500000000001
  0
LINE
  5
6C55
330
6C38
100
AcDbEntity
  8
道路横断面
  6
Continuous
 62
     7
370
    -1
100
AcDbLine
 10
0.0023528355008011
 20
1.011253997481301
 30
-1.107500000000001
 11
0.0320045220499878
 21
1.019703093713954
 31
-1.107500000000001
  0
LINE
  5
6C56
330
6C38
100
AcDbEntity
  8
道路横断面
  6
Continuous
 62
     7
370
    -1
100
AcDbLine
 10
0.131502475479806
 20
1.013451967186167
 30
-1.107500000000001
 11
0.1261469571685438
 21
0.9950121806774872
 31
-1.107500000000001
  0
LINE
  5
6C57
330
6C38
100
AcDbEntity
  8
道路横断面
  6
Continuous
 62
     7
370
    -1
100
AcDbLine
 10
0.0944151355719214
 20
0.9775686373774546
 30
-1.107500000000001
 11
0.1288341338580494
 21
0.9987624620859163
 31
-1.107500000000001
  0
LINE
  5
6C58
330
6C38
100
AcDbEntity
  8
道路横断面
  6
Continuous
 62
     7
370
    -1
100
AcDbLine
 10
0.1687423753386383
 20
0.9727685449485319
 30
-1.107500000000001
 11
0.1322003899907713
 21
0.9644567647789257
 31
-1.107500000000001
  0
LINE
  5
6C59
330
6C38
100
AcDbEntity
  8
道路横断面
  6
Continuous
 62
     7
370
    -1
100
AcDbLine
 10
0.1051313428973799
 20
1.014450160584285
 30
-1.107500000000001
 11
0.1287912855690365
 21
1.020638955554798
 31
-1.107500000000001
  0
LINE
  5
6C5A
330
6C38
100
AcDbEntity
  8
道路横断面
  6
Continuous
 62
     7
370
    -1
100
AcDbLine
 10
0.1261469571685438
 20
0.9950121806774872
 30
-1.107500000000001
 11
0.0944151355719214
 21
0.9775686373774546
 31
-1.107500000000001
  0
LINE
  5
6C5B
330
6C38
100
AcDbEntity
  8
道路横断面
  6
Continuous
 62
     7
370
    -1
100
AcDbLine
 10
0.1322003899907713
 20
0.9644567647789257
 30
-1.107500000000001
 11
0.1061207725500708
 21
0.9683015102360981
 31
-1.107500000000001
  0
LINE
  5
6C5C
330
6C38
100
AcDbEntity
  8
道路横断面
  6
Continuous
 62
     7
370
    -1
100
AcDbLine
 10
0.1917952763682251
 20
0.9842015055779951
 30
-1.107500000000001
 11
0.1687423753386383
 21
0.9727685449485319
 31
-1.107500000000001
  0
LINE
  5
6C5D
330
6C38
100
AcDbEntity
  8
道路横断面
  6
Continuous
 62
     7
370
    -1
100
AcDbLine
 10
0.1287912855690365
 20
1.020638955554798
 30
-1.107500000000001
 11
0.1635498235767727
 21
1.02280479090555
 31
-1.107500000000001
  0
LINE
  5
6C5E
330
6C38
100
AcDbEntity
  8
道路横断面
  6
Continuous
 62
     7
370
    -1
100
AcDbLine
 10
0.1288341338580494
 20
0.9987624620859163
 30
-1.107500000000001
 11
0.131502475479806
 21
1.013451967186167
 31
-1.107500000000001
  0
LINE
  5
6C5F
330
6C38
100
AcDbEntity
  8
道路横断面
  6
Continuous
 62
     7
370
    -1
100
AcDbLine
 10
0.1923406290655976
 20
1.011773055217102
 30
-1.107500000000001
 11
0.1959555483257418
 21
1.002190403438046
 31
-1.107500000000001
  0
LINE
  5
6C60
330
6C38
100
AcDbEntity
  8
道路横断面
  6
Continuous
 62
     7
370
    -1
100
AcDbLine
 10
0.1635498235767727
 20
1.02280479090555
 30
-1.107500000000001
 11
0.1923406290655976
 21
1.011773055217102
 31
-1.107500000000001
  0
LINE
  5
6C61
330
6C38
100
AcDbEntity
  8
道路横断面
 62
     7
370
    -1
100
AcDbLine
 10
0.1494585777467137
 20
1.381299143454864
 30
-1.107500000000001
 11
0.123844835797513
 21
1.346116771719291
 31
-1.107500000000001
  0
LINE
  5
6C62
330
6C38
100
AcDbEntity
  8
道路横断面
 62
     7
370
    -1
100
AcDbLine
 10
0.123844835797513
 20
1.346116771719291
 30
-1.107500000000001
 11
0.055862180778945
 21
0.9759307594810265
 31
-1.107500000000001
  0
LINE
  5
6C63
330
6C38
100
AcDbEntity
  8
道路横断面
 62
     7
370
    -1
100
AcDbLine
 10
0.0952870565300827
 20
0.9759307594810265
 30
-1.107500000000001
 11
0.162819726282919
 21
1.159998735210731
 31
-1.107500000000001
  0
LINE
  5
6C64
330
6C38
100
AcDbEntity
  8
道路横断面
 62
     7
370
    -1
100
AcDbLine
 10
0.162819726282919
 20
1.159998735210731
 30
-1.107500000000001
 11
0.1617690845226889
 21
1.022693831271365
 31
-1.107500000000001
  0
LINE
  5
6C65
330
6C38
100
AcDbEntity
  8
道路横断面
 62
     7
370
    -1
100
AcDbLine
 10
0.0952870565300827
 20
0.9759307594810265
 30
-1.107500000000001
 11
0.055862180778945
 21
0.9759307594810265
 31
-1.107500000000001
  0
LINE
  5
6C66
330
6C38
100
AcDbEntity
  8
道路横断面
  6
Continuous
 62
     7
370
    -1
100
AcDbLine
 10
0.3519862404858713
 20
0.6683718988512295
 30
-1.107500000000001
 11
0.3532781953757649
 21
0.3131213093016871
 31
-1.107500000000001
  0
LINE
  5
6C67
330
6C38
100
AcDbEntity
  8
道路横断面
  6
Continuous
 62
     7
370
    -1
100
AcDbLine
 10
0.2611808738505488
 20
0.6696924341682928
 30
-1.107500000000001
 11
0.2576866763478165
 21
0.3126363361094722
 31
-1.107500000000001
  0
LINE
  5
6C68
330
6C38
100
AcDbEntity
  8
道路横断面
  6
Continuous
 62
     7
370
    -1
100
AcDbLine
 10
0.2649892511611824
 20
0.5616717113022336
 30
-1.107500000000001
 11
0.2651054429655915
 21
0.351004618949128
 31
-1.107500000000001
  0
LINE
  5
6C69
330
6C38
100
AcDbEntity
  8
道路横断面
  6
Continuous
 62
     7
370
    -1
100
AcDbLine
 10
0.2307744267230873
 20
0.5145544221465119
 30
-1.107500000000001
 11
0.2360289989804869
 21
0.6602042464379805
 31
-1.107500000000001
  0
LINE
  5
6C6A
330
6C38
100
AcDbEntity
  8
道路横断面
  6
Continuous
 62
     7
370
    -1
100
AcDbLine
 10
0.297193691024745
 20
0.3384861254904994
 30
-1.107500000000001
 11
0.2907293288802748
 21
0.5768549533401259
 31
-1.107500000000001
  0
LINE
  5
6C6B
330
6C38
100
AcDbEntity
  8
道路横断面
  6
Continuous
 62
     7
370
    -1
100
AcDbLine
 10
0.2907293288802748
 20
0.5768549533401259
 30
-1.107500000000001
 11
0.297193691024745
 21
0.3384861254904994
 31
-1.107500000000001
  0
LINE
  5
6C6C
330
6C38
100
AcDbEntity
  8
道路横断面
  6
Continuous
 62
     7
370
    -1
100
AcDbLine
 10
0.3442837464457398
 20
0.315201446211768
 30
-1.107500000000001
 11
0.3385588432496434
 21
0.6386773640130299
 31
-1.107500000000001
  0
LINE
  5
6C6D
330
6C38
100
AcDbEntity
  8
道路横断面
  6
Continuous
 62
     7
370
    -1
100
AcDbLine
 10
0.3391340429728871
 20
0.3433611986999043
 30
-1.107500000000001
 11
0.336562452728117
 21
0.585935100710822
 31
-1.107500000000001
  0
LINE
  5
6C6E
330
6C38
100
AcDbEntity
  8
道路横断面
 62
     7
370
    -1
100
AcDbLine
 10
0.3712611979639178
 20
0.5465715283368358
 30
-1.107500000000001
 11
0.3725926204418784
 21
0.4771202614371308
 31
-1.107500000000001
  0
LINE
  5
6C6F
330
6C38
100
AcDbEntity
  8
道路横断面
 62
     7
370
    -1
100
AcDbLine
 10
0.4316929521804695
 20
0.8328257610861796
 30
-1.107500000000001
 11
0.4552887043749934
 21
0.4625664612118729
 31
-1.107500000000001
  0
LINE
  5
6C70
330
6C38
100
AcDbEntity
  8
道路横断面
  6
Continuous
 62
     7
370
    -1
100
AcDbLine
 10
0.295332331100667
 20
0.0641375498686561
 30
-1.107500000000001
 11
0.297193691024745
 21
0.3384861254904994
 31
-1.107500000000001
  0
LINE
  5
6C71
330
6C38
100
AcDbEntity
  8
道路横断面
  6
Continuous
 62
     7
370
    -1
100
AcDbLine
 10
0.2651054429655915
 20
0.351004618949128
 30
-1.107500000000001
 11
0.2707446477210169
 21
0.0712816899482736
 31
-1.107500000000001
  0
LINE
  5
6C72
330
6C38
100
AcDbEntity
  8
道路横断面
  6
Continuous
 62
     7
370
    -1
100
AcDbLine
 10
0.297193691024745
 20
0.3384861254904994
 30
-1.107500000000001
 11
0.295332331100667
 21
0.0641375498686561
 31
-1.107500000000001
  0
LINE
  5
6C73
330
6C38
100
AcDbEntity
  8
道路横断面
  6
Continuous
 62
     7
370
    -1
100
AcDbLine
 10
0.337296696270073
 20
0.0580753514383563
 30
-1.107500000000001
 11
0.3419273420071249
 21
0.2199033925150164
 31
-1.107500000000001
  0
LINE
  5
6C74
330
6C38
100
AcDbEntity
  8
道路横断面
  6
Continuous
 62
     7
370
    -1
100
AcDbLine
 10
0.3319840281104689
 20
0.0177590714607962
 30
-1.107500000000001
 11
0.337296696270073
 21
0.0580753514383563
 31
-1.107500000000001
  0
LINE
  5
6C75
330
6C38
100
AcDbEntity
  8
道路横断面
  6
Continuous
 62
     7
370
    -1
100
AcDbLine
 10
0.290899380931819
 20
0.0323628781203755
 30
-1.107500000000001
 11
0.295332331100667
 21
0.0641375498686561
 31
-1.107500000000001
  0
LINE
  5
6C76
330
6C38
100
AcDbEntity
  8
道路横断面
  6
Continuous
 62
     7
370
    -1
100
AcDbLine
 10
0.2828515115028267
 20
0.0101708581511506
 30
-1.107500000000001
 11
0.290899380931819
 21
0.0323628781203755
 31
-1.107500000000001
  0
LINE
  5
6C77
330
6C38
100
AcDbEntity
  8
道路横断面
  6
Continuous
 62
     7
370
    -1
100
AcDbLine
 10
0.2762098758315688
 20
0.0350312178794869
 30
-1.107500000000001
 11
0.2828515115028267
 21
0.0101708581511506
 31
-1.107500000000001
  0
LINE
  5
6C78
330
6C38
100
AcDbEntity
  8
道路横断面
  6
Continuous
 62
     7
370
    -1
100
AcDbLine
 10
0.2707446477210169
 20
0.0712816899482736
 30
-1.107500000000001
 11
0.2762098758315688
 21
0.0350312178794869
 31
-1.107500000000001
  0
LINE
  5
6C79
330
6C38
100
AcDbEntity
  8
道路横断面
  6
Continuous
 62
     7
370
    -1
100
AcDbLine
 10
0.2828515115028267
 20
0.0101708581511506
 30
-1.107500000000001
 11
0.2828515115028267
 21
0.0101708581511506
 31
-1.107500000000001
  0
LINE
  5
6C7A
330
6C38
100
AcDbEntity
  8
道路横断面
  6
Continuous
 62
     7
370
    -1
100
AcDbLine
 10
0.290899380931819
 20
0.0323628781203755
 30
-1.107500000000001
 11
0.2828515115028267
 21
0.0101708581511506
 31
-1.107500000000001
  0
LINE
  5
6C7B
330
6C38
100
AcDbEntity
  8
道路横断面
  6
Continuous
 62
     7
370
    -1
100
AcDbLine
 10
0.295332331100667
 20
0.0641375498686561
 30
-1.107500000000001
 11
0.290899380931819
 21
0.0323628781203755
 31
-1.107500000000001
  0
LINE
  5
6C7C
330
6C38
100
AcDbEntity
  8
道路横断面
  6
Continuous
 62
     7
370
    -1
100
AcDbLine
 10
0.2921614869331961
 20
0.0000000016604194
 30
-1.107500000000001
 11
0.3319840281104689
 21
0.0177590714607962
 31
-1.107500000000001
  0
LINE
  5
6C7D
330
6C38
100
AcDbEntity
  8
道路横断面
  6
Continuous
 62
     7
370
    -1
100
AcDbLine
 10
0.2828515115028267
 20
0.0101708581511506
 30
-1.107500000000001
 11
0.2921614869331961
 21
0.0000000016604194
 31
-1.107500000000001
  0
LINE
  5
6C7E
330
6C38
100
AcDbEntity
  8
道路横断面
  6
Continuous
 62
     7
370
    -1
100
AcDbLine
 10
0.3742081093436127
 20
0.3374363144700059
 30
-1.107500000000001
 11
0.2357673327272778
 21
0.3344699794266948
 31
-1.107500000000001
  0
LINE
  5
6C7F
330
6C38
100
AcDbEntity
  8
道路横断面
  6
Continuous
 62
     7
370
    -1
100
AcDbLine
 10
0.23215436551925
 20
0.3440474567775258
 30
-1.107500000000001
 11
0.3714969194328432
 21
0.3446233047012814
 31
-1.107500000000001
  0
LINE
  5
6C80
330
6C38
100
AcDbEntity
  8
道路横断面
  6
Continuous
 62
     7
370
    -1
100
AcDbLine
 10
0.2462965640073662
 20
0.3138127436701783
 30
-1.107500000000001
 11
0.2307744267230873
 21
0.5145544221465119
 31
-1.107500000000001
  0
LINE
  5
6C81
330
6C38
100
AcDbEntity
  8
道路横断面
  6
Continuous
 62
     7
370
    -1
100
AcDbLine
 10
0.2576866763478165
 20
0.3126363361094722
 30
-1.107500000000001
 11
0.2462965640073662
 21
0.3138127436701783
 31
-1.107500000000001
  0
LINE
  5
6C82
330
6C38
100
AcDbEntity
  8
道路横断面
  6
Continuous
 62
     7
370
    -1
100
AcDbLine
 10
0.23215436551925
 20
0.3440474567775258
 30
-1.107500000000001
 11
0.23215436551925
 21
0.3440474567775258
 31
-1.107500000000001
  0
LINE
  5
6C83
330
6C38
100
AcDbEntity
  8
道路横断面
  6
Continuous
 62
     7
370
    -1
100
AcDbLine
 10
0.2357673327272778
 20
0.3344699794266948
 30
-1.107500000000001
 11
0.23215436551925
 21
0.3440474567775258
 31
-1.107500000000001
  0
LINE
  5
6C84
330
6C38
100
AcDbEntity
  8
道路横断面
  6
Continuous
 62
     7
370
    -1
100
AcDbLine
 10
0.3419273420071249
 20
0.2199033925150164
 30
-1.107500000000001
 11
0.3391340429728871
 21
0.3433611986999043
 31
-1.107500000000001
  0
LINE
  5
6C85
330
6C38
100
AcDbEntity
  8
道路横断面
  6
Continuous
 62
     7
370
    -1
100
AcDbLine
 10
0.3714969194328432
 20
0.3446233047012814
 30
-1.107500000000001
 11
0.3742081093436127
 21
0.3374363144700059
 31
-1.107500000000001
  0
LINE
  5
6C86
330
6C38
100
AcDbEntity
  8
道路横断面
  6
Continuous
 62
     7
370
    -1
100
AcDbLine
 10
0.3532781953757649
 20
0.3131213093016871
 30
-1.107500000000001
 11
0.3442837464457398
 21
0.315201446211768
 31
-1.107500000000001
  0
LINE
  5
6C87
330
6C38
100
AcDbEntity
  8
道路横断面
 62
     7
370
    -1
100
AcDbLine
 10
0.4552887043749934
 20
0.4625664612118729
 30
-1.107500000000001
 11
0.3970759863799458
 21
0.4387672373865374
 31
-1.107500000000001
  0
LINE
  5
6C88
330
6C38
100
AcDbEntity
  8
道路横断面
 62
     7
370
    -1
100
AcDbLine
 10
0.3970759863799458
 20
0.4387672373865374
 30
-1.107500000000001
 11
0.3725926204418784
 21
0.4771202614371308
 31
-1.107500000000001
  0
LINE
  5
6C89
330
6C38
100
AcDbEntity
  8
道路横断面
 62
     7
370
    -1
100
AcDbLine
 10
0.3756253029054051
 20
0.4356706848208436
 30
-1.107500000000001
 11
0.3742081093436127
 21
0.3374363144700059
 31
-1.107500000000001
  0
LINE
  5
6C8A
330
6C38
100
AcDbEntity
  8
道路横断面
 62
     7
370
    -1
100
AcDbLine
 10
0.3668487480675822
 20
0.4408670326535233
 30
-1.107500000000001
 11
0.3668231255209093
 21
0.3447204900745877
 31
-1.107500000000001
  0
LINE
  5
6C8B
330
6C38
100
AcDbEntity
  8
道路横断面
 62
     7
370
    -1
100
AcDbLine
 10
0.3756253029054051
 20
0.4356706848208436
 30
-1.107500000000001
 11
0.3892353921031599
 21
0.436157285964919
 31
-1.107500000000001
  0
LINE
  5
6C8C
330
6C38
100
AcDbEntity
  8
道路横断面
 62
     7
370
    -1
100
AcDbLine
 10
0.3668487480675822
 20
0.4408670326535233
 30
-1.107500000000001
 11
0.389309359604681
 21
0.4403155146007069
 31
-1.107500000000001
  0
LINE
  5
6C8D
330
6C38
100
AcDbEntity
  8
道路横断面
 62
     7
370
    -1
100
AcDbLine
 10
0.3897562584674006
 20
0.446156566760374
 30
-1.107500000000001
 11
0.3892353921031599
 21
0.436157285964919
 31
-1.107500000000001
  0
LINE
  5
6C8E
330
6C38
100
AcDbEntity
  8
道路横断面
 62
     7
370
    -1
100
AcDbLine
 10
0.3892353921031599
 20
0.436157285964919
 30
-1.107500000000001
 11
0.3892353921031599
 21
0.4318663475875386
 31
-1.107500000000001
  0
LINE
  5
6C8F
330
6C38
100
AcDbEntity
  8
道路横断面
 62
     7
370
    -1
100
AcDbLine
 10
0.3897562584674006
 20
0.446156566760374
 30
-1.107500000000001
 11
0.4326545352881794
 21
0.4454027077023515
 31
-1.107500000000001
  0
LINE
  5
6C90
330
6C38
100
AcDbEntity
  8
道路横断面
 62
     7
370
    -1
100
AcDbLine
 10
0.4326545352881794
 20
0.4454027077023515
 30
-1.107500000000001
 11
0.4326545352881794
 21
0.4318663475875386
 31
-1.107500000000001
  0
LINE
  5
6C91
330
6C38
100
AcDbEntity
  8
道路横断面
 62
     7
370
    -1
100
AcDbLine
 10
0.4326545352881794
 20
0.4318663475875386
 30
-1.107500000000001
 11
0.3892353921031599
 21
0.4318663475875386
 31
-1.107500000000001
  0
LINE
  5
6C92
330
6C38
100
AcDbEntity
  8
道路横断面
 62
     7
370
    -1
100
AcDbLine
 10
0.2314619160091524
 20
0.245807731321884
 30
-1.107500000000001
 11
0.2328791095709448
 21
0.3440420998100766
 31
-1.107500000000001
  0
LINE
  5
6C93
330
6C38
100
AcDbEntity
  8
道路横断面
 62
     7
370
    -1
100
AcDbLine
 10
0.2402384708469754
 20
0.2406113834892043
 30
-1.107500000000001
 11
0.240264091531003
 21
0.3367579242054948
 31
-1.107500000000001
  0
LINE
  5
6C94
330
6C38
100
AcDbEntity
  8
道路横断面
  6
Continuous
 62
     7
370
    -1
100
AcDbLine
 10
0.3279867618178969
 20
0.6812110951010721
 30
-1.107500000000001
 11
0.3041245954876786
 21
0.7009405901495951
 31
-1.107500000000001
  0
LINE
  5
6C95
330
6C38
100
AcDbEntity
  8
道路横断面
  6
Continuous
 62
     7
370
    -1
100
AcDbLine
 10
0.3385588432496434
 20
0.6386773640130299
 30
-1.107500000000001
 11
0.3279867618178969
 21
0.6812110951010721
 31
-1.107500000000001
  0
LINE
  5
6C96
330
6C38
100
AcDbEntity
  8
道路横断面
  6
Continuous
 62
     7
370
    -1
100
AcDbLine
 10
0.2809431477284079
 20
0.7551371099267739
 30
-1.107500000000001
 11
0.2753941713666563
 21
0.8351353945050972
 31
-1.107500000000001
  0
LINE
  5
6C97
330
6C38
100
AcDbEntity
  8
道路横断面
  6
Continuous
 62
     7
370
    -1
100
AcDbLine
 10
0.2857773228382712
 20
0.7350680751566427
 30
-1.107500000000001
 11
0.3109532090669518
 21
0.7336189912472504
 31
-1.107500000000001
  0
LINE
  5
6C98
330
6C38
100
AcDbEntity
  8
道路横断面
  6
Continuous
 62
     7
370
    -1
100
AcDbLine
 10
0.3076538163071518
 20
0.7351109253083008
 30
-1.107500000000001
 11
0.2857773228382712
 21
0.7350680751566427
 31
-1.107500000000001
  0
LINE
  5
6C99
330
6C38
100
AcDbEntity
  8
道路横断面
  6
Continuous
 62
     7
370
    -1
100
AcDbLine
 10
0.2755548524504547
 20
0.6751148121271866
 30
-1.107500000000001
 11
0.2746939713900929
 21
0.6556339820687311
 31
-1.107500000000001
  0
LINE
  5
6C9A
330
6C38
100
AcDbEntity
  8
道路横断面
  6
Continuous
 62
     7
370
    -1
100
AcDbLine
 10
0.3184041100388413
 20
0.6775961739782828
 30
-1.107500000000001
 11
0.304891010636652
 21
0.6916546260778444
 31
-1.107500000000001
  0
LINE
  5
6C9B
330
6C38
100
AcDbEntity
  8
道路横断面
  6
Continuous
 62
     7
370
    -1
100
AcDbLine
 10
0.2746939713900929
 20
0.6556339820687311
 30
-1.107500000000001
 11
0.2649892511611824
 21
0.5616717113022336
 31
-1.107500000000001
  0
LINE
  5
6C9C
330
6C38
100
AcDbEntity
  8
道路横断面
  6
Continuous
 62
     7
370
    -1
100
AcDbLine
 10
0.2746939713900929
 20
0.6556339820687311
 30
-1.107500000000001
 11
0.2746939713900929
 21
0.6556339820687311
 31
-1.107500000000001
  0
LINE
  5
6C9D
330
6C38
100
AcDbEntity
  8
道路横断面
  6
Continuous
 62
     7
370
    -1
100
AcDbLine
 10
0.2840039468204623
 20
0.645463127440645
 30
-1.107500000000001
 11
0.2746939713900929
 21
0.6556339820687311
 31
-1.107500000000001
  0
LINE
  5
6C9E
330
6C38
100
AcDbEntity
  8
道路横断面
  6
Continuous
 62
     7
370
    -1
100
AcDbLine
 10
0.2907293288802748
 20
0.5768549533401259
 30
-1.107500000000001
 11
0.2840039468204623
 21
0.645463127440645
 31
-1.107500000000001
  0
LINE
  5
6C9F
330
6C38
100
AcDbEntity
  8
道路横断面
  6
Continuous
 62
     7
370
    -1
100
AcDbLine
 10
0.2840039468204623
 20
0.645463127440645
 30
-1.107500000000001
 11
0.2907293288802748
 21
0.5768549533401259
 31
-1.107500000000001
  0
LINE
  5
6CA0
330
6C38
100
AcDbEntity
  8
道路横断面
  6
Continuous
 62
     7
370
    -1
100
AcDbLine
 10
0.2746939713900929
 20
0.6556339820687311
 30
-1.107500000000001
 11
0.2840039468204623
 21
0.645463127440645
 31
-1.107500000000001
  0
LINE
  5
6CA1
330
6C38
100
AcDbEntity
  8
道路横断面
  6
Continuous
 62
     7
370
    -1
100
AcDbLine
 10
0.3271687309091931
 20
0.6398537697110909
 30
-1.107500000000001
 11
0.3184041100388413
 21
0.6775961739782828
 31
-1.107500000000001
  0
LINE
  5
6CA2
330
6C38
100
AcDbEntity
  8
道路横断面
  6
Continuous
 62
     7
370
    -1
100
AcDbLine
 10
0.336562452728117
 20
0.585935100710822
 30
-1.107500000000001
 11
0.3271687309091931
 21
0.6398537697110909
 31
-1.107500000000001
  0
LINE
  5
6CA3
330
6C38
100
AcDbEntity
  8
道路横断面
  6
Continuous
 62
     7
370
    -1
100
AcDbLine
 10
0.2360289989804869
 20
0.6602042464379805
 30
-1.107500000000001
 11
0.2480777668600922
 21
0.7044269608174103
 31
-1.107500000000001
  0
LINE
  5
6CA4
330
6C38
100
AcDbEntity
  8
道路横断面
  6
Continuous
 62
     7
370
    -1
100
AcDbLine
 10
0.2783605064099675
 20
0.6966946178887623
 30
-1.107500000000001
 11
0.2611808738505488
 21
0.6696924341682928
 31
-1.107500000000001
  0
LINE
  5
6CA5
330
6C38
100
AcDbEntity
  8
道路横断面
  6
Continuous
 62
     7
370
    -1
100
AcDbLine
 10
0.2872176411395913
 20
0.6877241803173559
 30
-1.107500000000001
 11
0.2755548524504547
 21
0.6751148121271866
 31
-1.107500000000001
  0
LINE
  5
6CA6
330
6C38
100
AcDbEntity
  8
道路横断面
  6
Continuous
 62
     7
370
    -1
100
AcDbLine
 10
0.304891010636652
 20
0.6916546260778444
 30
-1.107500000000001
 11
0.2872176411395913
 21
0.6877241803173559
 31
-1.107500000000001
  0
LINE
  5
6CA7
330
6C38
100
AcDbEntity
  8
道路横断面
  6
Continuous
 62
     7
370
    -1
100
AcDbLine
 10
0.2480777668600922
 20
0.7044269608174103
 30
-1.107500000000001
 11
0.2789058591073399
 21
0.7242661675278681
 31
-1.107500000000001
  0
LINE
  5
6CA8
330
6C38
100
AcDbEntity
  8
道路横断面
  6
Continuous
 62
     7
370
    -1
100
AcDbLine
 10
0.3041245954876786
 20
0.7009405901495951
 30
-1.107500000000001
 11
0.2783605064099675
 21
0.6966946178887623
 31
-1.107500000000001
  0
LINE
  5
6CA9
330
6C38
100
AcDbEntity
  8
道路横断面
  6
Continuous
 62
     7
370
    -1
100
AcDbLine
 10
0.2701840883886462
 20
0.7401320783261793
 30
-1.107500000000001
 11
0.2809431477284079
 21
0.7551371099267739
 31
-1.107500000000001
  0
LINE
  5
6CAA
330
6C38
100
AcDbEntity
  8
道路横断面
  6
Continuous
 62
     7
370
    -1
100
AcDbLine
 10
0.280082266668046
 20
0.7356562798683184
 30
-1.107500000000001
 11
0.2701840883886462
 21
0.7401320783261793
 31
-1.107500000000001
  0
LINE
  5
6CAB
330
6C38
100
AcDbEntity
  8
道路横断面
  6
Continuous
 62
     7
370
    -1
100
AcDbLine
 10
0.2789058591073399
 20
0.7242661675278681
 30
-1.107500000000001
 11
0.280082266668046
 21
0.7356562798683184
 31
-1.107500000000001
  0
LINE
  5
6CAC
330
6C38
100
AcDbEntity
  8
道路横断面
  6
Continuous
 62
     7
370
    -1
100
AcDbLine
 10
0.5677868499254828
 20
0.9522748773757952
 30
-1.107500000000001
 11
0.4586822333579903
 21
0.9658483562831419
 31
-1.107500000000001
  0
LINE
  5
6CAD
330
6C38
100
AcDbEntity
  8
道路横断面
  6
Continuous
 62
     7
370
    -1
100
AcDbLine
 10
0.4631580336784964
 20
0.9757465345625418
 30
-1.107500000000001
 11
0.5503861567771082
 21
0.9621302073661822
 31
-1.107500000000001
  0
LINE
  5
6CAE
330
6C38
100
AcDbEntity
  8
道路横断面
  6
Continuous
 62
     7
370
    -1
100
AcDbLine
 10
0.5503861567771082
 20
0.9621302073661822
 30
-1.107500000000001
 11
0.4631580336784964
 21
0.9757465345625418
 31
-1.107500000000001
  0
LINE
  5
6CAF
330
6C38
100
AcDbEntity
  8
道路横断面
  6
Continuous
 62
     7
370
    -1
100
AcDbLine
 10
0.4783877170478945
 20
1.000647792390421
 30
-1.107500000000001
 11
0.5664818956350928
 21
1.006514247304633
 31
-1.107500000000001
  0
LINE
  5
6CB0
330
6C38
100
AcDbEntity
  8
道路横断面
  6
Continuous
 62
     7
370
    -1
100
AcDbLine
 10
0.3089217989539748
 20
1.003762492707803
 30
-1.107500000000001
 11
0.4289448483681326
 21
1.001152248850897
 31
-1.107500000000001
  0
LINE
  5
6CB1
330
6C38
100
AcDbEntity
  8
道路横断面
  6
Continuous
 62
     7
370
    -1
100
AcDbLine
 10
0.4121992195790654
 20
0.9838888699029225
 30
-1.107500000000001
 11
0.3094174879437332
 21
0.9806855803195971
 31
-1.107500000000001
  0
LINE
  5
6CB2
330
6C38
100
AcDbEntity
  8
道路横断面
  6
Continuous
 62
     7
370
    -1
100
AcDbLine
 10
0.3342271706854945
 20
0.7081944400285023
 30
-1.107500000000001
 11
0.3519862404858713
 21
0.6683718988512295
 31
-1.107500000000001
  0
LINE
  5
6CB3
330
6C38
100
AcDbEntity
  8
道路横断面
  6
Continuous
 62
     7
370
    -1
100
AcDbLine
 10
0.3323671593165045
 20
0.8908319676135319
 30
-1.107500000000001
 11
0.3249315040951615
 21
0.8633977321748274
 31
-1.107500000000001
  0
LINE
  5
6CB4
330
6C38
100
AcDbEntity
  8
道路横断面
  6
Continuous
 62
     7
370
    -1
100
AcDbLine
 10
0.3095492589121704
 20
0.9150632263932961
 30
-1.107500000000001
 11
0.331736106315816
 21
0.9070134049121874
 31
-1.107500000000001
  0
LINE
  5
6CB5
330
6C38
100
AcDbEntity
  8
道路横断面
  6
Continuous
 62
     7
370
    -1
100
AcDbLine
 10
0.3094174879437332
 20
0.9806855803195971
 30
-1.107500000000001
 11
0.3095492589121704
 21
0.9150632263932961
 31
-1.107500000000001
  0
LINE
  5
6CB6
330
6C38
100
AcDbEntity
  8
道路横断面
  6
Continuous
 62
     7
370
    -1
100
AcDbLine
 10
0.2789597603326683
 20
1.003406068107918
 30
-1.107500000000001
 11
0.2828473559414988
 21
1.007609192079737
 31
-1.107500000000001
  0
LINE
  5
6CB7
330
6C38
100
AcDbEntity
  8
道路横断面
  6
Continuous
 62
     7
370
    -1
100
AcDbLine
 10
0.2934723588472252
 20
0.8597399627630251
 30
-1.107500000000001
 11
0.3249315040951615
 21
0.8633977321748274
 31
-1.107500000000001
  0
LINE
  5
6CB8
330
6C38
100
AcDbEntity
  8
道路横断面
  6
Continuous
 62
     7
370
    -1
100
AcDbLine
 10
0.2807772922163849
 20
0.9151557383899229
 30
-1.107500000000001
 11
0.2806506938135271
 21
0.9807800462309855
 31
-1.107500000000001
  0
LINE
  5
6CB9
330
6C38
100
AcDbEntity
  8
道路横断面
  6
Continuous
 62
     7
370
    -1
100
AcDbLine
 10
0.3011618516242152
 20
0.911899195781781
 30
-1.107500000000001
 11
0.2807772922163849
 21
0.9151557383899229
 31
-1.107500000000001
  0
LINE
  5
6CBA
330
6C38
100
AcDbEntity
  8
道路横断面
  6
Continuous
 62
     7
370
    -1
100
AcDbLine
 10
0.2807772922163849
 20
0.9151557383899229
 30
-1.107500000000001
 11
0.3011618516242152
 21
0.911899195781781
 31
-1.107500000000001
  0
LINE
  5
6CBB
330
6C38
100
AcDbEntity
  8
道路横断面
  6
Continuous
 62
     7
370
    -1
100
AcDbLine
 10
0.3072581327354555
 20
0.8594672864143389
 30
-1.107500000000001
 11
0.2692053763961439
 21
0.8587953353141087
 31
-1.107500000000001
  0
LINE
  5
6CBC
330
6C38
100
AcDbEntity
  8
道路横断面
  6
Continuous
 62
     7
370
    -1
100
AcDbLine
 10
0.3097768015062456
 20
0.7222288807694452
 30
-1.107500000000001
 11
0.3342271706854945
 21
0.7081944400285023
 31
-1.107500000000001
  0
LINE
  5
6CBD
330
6C38
100
AcDbEntity
  8
道路横断面
  6
Continuous
 62
     7
370
    -1
100
AcDbLine
 10
0.3109532090669518
 20
0.7336189912472504
 30
-1.107500000000001
 11
0.3097768015062456
 21
0.7222288807694452
 31
-1.107500000000001
  0
LINE
  5
6CBE
330
6C38
100
AcDbEntity
  8
道路横断面
  6
Continuous
 62
     7
370
    -1
100
AcDbLine
 10
0.3253271876668578
 20
0.7390413710687893
 30
-1.107500000000001
 11
0.3076538163071518
 21
0.7351109253083008
 31
-1.107500000000001
  0
LINE
  5
6CBF
330
6C38
100
AcDbEntity
  8
道路横断面
  6
Continuous
 62
     7
370
    -1
100
AcDbLine
 10
0.3151134828871136
 20
0.7516078891073006
 30
-1.107500000000001
 11
0.3253271876668578
 21
0.7390413710687893
 31
-1.107500000000001
  0
LINE
  5
6CC0
330
6C38
100
AcDbEntity
  8
道路横断面
  6
Continuous
 62
     7
370
    -1
100
AcDbLine
 10
0.3137624542063122
 20
0.8277166260246771
 30
-1.107500000000001
 11
0.3096450305378085
 21
0.7878512346957462
 31
-1.107500000000001
  0
LINE
  5
6CC1
330
6C38
100
AcDbEntity
  8
道路横断面
  6
Continuous
 62
     7
370
    -1
100
AcDbLine
 10
0.2692053763961439
 20
0.8587953353141087
 30
-1.107500000000001
 11
0.2934723588472252
 21
0.8597399627630251
 31
-1.107500000000001
  0
LINE
  5
6CC2
330
6C38
100
AcDbEntity
  8
道路横断面
  6
Continuous
 62
     7
370
    -1
100
AcDbLine
 10
0.2753941713666563
 20
0.8351353945050972
 30
-1.107500000000001
 11
0.2692053763961439
 21
0.8587953353141087
 31
-1.107500000000001
  0
LINE
  5
6CC3
330
6C38
100
AcDbEntity
  8
道路横断面
  6
Continuous
 62
     7
370
    -1
100
AcDbLine
 10
0.2658151107674485
 20
0.904038304260804
 30
-1.107500000000001
 11
0.2807772922163849
 21
0.9151557383899229
 31
-1.107500000000001
  0
LINE
  5
6CC4
330
6C38
100
AcDbEntity
  8
道路横断面
  6
Continuous
 62
     7
370
    -1
100
AcDbLine
 10
0.2622910643761998
 20
0.8698699211542147
 30
-1.107500000000001
 11
0.2658151107674485
 21
0.904038304260804
 31
-1.107500000000001
  0
LINE
  5
6CC5
330
6C38
100
AcDbEntity
  8
道路横断面
  6
Continuous
 62
     7
370
    -1
100
AcDbLine
 10
0.2692053763961439
 20
0.8587953353141087
 30
-1.107500000000001
 11
0.2622910643761998
 21
0.8698699211542147
 31
-1.107500000000001
  0
LINE
  5
6CC6
330
6C38
100
AcDbEntity
  8
道路横断面
  6
Continuous
 62
     7
370
    -1
100
AcDbLine
 10
0.3249315040951615
 20
0.8633977321748274
 30
-1.107500000000001
 11
0.3218103236353045
 21
0.849908645993902
 31
-1.107500000000001
  0
LINE
  5
6CC7
330
6C38
100
AcDbEntity
  8
道路横断面
  6
Continuous
 62
     7
370
    -1
100
AcDbLine
 10
0.3249315040951615
 20
0.8633977321748274
 30
-1.107500000000001
 11
0.3249315040951615
 21
0.8633977321748274
 31
-1.107500000000001
  0
LINE
  5
6CC8
330
6C38
100
AcDbEntity
  8
道路横断面
  6
Continuous
 62
     7
370
    -1
100
AcDbLine
 10
0.3249315040951615
 20
0.8633977321748274
 30
-1.107500000000001
 11
0.3072581327354555
 21
0.8594672864143389
 31
-1.107500000000001
  0
LINE
  5
6CC9
330
6C38
100
AcDbEntity
  8
道路横断面
  6
Continuous
 62
     7
370
    -1
100
AcDbLine
 10
0.331736106315816
 20
0.9070134049121874
 30
-1.107500000000001
 11
0.3323671593165045
 21
0.8908319676135319
 31
-1.107500000000001
  0
LINE
  5
6CCA
330
6C38
100
AcDbEntity
  8
道路横断面
  6
Continuous
 62
     7
370
    -1
100
AcDbLine
 10
0.3071143383925801
 20
1.008553819528654
 30
-1.107500000000001
 11
0.3089217989539748
 21
1.003762492707803
 31
-1.107500000000001
  0
LINE
  5
6CCB
330
6C38
100
AcDbEntity
  8
道路横断面
  6
Continuous
 62
     7
370
    -1
100
AcDbLine
 10
0.2828473559414988
 20
1.007609192079737
 30
-1.107500000000001
 11
0.3071143383925801
 21
1.008553819528654
 31
-1.107500000000001
  0
LINE
  5
6CCC
330
6C38
100
AcDbEntity
  8
道路横断面
  6
Continuous
 62
     7
370
    -1
100
AcDbLine
 10
0.4586822333579903
 20
0.9658483562831419
 30
-1.107500000000001
 11
0.4281028061008101
 21
0.9707321951006191
 31
-1.107500000000001
  0
LINE
  5
6CCD
330
6C38
100
AcDbEntity
  8
道路横断面
  6
Continuous
 62
     7
370
    -1
100
AcDbLine
 10
0.4289448483681326
 20
1.001152248850897
 30
-1.107500000000001
 11
0.4633878598755246
 21
1.011408803782299
 31
-1.107500000000001
  0
LINE
  5
6CCE
330
6C38
100
AcDbEntity
  8
道路横断面
  6
Continuous
 62
     7
370
    -1
100
AcDbLine
 10
0.4281028061008101
 20
0.9707321951006191
 30
-1.107500000000001
 11
0.4121992195790654
 21
0.9838888699029225
 31
-1.107500000000001
  0
LINE
  5
6CCF
330
6C38
100
AcDbEntity
  8
道路横断面
  6
Continuous
 62
     7
370
    -1
100
AcDbLine
 10
0.4541207345968132
 20
0.9997031649415034
 30
-1.107500000000001
 11
0.4631580336784964
 21
0.9757465345625418
 31
-1.107500000000001
  0
LINE
  5
6CD0
330
6C38
100
AcDbEntity
  8
道路横断面
  6
Continuous
 62
     7
370
    -1
100
AcDbLine
 10
0.4631580336784964
 20
0.9757465345625418
 30
-1.107500000000001
 11
0.4510867836719399
 21
1.007745748183563
 31
-1.107500000000001
  0
LINE
  5
6CD1
330
6C38
100
AcDbEntity
  8
道路横断面
  6
Continuous
 62
     7
370
    -1
100
AcDbLine
 10
0.4738690684383755
 20
1.012626107579901
 30
-1.107500000000001
 11
0.4783877170478945
 21
1.000647792390421
 31
-1.107500000000001
  0
LINE
  5
6CD2
330
6C38
100
AcDbEntity
  8
道路横断面
  6
Continuous
 62
     7
370
    -1
100
AcDbLine
 10
0.4633878598755246
 20
1.011408803782299
 30
-1.107500000000001
 11
0.4738690684383755
 21
1.012626107579901
 31
-1.107500000000001
  0
LINE
  5
6CD3
330
6C38
100
AcDbEntity
  8
道路横断面
  6
Continuous
 62
     7
370
    -1
100
AcDbLine
 10
0.4631580336784964
 20
0.9757465345625418
 30
-1.107500000000001
 11
0.5671557969247942
 21
0.9684563165370959
 31
-1.107500000000001
  0
LINE
  5
6CD4
330
6C38
100
AcDbEntity
  8
道路横断面
  6
Continuous
 62
     7
370
    -1
100
AcDbLine
 10
0.5671557969247942
 20
0.9684563165370959
 30
-1.107500000000001
 11
0.4631580336784964
 21
0.9757465345625418
 31
-1.107500000000001
  0
LINE
  5
6CD5
330
6C38
100
AcDbEntity
  8
道路横断面
  6
Continuous
 62
     7
370
    -1
100
AcDbLine
 10
0.5785030591135865
 20
0.9891564024452704
 30
-1.107500000000001
 11
0.5671557969247942
 21
0.9684563165370959
 31
-1.107500000000001
  0
LINE
  5
6CD6
330
6C38
100
AcDbEntity
  8
道路横断面
  6
Continuous
 62
     7
370
    -1
100
AcDbLine
 10
0.5664818956350928
 20
1.006514247304633
 30
-1.107500000000001
 11
0.5785030591135865
 21
0.9891564024452704
 31
-1.107500000000001
  0
LINE
  5
6CD7
330
6C38
100
AcDbEntity
  8
道路横断面
 62
     7
370
    -1
100
AcDbLine
 10
0.5503861567771082
 20
0.9621302073661822
 30
-1.107500000000001
 11
0.5692362132316475
 21
0.9592784846041935
 31
-1.107500000000001
  0
LINE
  5
6CD8
330
6C38
100
AcDbEntity
  8
道路横断面
 62
     7
370
    -1
100
AcDbLine
 10
0.5692362132316475
 20
0.9592784846041935
 30
-1.107500000000001
 11
0.5717082320546751
 21
0.9548211673115032
 31
-1.107500000000001
  0
LINE
  5
6CD9
330
6C38
100
AcDbEntity
  8
道路横断面
 62
     7
370
    -1
100
AcDbLine
 10
0.5717082320546751
 20
0.9548211673115032
 30
-1.107500000000001
 11
0.5677868499254828
 21
0.9522748773757952
 31
-1.107500000000001
  0
LINE
  5
6CDA
330
6C38
100
AcDbEntity
  8
道路横断面
 62
     7
370
    -1
100
AcDbLine
 10
0.3218103236353045
 20
0.849908645993902
 30
-1.107500000000001
 11
0.3137624542063122
 21
0.8277166260246771
 31
-1.107500000000001
  0
LINE
  5
6CDB
330
6C38
100
AcDbEntity
  8
道路横断面
 62
     7
370
    -1
100
AcDbLine
 10
0.3096450305378085
 20
0.7878512346957462
 30
-1.107500000000001
 11
0.3151134828871136
 21
0.7516078891073006
 31
-1.107500000000001
  0
LINE
  5
6CDC
330
6C38
100
AcDbEntity
  8
道路横断面
 62
     7
370
    -1
100
AcDbLine
 10
0.3164049981927519
 20
0.8350034447227257
 30
-1.107500000000001
 11
0.3376032019799595
 21
0.8343228565369385
 31
-1.107500000000001
  0
LINE
  5
6CDD
330
6C38
100
AcDbEntity
  8
道路横断面
 62
     7
370
    -1
100
AcDbLine
 10
0.2753941713666563
 20
0.8351353945050972
 30
-1.107500000000001
 11
0.2603261432444697
 21
0.8337183574054974
 31
-1.107500000000001
  0
LINE
  5
6CDE
330
6C38
100
AcDbEntity
  8
道路横断面
 62
     7
370
    -1
100
AcDbLine
 10
0.2608346155678873
 20
0.839086537978484
 30
-1.107500000000001
 11
0.2718483748680001
 21
0.8351702948872584
 31
-1.107500000000001
  0
LINE
  5
6CDF
330
6C38
100
AcDbEntity
  8
道路横断面
 62
     7
370
    -1
100
AcDbLine
 10
0.337498899439538
 20
0.8352145718251007
 30
-1.107500000000001
 11
0.3712611979639178
 21
0.5465715283368358
 31
-1.107500000000001
  0
LINE
  5
6CE0
330
6C38
100
AcDbEntity
  8
道路横断面
 62
     7
370
    -1
100
AcDbLine
 10
0.4610392003154402
 20
1.350562473556831
 30
-1.107500000000001
 11
0.5406476314013844
 21
0.984733819759323
 31
-1.107500000000001
  0
LINE
  5
6CE1
330
6C38
100
AcDbEntity
  8
道路横断面
 62
     7
370
    -1
100
AcDbLine
 10
0.5406476314013844
 20
0.984733819759323
 30
-1.107500000000001
 11
0.493530096376503
 21
0.9470885785136955
 31
-1.107500000000001
  0
LINE
  5
6CE2
330
6C38
100
AcDbEntity
  8
道路横断面
 62
     7
370
    -1
100
AcDbLine
 10
0.493530096376503
 20
0.9470885785136955
 30
-1.107500000000001
 11
0.4841361752545481
 21
0.9658890811566847
 31
-1.107500000000001
  0
LINE
  5
6CE3
330
6C38
100
AcDbEntity
  8
道路横断面
 62
     7
370
    -1
100
AcDbLine
 10
0.4841361752545481
 20
0.9658890811566847
 30
-1.107500000000001
 11
0.4652743673717623
 21
1.003534320539668
 31
-1.107500000000001
  0
LINE
  5
6CE4
330
6C38
100
AcDbEntity
  8
道路横断面
 62
     7
370
    -1
100
AcDbLine
 10
0.4652743673717623
 20
1.003534320539668
 30
-1.107500000000001
 11
0.408762911224926
 21
1.172915786302521
 31
-1.107500000000001
  0
LINE
  5
6CE5
330
6C38
100
AcDbEntity
  8
道路横断面
 62
     7
370
    -1
100
AcDbLine
 10
0.408762911224926
 20
1.172915786302521
 30
-1.107500000000001
 11
0.4203311706727391
 21
1.0013395769362
 31
-1.107500000000001
  0
LINE
  5
6CE6
330
6C38
100
AcDbEntity
  8
道路横断面
 62
     7
370
    -1
100
AcDbLine
 10
0.2718483748680001
 20
0.8351702948872584
 30
-1.107500000000001
 11
0.275384418556655
 21
0.8351726790730494
 31
-1.107500000000001
  0
LINE
  5
6CE7
330
6C38
100
AcDbEntity
  8
道路横断面
 62
     7
370
    -1
100
AcDbLine
 10
0.4220576396977549
 20
0.9757332241003054
 30
-1.107500000000001
 11
0.4316929521804695
 21
0.8328257610861796
 31
-1.107500000000001
  0
LINE
  5
6CE8
330
6C38
100
AcDbEntity
  8
道路横断面
 62
     7
370
    -1
100
AcDbLine
 10
0.316476419458354
 20
0.8352003933702248
 30
-1.107500000000001
 11
0.337498899439538
 21
0.8352145718251007
 31
-1.107500000000001
  0
LINE
  5
6CE9
330
6C38
100
AcDbEntity
  8
道路横断面
 62
     7
370
    -1
100
AcDbLine
 10
0.2480798008685952
 20
0.7044282702569502
 30
-1.107500000000001
 11
0.2608346155678873
 21
0.839086537978484
 31
-1.107500000000001
  0
LWPOLYLINE
  5
6CEA
330
6C38
100
AcDbEntity
  8
道路横断面
 62
     7
370
    -1
100
AcDbPolyline
 90
       13
 70
     1
 43
0.0
 38
-1.1075
 10
1.474711473698388
 20
1.411264113093623
 10
1.441752146596681
 20
1.442000782991656
 10
1.419779261241327
 20
1.490366962681421
 10
1.434406559581529
 20
1.560808357725747
 10
1.463725031952034
 20
1.59599072946132
 10
1.485761791134845
 20
1.613543589542516
 10
1.507734676490198
 20
1.613543589542516
 10
1.529707561845552
 20
1.600359781588324
 10
1.54439873401321
 20
1.582806921507128
 10
1.548039590607058
 20
1.534364090244182
 10
1.548039590607058
 20
1.472814102600225
 10
1.537053148860704
 20
1.437631730864652
 10
1.5223619748304
 20
1.411264113093623
  0
LWPOLYLINE
  5
6CEB
330
6C38
100
AcDbEntity
  8
道路横断面
 62
     7
370
    -1
100
AcDbPolyline
 90
        2
 70
     0
 43
0.0
 38
-1.1075
 10
1.540694003591906
 20
1.442000782991656
 10
1.650686179886232
 20
1.367266985530861
  0
LINE
  5
6CEC
330
6C38
100
AcDbEntity
  8
道路横断面
 62
     7
370
    -1
100
AcDbLine
 10
1.339105557317502
 20
1.398003655428894
 30
-1.107500000000001
 11
1.313491815368302
 21
1.362821283693322
 31
-1.107500000000001
  0
LINE
  5
6CED
330
6C38
100
AcDbEntity
  8
道路横断面
  6
Continuous
 62
     7
370
    -1
100
AcDbLine
 10
1.54163322005666
 20
0.6850764108252605
 30
-1.107500000000001
 11
1.542925174946554
 21
0.3298258212757172
 31
-1.107500000000001
  0
LINE
  5
6CEE
330
6C38
100
AcDbEntity
  8
道路横断面
  6
Continuous
 62
     7
370
    -1
100
AcDbLine
 10
1.450827853421337
 20
0.6863969461423238
 30
-1.107500000000001
 11
1.447333655918605
 21
0.3293408480835023
 31
-1.107500000000001
  0
LINE
  5
6CEF
330
6C38
100
AcDbEntity
  8
道路横断面
  6
Continuous
 62
     7
370
    -1
100
AcDbLine
 10
1.454636230731971
 20
0.5783762232762646
 30
-1.107500000000001
 11
1.45475242253638
 21
0.3677091309231582
 31
-1.107500000000001
  0
LINE
  5
6CF0
330
6C38
100
AcDbEntity
  8
道路横断面
  6
Continuous
 62
     7
370
    -1
100
AcDbLine
 10
1.435943543578155
 20
0.3305172556442084
 30
-1.107500000000001
 11
1.420421406293876
 21
0.531258934120542
 31
-1.107500000000001
  0
LINE
  5
6CF1
330
6C38
100
AcDbEntity
  8
道路横断面
  6
Continuous
 62
     7
370
    -1
100
AcDbLine
 10
1.486840670595534
 20
0.3551906374645295
 30
-1.107500000000001
 11
1.480376308451063
 21
0.5935594653141569
 31
-1.107500000000001
  0
LINE
  5
6CF2
330
6C38
100
AcDbEntity
  8
道路横断面
  6
Continuous
 62
     7
370
    -1
100
AcDbLine
 10
1.480376308451063
 20
0.5935594653141569
 30
-1.107500000000001
 11
1.486840670595534
 21
0.3551906374645295
 31
-1.107500000000001
  0
LINE
  5
6CF3
330
6C38
100
AcDbEntity
  8
道路横断面
  6
Continuous
 62
     7
370
    -1
100
AcDbLine
 10
1.533930726016528
 20
0.3319059581857982
 30
-1.107500000000001
 11
1.528205822820432
 21
0.65538187598706
 31
-1.107500000000001
  0
LINE
  5
6CF4
330
6C38
100
AcDbEntity
  8
道路横断面
  6
Continuous
 62
     7
370
    -1
100
AcDbLine
 10
1.528781022543676
 20
0.3600657106739344
 30
-1.107500000000001
 11
1.526209432298906
 21
0.602639612684853
 31
-1.107500000000001
  0
LINE
  5
6CF5
330
6C38
100
AcDbEntity
  8
道路横断面
 62
     7
370
    -1
100
AcDbLine
 10
1.405427705163724
 20
0.3801370309096637
 30
-1.107500000000001
 11
1.42083940062917
 21
0.5428451829952063
 31
-1.107500000000001
  0
LINE
  5
6CF6
330
6C38
100
AcDbEntity
  8
道路横断面
 62
     7
370
    -1
100
AcDbLine
 10
1.560908177534706
 20
0.5632760403108659
 30
-1.107500000000001
 11
1.562239600012667
 21
0.4938247734111609
 31
-1.107500000000001
  0
LINE
  5
6CF7
330
6C38
100
AcDbEntity
  8
道路横断面
 62
     7
370
    -1
100
AcDbLine
 10
1.621339931751265
 20
0.8495302730602106
 30
-1.107500000000001
 11
1.644935683945789
 21
0.4792709731859031
 31
-1.107500000000001
  0
LINE
  5
6CF8
330
6C38
100
AcDbEntity
  8
道路横断面
 62
     7
370
    -1
100
AcDbLine
 10
1.351021216849453
 20
0.98779711214722
 30
-1.107500000000001
 11
1.345513727183111
 21
0.268041801581985
 31
-1.107500000000001
  0
LINE
  5
6CF9
330
6C38
100
AcDbEntity
  8
道路横断面
  6
Continuous
 62
     7
370
    -1
100
AcDbLine
 10
1.484979310671456
 20
0.0808420618426862
 30
-1.107500000000001
 11
1.486840670595534
 21
0.3551906374645295
 31
-1.107500000000001
  0
LINE
  5
6CFA
330
6C38
100
AcDbEntity
  8
道路横断面
  6
Continuous
 62
     7
370
    -1
100
AcDbLine
 10
1.45475242253638
 20
0.3677091309231582
 30
-1.107500000000001
 11
1.460391627291806
 21
0.0879862019223037
 31
-1.107500000000001
  0
LINE
  5
6CFB
330
6C38
100
AcDbEntity
  8
道路横断面
  6
Continuous
 62
     7
370
    -1
100
AcDbLine
 10
1.486840670595534
 20
0.3551906374645295
 30
-1.107500000000001
 11
1.484979310671456
 21
0.0808420618426862
 31
-1.107500000000001
  0
LINE
  5
6CFC
330
6C38
100
AcDbEntity
  8
道路横断面
  6
Continuous
 62
     7
370
    -1
100
AcDbLine
 10
1.526943675840862
 20
0.0747798634123864
 30
-1.107500000000001
 11
1.531574321577914
 21
0.2366079044890466
 31
-1.107500000000001
  0
LINE
  5
6CFD
330
6C38
100
AcDbEntity
  8
道路横断面
  6
Continuous
 62
     7
370
    -1
100
AcDbLine
 10
1.521631007681258
 20
0.0344635834348264
 30
-1.107500000000001
 11
1.526943675840862
 21
0.0747798634123864
 31
-1.107500000000001
  0
LINE
  5
6CFE
330
6C38
100
AcDbEntity
  8
道路横断面
  6
Continuous
 62
     7
370
    -1
100
AcDbLine
 10
1.480546360502608
 20
0.0490673900944056
 30
-1.107500000000001
 11
1.484979310671456
 21
0.0808420618426862
 31
-1.107500000000001
  0
LINE
  5
6CFF
330
6C38
100
AcDbEntity
  8
道路横断面
  6
Continuous
 62
     7
370
    -1
100
AcDbLine
 10
1.472498491073615
 20
0.0268753701251807
 30
-1.107500000000001
 11
1.480546360502608
 21
0.0490673900944056
 31
-1.107500000000001
  0
LINE
  5
6D00
330
6C38
100
AcDbEntity
  8
道路横断面
  6
Continuous
 62
     7
370
    -1
100
AcDbLine
 10
1.465856855402357
 20
0.051735729853517
 30
-1.107500000000001
 11
1.472498491073615
 21
0.0268753701251807
 31
-1.107500000000001
  0
LINE
  5
6D01
330
6C38
100
AcDbEntity
  8
道路横断面
  6
Continuous
 62
     7
370
    -1
100
AcDbLine
 10
1.460391627291806
 20
0.0879862019223037
 30
-1.107500000000001
 11
1.465856855402357
 21
0.051735729853517
 31
-1.107500000000001
  0
LINE
  5
6D02
330
6C38
100
AcDbEntity
  8
道路横断面
  6
Continuous
 62
     7
370
    -1
100
AcDbLine
 10
1.472498491073615
 20
0.0268753701251807
 30
-1.107500000000001
 11
1.472498491073615
 21
0.0268753701251807
 31
-1.107500000000001
  0
LINE
  5
6D03
330
6C38
100
AcDbEntity
  8
道路横断面
  6
Continuous
 62
     7
370
    -1
100
AcDbLine
 10
1.480546360502608
 20
0.0490673900944056
 30
-1.107500000000001
 11
1.472498491073615
 21
0.0268753701251807
 31
-1.107500000000001
  0
LINE
  5
6D04
330
6C38
100
AcDbEntity
  8
道路横断面
  6
Continuous
 62
     7
370
    -1
100
AcDbLine
 10
1.484979310671456
 20
0.0808420618426862
 30
-1.107500000000001
 11
1.480546360502608
 21
0.0490673900944056
 31
-1.107500000000001
  0
LINE
  5
6D05
330
6C38
100
AcDbEntity
  8
道路横断面
  6
Continuous
 62
     7
370
    -1
100
AcDbLine
 10
1.481808466503985
 20
0.0167045136344495
 30
-1.107500000000001
 11
1.521631007681258
 21
0.0344635834348264
 31
-1.107500000000001
  0
LINE
  5
6D06
330
6C38
100
AcDbEntity
  8
道路横断面
  6
Continuous
 62
     7
370
    -1
100
AcDbLine
 10
1.472498491073615
 20
0.0268753701251807
 30
-1.107500000000001
 11
1.481808466503985
 21
0.0167045136344495
 31
-1.107500000000001
  0
LINE
  5
6D07
330
6C38
100
AcDbEntity
  8
道路横断面
  6
Continuous
 62
     7
370
    -1
100
AcDbLine
 10
1.563855088914408
 20
0.354140826444036
 30
-1.107500000000001
 11
1.425414312298066
 21
0.3511744914007249
 31
-1.107500000000001
  0
LINE
  5
6D08
330
6C38
100
AcDbEntity
  8
道路横断面
  6
Continuous
 62
     7
370
    -1
100
AcDbLine
 10
1.421801345090039
 20
0.3607519687515559
 30
-1.107500000000001
 11
1.561143899003632
 21
0.3613278166753116
 31
-1.107500000000001
  0
LINE
  5
6D09
330
6C38
100
AcDbEntity
  8
道路横断面
  6
Continuous
 62
     7
370
    -1
100
AcDbLine
 10
1.447333655918605
 20
0.3293408480835023
 30
-1.107500000000001
 11
1.435943543578155
 21
0.3305172556442084
 31
-1.107500000000001
  0
LINE
  5
6D0A
330
6C38
100
AcDbEntity
  8
道路横断面
  6
Continuous
 62
     7
370
    -1
100
AcDbLine
 10
1.421801345090039
 20
0.3607519687515559
 30
-1.107500000000001
 11
1.421801345090039
 21
0.3607519687515559
 31
-1.107500000000001
  0
LINE
  5
6D0B
330
6C38
100
AcDbEntity
  8
道路横断面
  6
Continuous
 62
     7
370
    -1
100
AcDbLine
 10
1.425414312298066
 20
0.3511744914007249
 30
-1.107500000000001
 11
1.421801345090039
 21
0.3607519687515559
 31
-1.107500000000001
  0
LINE
  5
6D0C
330
6C38
100
AcDbEntity
  8
道路横断面
  6
Continuous
 62
     7
370
    -1
100
AcDbLine
 10
1.531574321577914
 20
0.2366079044890466
 30
-1.107500000000001
 11
1.528781022543676
 21
0.3600657106739344
 31
-1.107500000000001
  0
LINE
  5
6D0D
330
6C38
100
AcDbEntity
  8
道路横断面
  6
Continuous
 62
     7
370
    -1
100
AcDbLine
 10
1.561143899003632
 20
0.3613278166753116
 30
-1.107500000000001
 11
1.563855088914408
 21
0.354140826444036
 31
-1.107500000000001
  0
LINE
  5
6D0E
330
6C38
100
AcDbEntity
  8
道路横断面
  6
Continuous
 62
     7
370
    -1
100
AcDbLine
 10
1.542925174946554
 20
0.3298258212757172
 30
-1.107500000000001
 11
1.533930726016528
 21
0.3319059581857982
 31
-1.107500000000001
  0
LINE
  5
6D0F
330
6C38
100
AcDbEntity
  8
道路横断面
 62
     7
370
    -1
100
AcDbLine
 10
1.644935683945789
 20
0.4792709731859031
 30
-1.107500000000001
 11
1.586722965950742
 21
0.4554717493605676
 31
-1.107500000000001
  0
LINE
  5
6D10
330
6C38
100
AcDbEntity
  8
道路横断面
 62
     7
370
    -1
100
AcDbLine
 10
1.586722965950742
 20
0.4554717493605676
 30
-1.107500000000001
 11
1.562239600012667
 21
0.4938247734111609
 31
-1.107500000000001
  0
LINE
  5
6D11
330
6C38
100
AcDbEntity
  8
道路横断面
 62
     7
370
    -1
100
AcDbLine
 10
1.345513727183111
 20
0.268041801581985
 30
-1.107500000000001
 11
1.39085603285826
 21
0.268705350289947
 31
-1.107500000000001
  0
LINE
  5
6D12
330
6C38
100
AcDbEntity
  8
道路横断面
 62
     7
370
    -1
100
AcDbLine
 10
1.39085603285826
 20
0.268705350289947
 30
-1.107500000000001
 11
1.40905213136471
 21
0.3221430116695227
 31
-1.107500000000001
  0
LINE
  5
6D13
330
6C38
100
AcDbEntity
  8
道路横断面
 62
     7
370
    -1
100
AcDbLine
 10
1.40905213136471
 20
0.3221430116695227
 30
-1.107500000000001
 11
1.405427705163724
 21
0.3801370309096637
 31
-1.107500000000001
  0
LINE
  5
6D14
330
6C38
100
AcDbEntity
  8
道路横断面
 62
     7
370
    -1
100
AcDbLine
 10
1.565272282476201
 20
0.4523751967948737
 30
-1.107500000000001
 11
1.563855088914408
 21
0.354140826444036
 31
-1.107500000000001
  0
LINE
  5
6D15
330
6C38
100
AcDbEntity
  8
道路横断面
 62
     7
370
    -1
100
AcDbLine
 10
1.556495727638371
 20
0.4575715446275535
 30
-1.107500000000001
 11
1.556470105091698
 21
0.3614250020486178
 31
-1.107500000000001
  0
LINE
  5
6D16
330
6C38
100
AcDbEntity
  8
道路横断面
 62
     7
370
    -1
100
AcDbLine
 10
1.565272282476201
 20
0.4523751967948737
 30
-1.107500000000001
 11
1.578882371673956
 21
0.4528617979389491
 31
-1.107500000000001
  0
LINE
  5
6D17
330
6C38
100
AcDbEntity
  8
道路横断面
 62
     7
370
    -1
100
AcDbLine
 10
1.556495727638371
 20
0.4575715446275535
 30
-1.107500000000001
 11
1.578956339175477
 21
0.4570200265747371
 31
-1.107500000000001
  0
LINE
  5
6D18
330
6C38
100
AcDbEntity
  8
道路横断面
 62
     7
370
    -1
100
AcDbLine
 10
1.579403238038196
 20
0.4628610787344041
 30
-1.107500000000001
 11
1.578882371673956
 21
0.4528617979389491
 31
-1.107500000000001
  0
LINE
  5
6D19
330
6C38
100
AcDbEntity
  8
道路横断面
 62
     7
370
    -1
100
AcDbLine
 10
1.578882371673956
 20
0.4528617979389491
 30
-1.107500000000001
 11
1.578882371673956
 21
0.4485708595615687
 31
-1.107500000000001
  0
LINE
  5
6D1A
330
6C38
100
AcDbEntity
  8
道路横断面
 62
     7
370
    -1
100
AcDbLine
 10
1.579403238038196
 20
0.4628610787344041
 30
-1.107500000000001
 11
1.622301514858975
 21
0.4621072196763816
 31
-1.107500000000001
  0
LINE
  5
6D1B
330
6C38
100
AcDbEntity
  8
道路横断面
 62
     7
370
    -1
100
AcDbLine
 10
1.622301514858975
 20
0.4621072196763816
 30
-1.107500000000001
 11
1.622301514858975
 21
0.4485708595615687
 31
-1.107500000000001
  0
LINE
  5
6D1C
330
6C38
100
AcDbEntity
  8
道路横断面
 62
     7
370
    -1
100
AcDbLine
 10
1.622301514858975
 20
0.4485708595615687
 30
-1.107500000000001
 11
1.578882371673956
 21
0.4485708595615687
 31
-1.107500000000001
  0
LINE
  5
6D1D
330
6C38
100
AcDbEntity
  8
道路横断面
 62
     7
370
    -1
100
AcDbLine
 10
1.421108895579941
 20
0.2625122432959142
 30
-1.107500000000001
 11
1.422526089141734
 21
0.3607466117841067
 31
-1.107500000000001
  0
LINE
  5
6D1E
330
6C38
100
AcDbEntity
  8
道路横断面
 62
     7
370
    -1
100
AcDbLine
 10
1.429885450417764
 20
0.2573158954632344
 30
-1.107500000000001
 11
1.429911071101792
 21
0.3534624361795249
 31
-1.107500000000001
  0
LINE
  5
6D1F
330
6C38
100
AcDbEntity
  8
道路横断面
 62
     7
370
    -1
100
AcDbLine
 10
1.421108895579941
 20
0.2625122432959142
 30
-1.107500000000001
 11
1.407498806382186
 21
0.2620256421518388
 31
-1.107500000000001
  0
LINE
  5
6D20
330
6C38
100
AcDbEntity
  8
道路横断面
 62
     7
370
    -1
100
AcDbLine
 10
1.429885450417764
 20
0.2573158954632344
 30
-1.107500000000001
 11
1.40742483701802
 21
0.2578674135160508
 31
-1.107500000000001
  0
LINE
  5
6D21
330
6C38
100
AcDbEntity
  8
道路横断面
 62
     7
370
    -1
100
AcDbLine
 10
1.4069779381553
 20
0.2520263594937386
 30
-1.107500000000001
 11
1.407498806382186
 21
0.2620256421518388
 31
-1.107500000000001
  0
LINE
  5
6D22
330
6C38
100
AcDbEntity
  8
道路横断面
 62
     7
370
    -1
100
AcDbLine
 10
1.407498806382186
 20
0.2620256421518388
 30
-1.107500000000001
 11
1.407498806382186
 21
0.266316578666574
 31
-1.107500000000001
  0
LINE
  5
6D23
330
6C38
100
AcDbEntity
  8
道路横断面
 62
     7
370
    -1
100
AcDbLine
 10
1.4069779381553
 20
0.2520263594937386
 30
-1.107500000000001
 11
1.364079663197167
 21
0.2527802185517611
 31
-1.107500000000001
  0
LINE
  5
6D24
330
6C38
100
AcDbEntity
  8
道路横断面
 62
     7
370
    -1
100
AcDbLine
 10
1.364079663197167
 20
0.2527802185517611
 30
-1.107500000000001
 11
1.364079663197167
 21
0.266316578666574
 31
-1.107500000000001
  0
LINE
  5
6D25
330
6C38
100
AcDbEntity
  8
道路横断面
 62
     7
370
    -1
100
AcDbLine
 10
1.364079663197167
 20
0.266316578666574
 30
-1.107500000000001
 11
1.407498806382186
 21
0.266316578666574
 31
-1.107500000000001
  0
LINE
  5
6D26
330
6C38
100
AcDbEntity
  8
道路横断面
  6
Continuous
 62
     7
370
    -1
100
AcDbLine
 10
1.757433829496279
 20
0.9689793893498262
 30
-1.107500000000001
 11
1.648329212928786
 21
0.9825528682571729
 31
-1.107500000000001
  0
LINE
  5
6D27
330
6C38
100
AcDbEntity
  8
道路横断面
  6
Continuous
 62
     7
370
    -1
100
AcDbLine
 10
1.66803469661869
 20
1.017352304364451
 30
-1.107500000000001
 11
1.756128875205889
 21
1.023218759278663
 31
-1.107500000000001
  0
LINE
  5
6D28
330
6C38
100
AcDbEntity
  8
道路横断面
  6
Continuous
 62
     7
370
    -1
100
AcDbLine
 10
1.652805013249292
 20
0.9924510465365728
 30
-1.107500000000001
 11
1.75680277649559
 21
0.9851608285111269
 31
-1.107500000000001
  0
LINE
  5
6D29
330
6C38
100
AcDbEntity
  8
道路横断面
  6
Continuous
 62
     7
370
    -1
100
AcDbLine
 10
1.75680277649559
 20
0.9851608285111269
 30
-1.107500000000001
 11
1.652805013249292
 21
0.9924510465365728
 31
-1.107500000000001
  0
LINE
  5
6D2A
330
6C38
100
AcDbEntity
  8
道路横断面
 62
     7
370
    -1
100
AcDbLine
 10
1.740033136347904
 20
0.9788347193402132
 30
-1.107500000000001
 11
1.758883192802443
 21
0.9759829965782245
 31
-1.107500000000001
  0
LINE
  5
6D2B
330
6C38
100
AcDbEntity
  8
道路横断面
  6
Continuous
 62
     7
370
    -1
100
AcDbLine
 10
1.517633741388686
 20
0.6979156070751031
 30
-1.107500000000001
 11
1.493771575058467
 21
0.7176451021236261
 31
-1.107500000000001
  0
LINE
  5
6D2C
330
6C38
100
AcDbEntity
  8
道路横断面
  6
Continuous
 62
     7
370
    -1
100
AcDbLine
 10
1.528205822820432
 20
0.65538187598706
 30
-1.107500000000001
 11
1.517633741388686
 21
0.6979156070751031
 31
-1.107500000000001
  0
LINE
  5
6D2D
330
6C38
100
AcDbEntity
  8
道路横断面
  6
Continuous
 62
     7
370
    -1
100
AcDbLine
 10
1.470297673384316
 20
0.9974845582050165
 30
-1.107500000000001
 11
1.381442255939014
 21
1.000906017552026
 31
-1.107500000000001
  0
LINE
  5
6D2E
330
6C38
100
AcDbEntity
  8
道路横断面
  6
Continuous
 62
     7
370
    -1
100
AcDbLine
 10
1.470590127299197
 20
0.7718416219008049
 30
-1.107500000000001
 11
1.465041150937445
 21
0.8518399064791282
 31
-1.107500000000001
  0
LINE
  5
6D2F
330
6C38
100
AcDbEntity
  8
道路横断面
  6
Continuous
 62
     7
370
    -1
100
AcDbLine
 10
1.47542430240906
 20
0.7517725871306737
 30
-1.107500000000001
 11
1.50060018863774
 21
0.7503235032212814
 31
-1.107500000000001
  0
LINE
  5
6D30
330
6C38
100
AcDbEntity
  8
道路横断面
  6
Continuous
 62
     7
370
    -1
100
AcDbLine
 10
1.497300795877941
 20
0.7518154372823318
 30
-1.107500000000001
 11
1.47542430240906
 21
0.7517725871306737
 31
-1.107500000000001
  0
LINE
  5
6D31
330
6C38
100
AcDbEntity
  8
道路横断面
  6
Continuous
 62
     7
370
    -1
100
AcDbLine
 10
1.38560252789653
 20
1.018894915412076
 30
-1.107500000000001
 11
1.468606739903457
 21
1.020110580081948
 31
-1.107500000000001
  0
LINE
  5
6D32
330
6C38
100
AcDbEntity
  8
道路横断面
  6
Continuous
 62
     7
370
    -1
100
AcDbLine
 10
1.28406211514271
 20
0.9942731493514856
 30
-1.107500000000001
 11
1.198053247893817
 21
0.9974030954194149
 31
-1.107500000000001
  0
LINE
  5
6D33
330
6C38
100
AcDbEntity
  8
道路横断面
  6
Continuous
 62
     7
370
    -1
100
AcDbLine
 10
1.234619244600303
 20
0.9947776039493164
 30
-1.107500000000001
 11
1.28406211514271
 21
0.9942731493514856
 31
-1.107500000000001
  0
LINE
  5
6D34
330
6C38
100
AcDbEntity
  8
道路横断面
  6
Continuous
 62
     7
370
    -1
100
AcDbLine
 10
1.295767752120859
 20
0.9850060222101291
 30
-1.107500000000001
 11
1.243025490681298
 21
0.9870024127316555
 31
-1.107500000000001
  0
LINE
  5
6D35
330
6C38
100
AcDbEntity
  8
道路横断面
  6
Continuous
 62
     7
370
    -1
100
AcDbLine
 10
1.221651501620777
 20
1.036407605687984
 30
-1.107500000000001
 11
1.294778322468169
 21
1.031154672558316
 31
-1.107500000000001
  0
LINE
  5
6D36
330
6C38
100
AcDbEntity
  8
道路横断面
  6
Continuous
 62
     7
370
    -1
100
AcDbLine
 10
1.193892974073655
 20
0.9794141975593647
 30
-1.107500000000001
 11
1.234619244600303
 21
0.9947776039493164
 31
-1.107500000000001
  0
LINE
  5
6D37
330
6C38
100
AcDbEntity
  8
道路横断面
  6
Continuous
 62
     7
370
    -1
100
AcDbLine
 10
1.243025490681298
 20
0.9870024127316555
 30
-1.107500000000001
 11
1.198411622683174
 21
0.9674358823698839
 31
-1.107500000000001
  0
LINE
  5
6D38
330
6C38
100
AcDbEntity
  8
道路横断面
  6
Continuous
 62
     7
370
    -1
100
AcDbLine
 10
1.198411622683174
 20
0.9674358823698839
 30
-1.107500000000001
 11
1.193892974073655
 21
0.9794141975593647
 31
-1.107500000000001
  0
LINE
  5
6D39
330
6C38
100
AcDbEntity
  8
道路横断面
  6
Continuous
 62
     7
370
    -1
100
AcDbLine
 10
1.19199981507159
 20
1.027958509455331
 30
-1.107500000000001
 11
1.19199981507159
 21
1.027958509455331
 31
-1.107500000000001
  0
LINE
  5
6D3A
330
6C38
100
AcDbEntity
  8
道路横断面
  6
Continuous
 62
     7
370
    -1
100
AcDbLine
 10
1.189647001812823
 20
1.005178286637076
 30
-1.107500000000001
 11
1.19199981507159
 21
1.027958509455331
 31
-1.107500000000001
  0
LINE
  5
6D3B
330
6C38
100
AcDbEntity
  8
道路横断面
  6
Continuous
 62
     7
370
    -1
100
AcDbLine
 10
1.198053247893817
 20
0.9974030954194149
 30
-1.107500000000001
 11
1.189647001812823
 21
1.005178286637076
 31
-1.107500000000001
  0
LINE
  5
6D3C
330
6C38
100
AcDbEntity
  8
道路横断面
  6
Continuous
 62
     7
370
    -1
100
AcDbLine
 10
1.19199981507159
 20
1.027958509455331
 30
-1.107500000000001
 11
1.221651501620777
 21
1.036407605687984
 31
-1.107500000000001
  0
LINE
  5
6D3D
330
6C38
100
AcDbEntity
  8
道路横断面
  6
Continuous
 62
     7
370
    -1
100
AcDbLine
 10
1.420421406293876
 20
0.531258934120542
 30
-1.107500000000001
 11
1.425675978551276
 21
0.6769087584120115
 31
-1.107500000000001
  0
LINE
  5
6D3E
330
6C38
100
AcDbEntity
  8
道路横断面
  6
Continuous
 62
     7
370
    -1
100
AcDbLine
 10
1.465201832021243
 20
0.6918193241012176
 30
-1.107500000000001
 11
1.464340950960882
 21
0.6723384940427621
 31
-1.107500000000001
  0
LINE
  5
6D3F
330
6C38
100
AcDbEntity
  8
道路横断面
  6
Continuous
 62
     7
370
    -1
100
AcDbLine
 10
1.50805108960963
 20
0.6943006859523138
 30
-1.107500000000001
 11
1.494537990207441
 21
0.7083591380518754
 31
-1.107500000000001
  0
LINE
  5
6D40
330
6C38
100
AcDbEntity
  8
道路横断面
  6
Continuous
 62
     7
370
    -1
100
AcDbLine
 10
1.464340950960882
 20
0.6723384940427621
 30
-1.107500000000001
 11
1.454636230731971
 21
0.5783762232762646
 31
-1.107500000000001
  0
LINE
  5
6D41
330
6C38
100
AcDbEntity
  8
道路横断面
  6
Continuous
 62
     7
370
    -1
100
AcDbLine
 10
1.464340950960882
 20
0.6723384940427621
 30
-1.107500000000001
 11
1.464340950960882
 21
0.6723384940427621
 31
-1.107500000000001
  0
LINE
  5
6D42
330
6C38
100
AcDbEntity
  8
道路横断面
  6
Continuous
 62
     7
370
    -1
100
AcDbLine
 10
1.473650926391251
 20
0.662167639414676
 30
-1.107500000000001
 11
1.464340950960882
 21
0.6723384940427621
 31
-1.107500000000001
  0
LINE
  5
6D43
330
6C38
100
AcDbEntity
  8
道路横断面
  6
Continuous
 62
     7
370
    -1
100
AcDbLine
 10
1.480376308451063
 20
0.5935594653141569
 30
-1.107500000000001
 11
1.473650926391251
 21
0.662167639414676
 31
-1.107500000000001
  0
LINE
  5
6D44
330
6C38
100
AcDbEntity
  8
道路横断面
  6
Continuous
 62
     7
370
    -1
100
AcDbLine
 10
1.473650926391251
 20
0.662167639414676
 30
-1.107500000000001
 11
1.480376308451063
 21
0.5935594653141569
 31
-1.107500000000001
  0
LINE
  5
6D45
330
6C38
100
AcDbEntity
  8
道路横断面
  6
Continuous
 62
     7
370
    -1
100
AcDbLine
 10
1.464340950960882
 20
0.6723384940427621
 30
-1.107500000000001
 11
1.473650926391251
 21
0.662167639414676
 31
-1.107500000000001
  0
LINE
  5
6D46
330
6C38
100
AcDbEntity
  8
道路横断面
  6
Continuous
 62
     7
370
    -1
100
AcDbLine
 10
1.516815710479982
 20
0.656558281685121
 30
-1.107500000000001
 11
1.50805108960963
 21
0.6943006859523138
 31
-1.107500000000001
  0
LINE
  5
6D47
330
6C38
100
AcDbEntity
  8
道路横断面
  6
Continuous
 62
     7
370
    -1
100
AcDbLine
 10
1.526209432298906
 20
0.602639612684853
 30
-1.107500000000001
 11
1.516815710479982
 21
0.656558281685121
 31
-1.107500000000001
  0
LINE
  5
6D48
330
6C38
100
AcDbEntity
  8
道路横断面
  6
Continuous
 62
     7
370
    -1
100
AcDbLine
 10
1.425675978551276
 20
0.6769087584120115
 30
-1.107500000000001
 11
1.437724746430881
 21
0.7211314727914413
 31
-1.107500000000001
  0
LINE
  5
6D49
330
6C38
100
AcDbEntity
  8
道路横断面
  6
Continuous
 62
     7
370
    -1
100
AcDbLine
 10
1.321149455050595
 20
1.030156479160198
 30
-1.107500000000001
 11
1.315793936739333
 21
1.011716692651518
 31
-1.107500000000001
  0
LINE
  5
6D4A
330
6C38
100
AcDbEntity
  8
道路横断面
  6
Continuous
 62
     7
370
    -1
100
AcDbLine
 10
1.28406211514271
 20
0.9942731493514856
 30
-1.107500000000001
 11
1.318481113428838
 21
1.015466974059947
 31
-1.107500000000001
  0
LINE
  5
6D4B
330
6C38
100
AcDbEntity
  8
道路横断面
  6
Continuous
 62
     7
370
    -1
100
AcDbLine
 10
1.358389354909427
 20
0.9894730569225629
 30
-1.107500000000001
 11
1.32184736956156
 21
0.9811612767529567
 31
-1.107500000000001
  0
LINE
  5
6D4C
330
6C38
100
AcDbEntity
  8
道路横断面
  6
Continuous
 62
     7
370
    -1
100
AcDbLine
 10
1.294778322468169
 20
1.031154672558316
 30
-1.107500000000001
 11
1.318438265139825
 21
1.037343467528828
 31
-1.107500000000001
  0
LINE
  5
6D4D
330
6C38
100
AcDbEntity
  8
道路横断面
  6
Continuous
 62
     7
370
    -1
100
AcDbLine
 10
1.315793936739333
 20
1.011716692651518
 30
-1.107500000000001
 11
1.28406211514271
 21
0.9942731493514856
 31
-1.107500000000001
  0
LINE
  5
6D4E
330
6C38
100
AcDbEntity
  8
道路横断面
  6
Continuous
 62
     7
370
    -1
100
AcDbLine
 10
1.32184736956156
 20
0.9811612767529567
 30
-1.107500000000001
 11
1.295767752120859
 21
0.9850060222101291
 31
-1.107500000000001
  0
LINE
  5
6D4F
330
6C38
100
AcDbEntity
  8
道路横断面
  6
Continuous
 62
     7
370
    -1
100
AcDbLine
 10
1.468007485980756
 20
0.7133991298627933
 30
-1.107500000000001
 11
1.450827853421337
 21
0.6863969461423238
 31
-1.107500000000001
  0
LINE
  5
6D50
330
6C38
100
AcDbEntity
  8
道路横断面
  6
Continuous
 62
     7
370
    -1
100
AcDbLine
 10
1.47686462071038
 20
0.7044286922913869
 30
-1.107500000000001
 11
1.465201832021243
 21
0.6918193241012176
 31
-1.107500000000001
  0
LINE
  5
6D51
330
6C38
100
AcDbEntity
  8
道路横断面
  6
Continuous
 62
     7
370
    -1
100
AcDbLine
 10
1.494537990207441
 20
0.7083591380518754
 30
-1.107500000000001
 11
1.47686462071038
 21
0.7044286922913869
 31
-1.107500000000001
  0
LINE
  5
6D52
330
6C38
100
AcDbEntity
  8
道路横断面
  6
Continuous
 62
     7
370
    -1
100
AcDbLine
 10
1.437724746430881
 20
0.7211314727914413
 30
-1.107500000000001
 11
1.468552838678129
 21
0.7409706795018991
 31
-1.107500000000001
  0
LINE
  5
6D53
330
6C38
100
AcDbEntity
  8
道路横断面
  6
Continuous
 62
     7
370
    -1
100
AcDbLine
 10
1.493771575058467
 20
0.7176451021236261
 30
-1.107500000000001
 11
1.468007485980756
 21
0.7133991298627933
 31
-1.107500000000001
  0
LINE
  5
6D54
330
6C38
100
AcDbEntity
  8
道路横断面
  6
Continuous
 62
     7
370
    -1
100
AcDbLine
 10
1.459831067959435
 20
0.7568365903002103
 30
-1.107500000000001
 11
1.470590127299197
 21
0.7718416219008049
 31
-1.107500000000001
  0
LINE
  5
6D55
330
6C38
100
AcDbEntity
  8
道路横断面
  6
Continuous
 62
     7
370
    -1
100
AcDbLine
 10
1.469729246238835
 20
0.7523607918423494
 30
-1.107500000000001
 11
1.459831067959435
 21
0.7568365903002103
 31
-1.107500000000001
  0
LINE
  5
6D56
330
6C38
100
AcDbEntity
  8
道路横断面
  6
Continuous
 62
     7
370
    -1
100
AcDbLine
 10
1.468552838678129
 20
0.7409706795018991
 30
-1.107500000000001
 11
1.469729246238835
 21
0.7523607918423494
 31
-1.107500000000001
  0
LINE
  5
6D57
330
6C38
100
AcDbEntity
  8
道路横断面
  6
Continuous
 62
     7
370
    -1
100
AcDbLine
 10
1.381442255939014
 20
1.000906017552026
 30
-1.107500000000001
 11
1.358389354909427
 21
0.9894730569225629
 31
-1.107500000000001
  0
LINE
  5
6D58
330
6C38
100
AcDbEntity
  8
道路横断面
  6
Continuous
 62
     7
370
    -1
100
AcDbLine
 10
1.318438265139825
 20
1.037343467528828
 30
-1.107500000000001
 11
1.353196803147561
 21
1.03950930287958
 31
-1.107500000000001
  0
LINE
  5
6D59
330
6C38
100
AcDbEntity
  8
道路横断面
  6
Continuous
 62
     7
370
    -1
100
AcDbLine
 10
1.318481113428838
 20
1.015466974059947
 30
-1.107500000000001
 11
1.321149455050595
 21
1.030156479160198
 31
-1.107500000000001
  0
LINE
  5
6D5A
330
6C38
100
AcDbEntity
  8
道路横断面
  6
Continuous
 62
     7
370
    -1
100
AcDbLine
 10
1.381987608636386
 20
1.028477567191132
 30
-1.107500000000001
 11
1.38560252789653
 21
1.018894915412076
 31
-1.107500000000001
  0
LINE
  5
6D5B
330
6C38
100
AcDbEntity
  8
道路横断面
  6
Continuous
 62
     7
370
    -1
100
AcDbLine
 10
1.353196803147561
 20
1.03950930287958
 30
-1.107500000000001
 11
1.381987608636386
 21
1.028477567191132
 31
-1.107500000000001
  0
LINE
  5
6D5C
330
6C38
100
AcDbEntity
  8
道路横断面
  6
Continuous
 62
     7
370
    -1
100
AcDbLine
 10
1.652805013249292
 20
0.9924510465365728
 30
-1.107500000000001
 11
1.740033136347904
 21
0.9788347193402132
 31
-1.107500000000001
  0
LINE
  5
6D5D
330
6C38
100
AcDbEntity
  8
道路横断面
  6
Continuous
 62
     7
370
    -1
100
AcDbLine
 10
1.740033136347904
 20
0.9788347193402132
 30
-1.107500000000001
 11
1.652805013249292
 21
0.9924510465365728
 31
-1.107500000000001
  0
LINE
  5
6D5E
330
6C38
100
AcDbEntity
  8
道路横断面
  6
Continuous
 62
     7
370
    -1
100
AcDbLine
 10
1.498568778524763
 20
1.020467004681834
 30
-1.107500000000001
 11
1.618591827938928
 21
1.017856760824927
 31
-1.107500000000001
  0
LINE
  5
6D5F
330
6C38
100
AcDbEntity
  8
道路横断面
  6
Continuous
 62
     7
370
    -1
100
AcDbLine
 10
1.601846199149861
 20
1.000593381876953
 30
-1.107500000000001
 11
1.499064467514522
 21
0.9973900922936281
 31
-1.107500000000001
  0
LINE
  5
6D60
330
6C38
100
AcDbEntity
  8
道路横断面
  6
Continuous
 62
     7
370
    -1
100
AcDbLine
 10
1.523874150256283
 20
0.7248989520025333
 30
-1.107500000000001
 11
1.54163322005666
 21
0.6850764108252605
 31
-1.107500000000001
  0
LINE
  5
6D61
330
6C38
100
AcDbEntity
  8
道路横断面
  6
Continuous
 62
     7
370
    -1
100
AcDbLine
 10
1.522014138887293
 20
0.9075364795875629
 30
-1.107500000000001
 11
1.51457848366595
 21
0.8801022441488584
 31
-1.107500000000001
  0
LINE
  5
6D62
330
6C38
100
AcDbEntity
  8
道路横断面
  6
Continuous
 62
     7
370
    -1
100
AcDbLine
 10
1.499196238482959
 20
0.9317677383673271
 30
-1.107500000000001
 11
1.521383085886605
 21
0.9237179168862184
 31
-1.107500000000001
  0
LINE
  5
6D63
330
6C38
100
AcDbEntity
  8
道路横断面
  6
Continuous
 62
     7
370
    -1
100
AcDbLine
 10
1.499064467514522
 20
0.9973900922936281
 30
-1.107500000000001
 11
1.499196238482959
 21
0.9317677383673271
 31
-1.107500000000001
  0
LINE
  5
6D64
330
6C38
100
AcDbEntity
  8
道路横断面
  6
Continuous
 62
     7
370
    -1
100
AcDbLine
 10
1.468606739903457
 20
1.020110580081948
 30
-1.107500000000001
 11
1.472494335512287
 21
1.024313704053768
 31
-1.107500000000001
  0
LINE
  5
6D65
330
6C38
100
AcDbEntity
  8
道路横断面
  6
Continuous
 62
     7
370
    -1
100
AcDbLine
 10
1.483119338418014
 20
0.8764444747370561
 30
-1.107500000000001
 11
1.51457848366595
 21
0.8801022441488584
 31
-1.107500000000001
  0
LINE
  5
6D66
330
6C38
100
AcDbEntity
  8
道路横断面
  6
Continuous
 62
     7
370
    -1
100
AcDbLine
 10
1.470424271787174
 20
0.9318602503639539
 30
-1.107500000000001
 11
1.470297673384316
 21
0.9974845582050165
 31
-1.107500000000001
  0
LINE
  5
6D67
330
6C38
100
AcDbEntity
  8
道路横断面
  6
Continuous
 62
     7
370
    -1
100
AcDbLine
 10
1.490808831195004
 20
0.928603707755812
 30
-1.107500000000001
 11
1.470424271787174
 21
0.9318602503639539
 31
-1.107500000000001
  0
LINE
  5
6D68
330
6C38
100
AcDbEntity
  8
道路横断面
  6
Continuous
 62
     7
370
    -1
100
AcDbLine
 10
1.470424271787174
 20
0.9318602503639539
 30
-1.107500000000001
 11
1.490808831195004
 21
0.928603707755812
 31
-1.107500000000001
  0
LINE
  5
6D69
330
6C38
100
AcDbEntity
  8
道路横断面
  6
Continuous
 62
     7
370
    -1
100
AcDbLine
 10
1.496905112306244
 20
0.8761717983883699
 30
-1.107500000000001
 11
1.458852355966933
 21
0.8754998472881397
 31
-1.107500000000001
  0
LINE
  5
6D6A
330
6C38
100
AcDbEntity
  8
道路横断面
  6
Continuous
 62
     7
370
    -1
100
AcDbLine
 10
1.499423781077034
 20
0.7389333927434762
 30
-1.107500000000001
 11
1.523874150256283
 21
0.7248989520025333
 31
-1.107500000000001
  0
LINE
  5
6D6B
330
6C38
100
AcDbEntity
  8
道路横断面
  6
Continuous
 62
     7
370
    -1
100
AcDbLine
 10
1.50060018863774
 20
0.7503235032212814
 30
-1.107500000000001
 11
1.499423781077034
 21
0.7389333927434762
 31
-1.107500000000001
  0
LINE
  5
6D6C
330
6C38
100
AcDbEntity
  8
道路横断面
  6
Continuous
 62
     7
370
    -1
100
AcDbLine
 10
1.514974167237646
 20
0.7557458830428203
 30
-1.107500000000001
 11
1.497300795877941
 21
0.7518154372823318
 31
-1.107500000000001
  0
LINE
  5
6D6D
330
6C38
100
AcDbEntity
  8
道路横断面
  6
Continuous
 62
     7
370
    -1
100
AcDbLine
 10
1.504760462457902
 20
0.7683124010813316
 30
-1.107500000000001
 11
1.514974167237646
 21
0.7557458830428203
 31
-1.107500000000001
  0
LINE
  5
6D6E
330
6C38
100
AcDbEntity
  8
道路横断面
  6
Continuous
 62
     7
370
    -1
100
AcDbLine
 10
1.503409433777101
 20
0.8444211379987081
 30
-1.107500000000001
 11
1.499292010108597
 21
0.8045557466697772
 31
-1.107500000000001
  0
LINE
  5
6D6F
330
6C38
100
AcDbEntity
  8
道路横断面
  6
Continuous
 62
     7
370
    -1
100
AcDbLine
 10
1.458852355966933
 20
0.8754998472881397
 30
-1.107500000000001
 11
1.483119338418014
 21
0.8764444747370561
 31
-1.107500000000001
  0
LINE
  5
6D70
330
6C38
100
AcDbEntity
  8
道路横断面
  6
Continuous
 62
     7
370
    -1
100
AcDbLine
 10
1.465041150937445
 20
0.8518399064791282
 30
-1.107500000000001
 11
1.458852355966933
 21
0.8754998472881397
 31
-1.107500000000001
  0
LINE
  5
6D71
330
6C38
100
AcDbEntity
  8
道路横断面
  6
Continuous
 62
     7
370
    -1
100
AcDbLine
 10
1.455462090338237
 20
0.920742816234835
 30
-1.107500000000001
 11
1.470424271787174
 21
0.9318602503639539
 31
-1.107500000000001
  0
LINE
  5
6D72
330
6C38
100
AcDbEntity
  8
道路横断面
  6
Continuous
 62
     7
370
    -1
100
AcDbLine
 10
1.451938043946988
 20
0.8865744331282457
 30
-1.107500000000001
 11
1.455462090338237
 21
0.920742816234835
 31
-1.107500000000001
  0
LINE
  5
6D73
330
6C38
100
AcDbEntity
  8
道路横断面
  6
Continuous
 62
     7
370
    -1
100
AcDbLine
 10
1.458852355966933
 20
0.8754998472881397
 30
-1.107500000000001
 11
1.451938043946988
 21
0.8865744331282457
 31
-1.107500000000001
  0
LINE
  5
6D74
330
6C38
100
AcDbEntity
  8
道路横断面
  6
Continuous
 62
     7
370
    -1
100
AcDbLine
 10
1.51457848366595
 20
0.8801022441488584
 30
-1.107500000000001
 11
1.511457303206093
 21
0.866613157967933
 31
-1.107500000000001
  0
LINE
  5
6D75
330
6C38
100
AcDbEntity
  8
道路横断面
  6
Continuous
 62
     7
370
    -1
100
AcDbLine
 10
1.51457848366595
 20
0.8801022441488584
 30
-1.107500000000001
 11
1.51457848366595
 21
0.8801022441488584
 31
-1.107500000000001
  0
LINE
  5
6D76
330
6C38
100
AcDbEntity
  8
道路横断面
  6
Continuous
 62
     7
370
    -1
100
AcDbLine
 10
1.51457848366595
 20
0.8801022441488584
 30
-1.107500000000001
 11
1.496905112306244
 21
0.8761717983883699
 31
-1.107500000000001
  0
LINE
  5
6D77
330
6C38
100
AcDbEntity
  8
道路横断面
  6
Continuous
 62
     7
370
    -1
100
AcDbLine
 10
1.521383085886605
 20
0.9237179168862184
 30
-1.107500000000001
 11
1.522014138887293
 21
0.9075364795875629
 31
-1.107500000000001
  0
LINE
  5
6D78
330
6C38
100
AcDbEntity
  8
道路横断面
  6
Continuous
 62
     7
370
    -1
100
AcDbLine
 10
1.496761317963369
 20
1.025258331502684
 30
-1.107500000000001
 11
1.498568778524763
 21
1.020467004681834
 31
-1.107500000000001
  0
LINE
  5
6D79
330
6C38
100
AcDbEntity
  8
道路横断面
  6
Continuous
 62
     7
370
    -1
100
AcDbLine
 10
1.472494335512287
 20
1.024313704053768
 30
-1.107500000000001
 11
1.496761317963369
 21
1.025258331502684
 31
-1.107500000000001
  0
LINE
  5
6D7A
330
6C38
100
AcDbEntity
  8
道路横断面
  6
Continuous
 62
     7
370
    -1
100
AcDbLine
 10
1.648329212928786
 20
0.9825528682571729
 30
-1.107500000000001
 11
1.617749785671606
 21
0.9874367070746501
 31
-1.107500000000001
  0
LINE
  5
6D7B
330
6C38
100
AcDbEntity
  8
道路横断面
  6
Continuous
 62
     7
370
    -1
100
AcDbLine
 10
1.618591827938928
 20
1.017856760824927
 30
-1.107500000000001
 11
1.65303483944632
 21
1.028113315756329
 31
-1.107500000000001
  0
LINE
  5
6D7C
330
6C38
100
AcDbEntity
  8
道路横断面
  6
Continuous
 62
     7
370
    -1
100
AcDbLine
 10
1.617749785671606
 20
0.9874367070746501
 30
-1.107500000000001
 11
1.601846199149861
 21
1.000593381876953
 31
-1.107500000000001
  0
LINE
  5
6D7D
330
6C38
100
AcDbEntity
  8
道路横断面
  6
Continuous
 62
     7
370
    -1
100
AcDbLine
 10
1.643767714167609
 20
1.016407676915534
 30
-1.107500000000001
 11
1.652805013249292
 21
0.9924510465365728
 31
-1.107500000000001
  0
LINE
  5
6D7E
330
6C38
100
AcDbEntity
  8
道路横断面
  6
Continuous
 62
     7
370
    -1
100
AcDbLine
 10
1.652805013249292
 20
0.9924510465365728
 30
-1.107500000000001
 11
1.640733763242736
 21
1.024450260157593
 31
-1.107500000000001
  0
LINE
  5
6D7F
330
6C38
100
AcDbEntity
  8
道路横断面
  6
Continuous
 62
     7
370
    -1
100
AcDbLine
 10
1.663516048009171
 20
1.029330619553932
 30
-1.107500000000001
 11
1.66803469661869
 21
1.017352304364451
 31
-1.107500000000001
  0
LINE
  5
6D80
330
6C38
100
AcDbEntity
  8
道路横断面
  6
Continuous
 62
     7
370
    -1
100
AcDbLine
 10
1.65303483944632
 20
1.028113315756329
 30
-1.107500000000001
 11
1.663516048009171
 21
1.029330619553932
 31
-1.107500000000001
  0
LINE
  5
6D81
330
6C38
100
AcDbEntity
  8
道路横断面
 62
     7
370
    -1
100
AcDbLine
 10
1.511457303206093
 20
0.866613157967933
 30
-1.107500000000001
 11
1.503409433777101
 21
0.8444211379987081
 31
-1.107500000000001
  0
LINE
  5
6D82
330
6C38
100
AcDbEntity
  8
道路横断面
 62
     7
370
    -1
100
AcDbLine
 10
1.499292010108597
 20
0.8045557466697772
 30
-1.107500000000001
 11
1.504760462457902
 21
0.7683124010813316
 31
-1.107500000000001
  0
LINE
  5
6D83
330
6C38
100
AcDbEntity
  8
道路横断面
 62
     7
370
    -1
100
AcDbLine
 10
1.506051977763541
 20
0.8517079566967567
 30
-1.107500000000001
 11
1.527250181550748
 21
0.8510273685109695
 31
-1.107500000000001
  0
LINE
  5
6D84
330
6C38
100
AcDbEntity
  8
道路横断面
 62
     7
370
    -1
100
AcDbLine
 10
1.465041150937445
 20
0.8518399064791282
 30
-1.107500000000001
 11
1.449973122815258
 21
0.8504228693795284
 31
-1.107500000000001
  0
LINE
  5
6D85
330
6C38
100
AcDbEntity
  8
道路横断面
 62
     7
370
    -1
100
AcDbLine
 10
1.313491815368302
 20
1.362821283693322
 30
-1.107500000000001
 11
1.245509160349734
 21
0.9926352714550575
 31
-1.107500000000001
  0
LINE
  5
6D86
330
6C38
100
AcDbEntity
  8
道路横断面
 62
     7
370
    -1
100
AcDbLine
 10
1.284934036100871
 20
0.9926352714550575
 30
-1.107500000000001
 11
1.352466705853708
 21
1.176703247184761
 31
-1.107500000000001
  0
LINE
  5
6D87
330
6C38
100
AcDbEntity
  8
道路横断面
 62
     7
370
    -1
100
AcDbLine
 10
1.352466705853708
 20
1.176703247184761
 30
-1.107500000000001
 11
1.351416064093478
 21
1.039398343245395
 31
-1.107500000000001
  0
LINE
  5
6D88
330
6C38
100
AcDbEntity
  8
道路横断面
 62
     7
370
    -1
100
AcDbLine
 10
1.450481595138676
 20
0.855791049952515
 30
-1.107500000000001
 11
1.461495354438789
 21
0.8518748068612894
 31
-1.107500000000001
  0
LINE
  5
6D89
330
6C38
100
AcDbEntity
  8
道路横断面
 62
     7
370
    -1
100
AcDbLine
 10
1.527145879010327
 20
0.8519190837991317
 30
-1.107500000000001
 11
1.560908177534706
 21
0.5632760403108659
 31
-1.107500000000001
  0
LINE
  5
6D8A
330
6C38
100
AcDbEntity
  8
道路横断面
 62
     7
370
    -1
100
AcDbLine
 10
1.650686179886236
 20
1.367266985530861
 30
-1.107500000000001
 11
1.73029461097218
 21
1.001438331733354
 31
-1.107500000000001
  0
LINE
  5
6D8B
330
6C38
100
AcDbEntity
  8
道路横断面
 62
     7
370
    -1
100
AcDbLine
 10
1.73029461097218
 20
1.001438331733354
 30
-1.107500000000001
 11
1.683177075947299
 21
0.9637930904877265
 31
-1.107500000000001
  0
LINE
  5
6D8C
330
6C38
100
AcDbEntity
  8
道路横断面
 62
     7
370
    -1
100
AcDbLine
 10
1.683177075947299
 20
0.9637930904877265
 30
-1.107500000000001
 11
1.673783154825344
 21
0.9825935931307157
 31
-1.107500000000001
  0
LINE
  5
6D8D
330
6C38
100
AcDbEntity
  8
道路横断面
 62
     7
370
    -1
100
AcDbLine
 10
1.673783154825344
 20
0.9825935931307157
 30
-1.107500000000001
 11
1.654921346942558
 21
1.020238832513698
 31
-1.107500000000001
  0
LINE
  5
6D8E
330
6C38
100
AcDbEntity
  8
道路横断面
 62
     7
370
    -1
100
AcDbLine
 10
1.654921346942558
 20
1.020238832513698
 30
-1.107500000000001
 11
1.598409890795722
 21
1.189620298276552
 31
-1.107500000000001
  0
LINE
  5
6D8F
330
6C38
100
AcDbEntity
  8
道路横断面
 62
     7
370
    -1
100
AcDbLine
 10
1.598409890795722
 20
1.189620298276552
 30
-1.107500000000001
 11
1.609978150243535
 21
1.01804408891023
 31
-1.107500000000001
  0
LINE
  5
6D90
330
6C38
100
AcDbEntity
  8
道路横断面
 62
     7
370
    -1
100
AcDbLine
 10
1.284934036100871
 20
0.9926352714550575
 30
-1.107500000000001
 11
1.245509160349734
 21
0.9926352714550575
 31
-1.107500000000001
  0
LINE
  5
6D91
330
6C38
100
AcDbEntity
  8
道路横断面
 62
     7
370
    -1
100
AcDbLine
 10
1.461495354438789
 20
0.8518748068612894
 30
-1.107500000000001
 11
1.465031398127444
 21
0.8518771910470804
 31
-1.107500000000001
  0
LINE
  5
6D92
330
6C38
100
AcDbEntity
  8
道路横断面
 62
     7
370
    -1
100
AcDbLine
 10
1.611704619268551
 20
0.9924377360743364
 30
-1.107500000000001
 11
1.621339931751265
 21
0.8495302730602106
 31
-1.107500000000001
  0
LINE
  5
6D93
330
6C38
100
AcDbEntity
  8
道路横断面
 62
     7
370
    -1
100
AcDbLine
 10
1.506123399029143
 20
0.8519049053442558
 30
-1.107500000000001
 11
1.527145879010327
 21
0.8519190837991317
 31
-1.107500000000001
  0
LINE
  5
6D94
330
6C38
100
AcDbEntity
  8
道路横断面
 62
     7
370
    -1
100
AcDbLine
 10
1.437726780439384
 20
0.7211327822309812
 30
-1.107500000000001
 11
1.450481595138676
 21
0.855791049952515
 31
-1.107500000000001
  0
LINE
  5
6D95
330
6C38
100
AcDbEntity
  8
道路横断面
  6
Continuous
 62
     7
370
    -1
100
AcDbLine
 10
1.768150038684382
 20
1.005860914419301
 30
-1.107500000000001
 11
1.75680277649559
 21
0.9851608285111269
 31
-1.107500000000001
  0
LINE
  5
6D96
330
6C38
100
AcDbEntity
  8
道路横断面
  6
Continuous
 62
     7
370
    -1
100
AcDbLine
 10
1.756128875205889
 20
1.023218759278663
 30
-1.107500000000001
 11
1.768150038684382
 21
1.005860914419301
 31
-1.107500000000001
  0
LINE
  5
6D97
330
6C38
100
AcDbEntity
  8
道路横断面
 62
     7
370
    -1
100
AcDbLine
 10
1.758883192802443
 20
0.9759829965782245
 30
-1.107500000000001
 11
1.761355211625471
 21
0.9715256792855342
 31
-1.107500000000001
  0
LINE
  5
6D98
330
6C38
100
AcDbEntity
  8
道路横断面
 62
     7
370
    -1
100
AcDbLine
 10
1.761355211625471
 20
0.9715256792855342
 30
-1.107500000000001
 11
1.757433829496279
 21
0.9689793893498262
 31
-1.107500000000001
  0
LINE
  5
6D99
330
6C38
100
AcDbEntity
  8
道路横断面
 62
     7
370
    -1
100
AcDbLine
 10
1.438380555848248
 20
1.449422244856962
 30
-1.107500000000001
 11
1.339105557317502
 21
1.398003655428894
 31
-1.107500000000001
  0
ENDBLK
  5
6D9A
330
6C38
100
AcDbEntity
  8
0
370
    -1
100
AcDbBlockEnd
  0
BLOCK
  5
62B9
330
62B8
100
AcDbEntity
  8
0
370
    -1
100
AcDbBlockBegin
  2
LEAF
 70
     0
 10
0.0
 20
0.0
 30
0.0
  3
LEAF
  1

  0
SOLID
  5
62BA
330
62B8
100
AcDbEntity
  8
3
370
    -1
100
AcDbTrace
 10
0.2713787646547416
 20
0.0834443708133676
 30
0.0
 11
0.0
 21
0.1668887416267353
 31
0.0
 12
0.0
 22
0.0
 32
0.0
 13
0.0
 23
0.0
 33
0.0
  0
SOLID
  5
62BC
330
62B8
100
AcDbEntity
  8
3
370
    -1
100
AcDbTrace
 10
0.5010069501319094
 20
0.3546342932443167
 30
0.0
 11
0.1043764479441052
 21
0.2920552978468436
 31
0.0
 12
0.2713787646547416
 22
0.0834443708133676
 32
0.0
 13
0.0
 23
0.1668887416267353
 33
0.0
  0
LWPOLYLINE
  5
62BD
330
62B8
100
AcDbEntity
  8
3
370
    -1
100
AcDbPolyline
 90
        5
 70
     1
 43
0.0
 10
0.0
 20
0.0
 10
0.0
 20
0.1668887416267353
 10
0.1043764479441052
 20
0.2920552978468436
 10
0.5010069501319094
 20
0.3546342932443167
 10
0.2713787646547416
 20
0.0834443708133676
  0
ENDBLK
  5
62BE
330
62B8
100
AcDbEntity
  8
0
370
    -1
100
AcDbBlockEnd
  0
BLOCK
  5
5BB2
330
5BB1
100
AcDbEntity
  8
0
370
    -1
100
AcDbBlockBegin
  2
CW
 70
     0
 10
0.0
 20
0.0
 30
0.0
  3
CW
  1

  0
LINE
  5
5BB3
330
5BB1
100
AcDbEntity
  8
SHADE
  6
Continuous
370
    -1
100
AcDbLine
 10
-2754.728049004451
 20
-831.2733891131356
 30
0.0
 11
-2861.764089805074
 21
-831.2733891131356
 31
0.0
  0
LINE
  5
5BB5
330
5BB1
100
AcDbEntity
  8
SHADE
  6
Continuous
370
    -1
100
AcDbLine
 10
-2754.728049004451
 20
-891.2733891129028
 30
0.0
 11
-2861.764089805074
 21
-891.2733891129028
 31
0.0
  0
LWPOLYLINE
  5
5BB6
330
5BB1
100
AcDbEntity
  8
SHADE
  6
Continuous
370
    -1
100
AcDbPolyline
 90
        2
 70
     0
 43
0.0
 10
-1928.084009129787
 20
-1106.880170279415
 10
-2890.835637752665
 20
-974.8595535329077
  0
LWPOLYLINE
  5
5BB7
330
5BB1
100
AcDbEntity
  8
SHADE
  6
Continuous
370
    -1
100
AcDbPolyline
 90
        3
 70
     0
 43
0.0
 10
-1928.084009129787
 20
-1137.160111972597
 10
-2917.430807030993
 20
-1001.523190596839
 10
-2917.430807030993
 20
-898.6349221218843
  0
LWPOLYLINE
  5
5BB8
330
5BB1
100
AcDbEntity
  8
SHADE
  6
Continuous
370
    -1
100
AcDbPolyline
 90
        2
 70
     0
 43
0.0
 10
-3099.999999999767
 20
-831.2733891131356
 10
-3099.999999999767
 20
-891.2733891129028
  0
LWPOLYLINE
  5
5BB9
330
5BB1
100
AcDbEntity
  8
SHADE
  6
Continuous
370
    -1
100
AcDbPolyline
 90
        4
 70
     0
 43
0.0
 10
-2861.764089805074
 20
-898.6349221218843
 10
-2861.764089805074
 20
-919.5995259357151
 10
-2890.835637752665
 20
-927.5011401912197
 10
-2890.835637752665
 20
-974.8595535329077
  0
LINE
  5
5BBA
330
5BB1
100
AcDbEntity
  8
SHADE
  6
Continuous
370
    -1
100
AcDbLine
 10
-2917.430807030993
 20
-831.2733891131356
 30
0.0
 11
-3099.999999999767
 21
-831.2733891131356
 31
0.0
  0
LINE
  5
5BBB
330
5BB1
100
AcDbEntity
  8
SHADE
  6
Continuous
370
    -1
100
AcDbLine
 10
-2917.430807030993
 20
-891.2733891129028
 30
0.0
 11
-3099.999999999767
 21
-891.2733891129028
 31
0.0
  0
LWPOLYLINE
  5
5BBC
330
5BB1
100
AcDbEntity
  8
SHADE
  6
Continuous
370
    -1
100
AcDbPolyline
 90
        2
 70
     0
 43
0.0
 10
-57.60000000009313
 20
-1692.174529998563
 10
0.0
 20
-1692.174529998563
  0
LWPOLYLINE
  5
5BBD
330
5BB1
100
AcDbEntity
  8
SHADE
  6
Continuous
370
    -1
100
AcDbPolyline
 90
        2
 70
     0
 43
0.0
 10
-177.1156606669538
 20
0.0
 10
0.0
 20
0.0
  0
LINE
  5
5BBE
330
5BB1
100
AcDbEntity
  8
SHADE
  6
Continuous
370
    -1
100
AcDbLine
 10
-57.60000000009313
 20
0.0
 30
0.0
 11
-57.60000000009313
 21
-771.2733891129028
 31
0.0
  0
LWPOLYLINE
  5
5BBF
330
5BB1
100
AcDbEntity
  8
SHADE
  6
Continuous
370
    -1
100
AcDbPolyline
 90
        2
 70
     0
 43
0.0
 10
-177.1156606669538
 20
0.0
 10
-57.60000000009313
 20
-186.8694980985019
  0
LINE
  5
5BC0
330
5BB1
100
AcDbEntity
  8
SHADE
  6
Continuous
370
    -1
100
AcDbLine
 10
0.0
 20
-831.2733891131356
 30
0.0
 11
-377.2170869205147
 21
-831.2733891131356
 31
0.0
  0
LINE
  5
5BC1
330
5BB1
100
AcDbEntity
  8
SHADE
  6
Continuous
370
    -1
100
AcDbLine
 10
0.0
 20
-771.2733891131356
 30
0.0
 11
-377.2170869205147
 21
-771.2733891131356
 31
0.0
  0
LINE
  5
5BC2
330
5BB1
100
AcDbEntity
  8
SHADE
  6
Continuous
370
    -1
100
AcDbLine
 10
-57.60000000009313
 20
-831.2733891129028
 30
0.0
 11
-57.60000000009313
 21
-1692.174529998563
 31
0.0
  0
LWPOLYLINE
  5
5BC3
330
5BB1
100
AcDbEntity
  8
SHADE
  6
Continuous
370
    -1
100
AcDbPolyline
 90
        3
 70
     0
 43
0.0
 10
-57.60000000009313
 20
-291.2733891129028
 10
-212.2527157496661
 20
-305.6084494926035
 10
-212.2527157496661
 20
-291.2733891129028
  0
LWPOLYLINE
  5
5BC4
330
5BB1
100
AcDbEntity
  8
SHADE
  6
Continuous
370
    -1
100
AcDbPolyline
 90
        3
 70
     0
 43
0.0
 10
-57.60000000009313
 20
-231.2733891129028
 10
-212.2527157496661
 20
-216.9383287332021
 10
-212.2527157496661
 20
-291.2733891129028
  0
LWPOLYLINE
  5
5BC5
330
5BB1
100
AcDbEntity
  8
SHADE
  6
Continuous
370
    -1
100
AcDbPolyline
 90
        4
 70
     1
 43
0.0
 10
-2404.702077065362
 20
-221.27273051464
 10
-2449.698425988667
 20
-221.27273051464
 10
-2449.698425988667
 20
-301.2740477111656
 10
-2404.702077065362
 20
-301.2740477111656
  0
LINE
  5
5BC6
330
5BB1
100
AcDbEntity
  8
SHADE
  6
Continuous
370
    -1
100
AcDbLine
 10
-2449.698425988667
 20
-231.2733891129028
 30
0.0
 11
-2449.999999999767
 21
-231.2733891129028
 31
0.0
  0
LINE
  5
5BC7
330
5BB1
100
AcDbEntity
  8
SHADE
  6
Continuous
370
    -1
100
AcDbLine
 10
-2449.698425988667
 20
-261.2733891129028
 30
0.0
 11
-2449.999999999767
 21
-261.2733891129028
 31
0.0
  0
LINE
  5
5BC8
330
5BB1
100
AcDbEntity
  8
SHADE
  6
Continuous
370
    -1
100
AcDbLine
 10
-2449.698425988667
 20
-291.2733891129028
 30
0.0
 11
-2449.999999999767
 21
-291.2733891129028
 31
0.0
  0
LWPOLYLINE
  5
5BC9
330
5BB1
100
AcDbEntity
  8
SHADE
  6
Continuous
370
    -1
100
AcDbPolyline
 90
        3
 70
     0
 43
0.0
 10
-1699.999999999767
 20
-219.0272961996961
 10
-1699.999999999767
 20
-347.3255422806833
 10
-1073.658834949369
 20
-815.7987511269748
  0
LINE
  5
5BCA
330
5BB1
100
AcDbEntity
  8
SHADE
  6
Continuous
370
    -1
100
AcDbLine
 10
-1073.468533034786
 20
-891.2733891124371
 30
0.0
 11
-2714.28651812044
 21
-891.2733891129028
 31
0.0
  0
LINE
  5
5BCB
330
5BB1
100
AcDbEntity
  8
SHADE
  6
Continuous
370
    -1
100
AcDbLine
 10
-1085.233123400365
 20
-831.27338911267
 30
0.0
 11
-2714.28651812044
 21
-831.2733891131356
 31
0.0
  0
LWPOLYLINE
  5
5BCC
330
5BB1
100
AcDbEntity
  8
SHADE
  6
Continuous
370
    -1
100
AcDbPolyline
 90
        3
 70
     0
 43
0.0
 10
-1639.558469115757
 20
-219.0272961996961
 10
-1639.558469115757
 20
-317.6065728992689
 10
-1037.721838325961
 20
-767.7515631373972
  0
LINE
  5
5BCD
330
5BB1
100
AcDbEntity
  8
SHADE
  6
Continuous
370
    -1
100
AcDbLine
 10
-1699.999999999767
 20
-231.2733891129028
 30
0.0
 11
-2090.695856125793
 21
-231.2733891129028
 31
0.0
  0
LINE
  5
5BCE
330
5BB1
100
AcDbEntity
  8
SHADE
  6
Continuous
370
    -1
100
AcDbLine
 10
-1699.999999999767
 20
-291.2733891129028
 30
0.0
 11
-2090.695856125793
 21
-291.2733891129028
 31
0.0
  0
LINE
  5
5BCF
330
5BB1
100
AcDbEntity
  8
SHADE
  6
Continuous
370
    -1
100
AcDbLine
 10
-2133.137387009803
 20
-231.2733891129028
 30
0.0
 11
-2404.702077065362
 21
-231.2733891129028
 31
0.0
  0
LINE
  5
5BD0
330
5BB1
100
AcDbEntity
  8
SHADE
  6
Continuous
370
    -1
100
AcDbLine
 10
-2133.137387009803
 20
-291.2733891129028
 30
0.0
 11
-2404.702077065362
 21
-291.2733891129028
 31
0.0
  0
LWPOLYLINE
  5
5BD1
330
5BB1
100
AcDbEntity
  8
SHADE
  6
Continuous
370
    -1
100
AcDbPolyline
 90
        2
 70
     0
 43
0.0
 10
-2754.728049004451
 20
-900.0727843230125
 10
-2714.28651812044
 20
-900.0727843230125
  0
LWPOLYLINE
  5
5BD2
330
5BB1
100
AcDbEntity
  8
SHADE
  6
Continuous
370
    -1
100
AcDbPolyline
 90
        3
 70
     0
 43
0.0
 10
-2090.695856125793
 20
-222.559281162452
 10
-2090.695856125793
 20
-320.1244231809396
 10
-2714.286518136156
 20
-801.5386679444928
  0
LWPOLYLINE
  5
5BD3
330
5BB1
100
AcDbEntity
  8
SHADE
  6
Continuous
370
    -1
100
AcDbPolyline
 90
        3
 70
     0
 43
0.0
 10
-2133.137387009803
 20
-314.9896940547042
 10
-2754.728049004451
 20
-794.8599315781612
 10
-2754.728049004451
 20
-906.1559033514932
  0
LINE
  5
5BD4
330
5BB1
100
AcDbEntity
  8
SHADE
  6
Continuous
370
    -1
100
AcDbLine
 10
-2000.151910266606
 20
-291.2733891129028
 30
0.0
 11
-2090.695856125793
 21
-291.2733891129028
 31
0.0
  0
LWPOLYLINE
  5
5BD5
330
5BB1
100
AcDbEntity
  8
SHADE
  6
Continuous
370
    -1
100
AcDbPolyline
 90
        4
 70
     1
 43
0.0
 10
-1928.084009129787
 20
-1076.089299665764
 10
-1901.542674170341
 20
-1076.089299665764
 10
-1901.542674170341
 20
-1169.867762414971
 10
-1928.084009129787
 20
-1169.867762414971
  0
LWPOLYLINE
  5
5BD6
330
5BB1
100
AcDbEntity
  8
SHADE
  6
Continuous
370
    -1
100
AcDbPolyline
 90
        4
 70
     0
 43
0.0
 10
-1935.133257679874
 20
-1136.193677984644
 10
-1935.133257679874
 20
-1169.867762414971
 10
-1961.67459263932
 20
-1169.867762414971
 10
-1961.67459263932
 20
-1132.554928689962
  0
LWPOLYLINE
  5
5BD7
330
5BB1
100
AcDbEntity
  8
SHADE
  6
Continuous
370
    -1
100
AcDbPolyline
 90
        2
 70
     0
 43
0.0
 10
-1961.67459263932
 20
-1169.867762414971
 42
0.8605116557118841
 10
-1935.133257679874
 20
-1169.867762414971
 42
-0.8605116557130092
  0
LWPOLYLINE
  5
5BD8
330
5BB1
100
AcDbEntity
  8
SHADE
  6
Continuous
370
    -1
100
AcDbPolyline
 90
        2
 70
     0
 43
0.0
 10
-1928.084009129554
 20
-1169.867762414971
 42
0.8605116557118841
 10
-1901.542674170109
 20
-1169.867762414971
 42
-0.8605116557130092
  0
LWPOLYLINE
  5
5BD9
330
5BB1
100
AcDbEntity
  8
SHADE
  6
Continuous
370
    -1
100
AcDbPolyline
 90
        4
 70
     0
 43
0.0
 10
-1961.67459263932
 20
-1102.273946389556
 10
-1961.67459263932
 20
-1076.089299665764
 10
-1935.133257679874
 20
-1076.089299665764
 10
-1935.133257679874
 20
-1105.913517911919
  0
LWPOLYLINE
  5
5BDA
330
5BB1
100
AcDbEntity
  8
SHADE
  6
Continuous
370
    -1
100
AcDbPolyline
 90
        3
 70
     0
 43
0.0
 10
-1001.39982874319
 20
-794.9186875903979
 10
-73.96649108757265
 20
-1488.594428427052
 10
0.0
 20
-1488.594428427052
  0
LWPOLYLINE
  5
5BDB
330
5BB1
100
AcDbEntity
  8
SHADE
  6
Continuous
370
    -1
100
AcDbPolyline
 90
        3
 70
     0
 43
0.0
 10
-1037.336825366831
 20
-842.9658755797427
 10
-113.4989940373925
 20
-1533.952349798521
 10
0.0
 20
-1533.952349798754
  0
LINE
  5
5BDC
330
5BB1
100
AcDbEntity
  8
SHADE
  6
Continuous
370
    -1
100
AcDbLine
 10
-212.2527157496661
 20
-291.2733891129028
 30
0.0
 11
-1639.558469115757
 21
-291.2733891129028
 31
0.0
  0
LINE
  5
5BDD
330
5BB1
100
AcDbEntity
  8
SHADE
  6
Continuous
370
    -1
100
AcDbLine
 10
-212.2527157496661
 20
-231.2733891129028
 30
0.0
 11
-1639.558469115757
 21
-231.2733891129028
 31
0.0
  0
LINE
  5
5BDE
330
5BB1
100
AcDbEntity
  8
SHADE
  6
Continuous
370
    -1
100
AcDbLine
 10
-1639.558469115757
 20
-219.0272961996961
 30
0.0
 11
-1699.999999999767
 21
-219.0272961996961
 31
0.0
  0
LINE
  5
5BDF
330
5BB1
100
AcDbEntity
  8
SHADE
  6
Continuous
370
    -1
100
AcDbLine
 10
-2133.137387009803
 20
-314.9896940547042
 30
0.0
 11
-2133.137387009803
 21
-222.559281162452
 31
0.0
  0
LINE
  5
5BE0
330
5BB1
100
AcDbEntity
  8
SHADE
  6
Continuous
370
    -1
100
AcDbLine
 10
-2133.137387009803
 20
-222.559281162452
 30
0.0
 11
-2090.695856125793
 21
-222.559281162452
 31
0.0
  0
LINE
  5
5BE1
330
5BB1
100
AcDbEntity
  8
SHADE
  6
Continuous
370
    -1
100
AcDbLine
 10
-2714.28651812044
 20
-801.5386679323856
 30
0.0
 11
-2714.28651812044
 21
-906.1559033514932
 31
0.0
  0
LINE
  5
5BE2
330
5BB1
100
AcDbEntity
  8
SHADE
  6
Continuous
370
    -1
100
AcDbLine
 10
-2714.28651812044
 20
-906.1559033514932
 30
0.0
 11
-2754.728049004451
 21
-906.1559033514932
 31
0.0
  0
LINE
  5
5BE3
330
5BB1
100
AcDbEntity
  8
SHADE
  6
Continuous
370
    -1
100
AcDbLine
 10
-2917.430807030993
 20
-822.2814285040367
 30
0.0
 11
-2861.764089805074
 21
-822.2814285040367
 31
0.0
  0
LINE
  5
5BE4
330
5BB1
100
AcDbEntity
  8
SHADE
  6
Continuous
370
    -1
100
AcDbLine
 10
-2861.764089805074
 20
-822.2814285040367
 30
0.0
 11
-2861.764089805074
 21
-898.6349221218843
 31
0.0
  0
LINE
  5
5BE5
330
5BB1
100
AcDbEntity
  8
SHADE
  6
Continuous
370
    -1
100
AcDbLine
 10
-2917.430807030993
 20
-898.6349221218843
 30
0.0
 11
-2917.430807030993
 21
-822.2814285040367
 31
0.0
  0
LINE
  5
5BE6
330
5BB1
100
AcDbEntity
  8
SHADE
  6
Continuous
370
    -1
100
AcDbLine
 10
-1085.233123400365
 20
-831.27338911267
 30
0.0
 11
-1029.450239078142
 21
-756.6925676350947
 31
0.0
  0
LINE
  5
5BE7
330
5BB1
100
AcDbEntity
  8
SHADE
  6
Continuous
370
    -1
100
AcDbLine
 10
-1029.450239078142
 20
-756.6925676350947
 30
0.0
 11
-993.1282294956036
 21
-783.8596920880955
 31
0.0
  0
LINE
  5
5BE8
330
5BB1
100
AcDbEntity
  8
SHADE
  6
Continuous
370
    -1
100
AcDbLine
 10
-993.1282294956036
 20
-783.8596920880955
 30
0.0
 11
-1073.468533034786
 21
-891.2733891124371
 31
0.0
  0
ARC
  5
5BE9
330
5BB1
100
AcDbEntity
  8
SHADE
  6
Continuous
370
    -1
100
AcDbCircle
 10
-377.2170869205147
 20
-801.2733891131356
 30
0.0
 40
30.0
100
AcDbArc
 50
90.0
 51
270.0
  0
LINE
  5
5BEA
330
5BB1
100
AcDbEntity
  8
SHADE
  6
Continuous
370
    -1
100
AcDbLine
 10
-76.94650931935757
 20
-1533.952349798754
 30
0.0
 11
-76.94650931935757
 21
-1488.594428427052
 31
0.0
  0
LINE
  5
5BEB
330
5BB1
100
AcDbEntity
  8
SHADE
  6
Continuous
370
    -1
100
AcDbLine
 10
2754.728049004451
 20
-831.2733891131356
 30
0.0
 11
2861.764089805074
 21
-831.2733891131356
 31
0.0
  0
LINE
  5
5BEC
330
5BB1
100
AcDbEntity
  8
SHADE
  6
Continuous
370
    -1
100
AcDbLine
 10
2754.728049004451
 20
-891.2733891129028
 30
0.0
 11
2861.764089805074
 21
-891.2733891129028
 31
0.0
  0
LWPOLYLINE
  5
5BED
330
5BB1
100
AcDbEntity
  8
SHADE
  6
Continuous
370
    -1
100
AcDbPolyline
 90
        2
 70
     0
 43
0.0
 10
1928.084009129787
 20
-1106.880170279415
 10
2890.835637752665
 20
-974.8595535329077
  0
LWPOLYLINE
  5
5BEE
330
5BB1
100
AcDbEntity
  8
SHADE
  6
Continuous
370
    -1
100
AcDbPolyline
 90
        3
 70
     0
 43
0.0
 10
1928.084009129787
 20
-1137.160111972597
 10
2917.430807030993
 20
-1001.523190596839
 10
2917.430807030993
 20
-898.6349221218843
  0
LWPOLYLINE
  5
5BEF
330
5BB1
100
AcDbEntity
  8
SHADE
  6
Continuous
370
    -1
100
AcDbPolyline
 90
        2
 70
     0
 43
0.0
 10
3099.999999999767
 20
-831.2733891131356
 10
3099.999999999767
 20
-891.2733891129028
  0
LWPOLYLINE
  5
5BF0
330
5BB1
100
AcDbEntity
  8
SHADE
  6
Continuous
370
    -1
100
AcDbPolyline
 90
        4
 70
     0
 43
0.0
 10
2861.764089805074
 20
-898.6349221218843
 10
2861.764089805074
 20
-919.5995259357151
 10
2890.835637752665
 20
-927.5011401912197
 10
2890.835637752665
 20
-974.8595535329077
  0
LINE
  5
5BF1
330
5BB1
100
AcDbEntity
  8
SHADE
  6
Continuous
370
    -1
100
AcDbLine
 10
2917.430807030993
 20
-831.2733891131356
 30
0.0
 11
3099.999999999767
 21
-831.2733891131356
 31
0.0
  0
LINE
  5
5BF2
330
5BB1
100
AcDbEntity
  8
SHADE
  6
Continuous
370
    -1
100
AcDbLine
 10
2917.430807030993
 20
-891.2733891129028
 30
0.0
 11
3099.999999999767
 21
-891.2733891129028
 31
0.0
  0
LWPOLYLINE
  5
5BF3
330
5BB1
100
AcDbEntity
  8
SHADE
  6
Continuous
370
    -1
100
AcDbPolyline
 90
        2
 70
     0
 43
0.0
 10
57.60000000009313
 20
-1692.174529998563
 10
0.0
 20
-1692.174529998563
  0
LWPOLYLINE
  5
5BF4
330
5BB1
100
AcDbEntity
  8
SHADE
  6
Continuous
370
    -1
100
AcDbPolyline
 90
        2
 70
     0
 43
0.0
 10
177.1156606669538
 20
0.0
 10
0.0
 20
0.0
  0
LINE
  5
5BF5
330
5BB1
100
AcDbEntity
  8
SHADE
  6
Continuous
370
    -1
100
AcDbLine
 10
57.60000000009313
 20
0.0
 30
0.0
 11
57.60000000009313
 21
-771.2733891129028
 31
0.0
  0
LWPOLYLINE
  5
5BF6
330
5BB1
100
AcDbEntity
  8
SHADE
  6
Continuous
370
    -1
100
AcDbPolyline
 90
        2
 70
     0
 43
0.0
 10
177.1156606669538
 20
0.0
 10
57.60000000009313
 20
-186.8694980985019
  0
LINE
  5
5BF7
330
5BB1
100
AcDbEntity
  8
SHADE
  6
Continuous
370
    -1
100
AcDbLine
 10
0.0
 20
-831.2733891131356
 30
0.0
 11
377.2170869205147
 21
-831.2733891131356
 31
0.0
  0
LINE
  5
5BF8
330
5BB1
100
AcDbEntity
  8
SHADE
  6
Continuous
370
    -1
100
AcDbLine
 10
0.0
 20
-771.2733891131356
 30
0.0
 11
377.2170869205147
 21
-771.2733891131356
 31
0.0
  0
LINE
  5
5BF9
330
5BB1
100
AcDbEntity
  8
SHADE
  6
Continuous
370
    -1
100
AcDbLine
 10
57.60000000009313
 20
-831.2733891129028
 30
0.0
 11
57.60000000009313
 21
-1692.174529998563
 31
0.0
  0
LWPOLYLINE
  5
5BFA
330
5BB1
100
AcDbEntity
  8
SHADE
  6
Continuous
370
    -1
100
AcDbPolyline
 90
        3
 70
     0
 43
0.0
 10
57.60000000009313
 20
-291.2733891129028
 10
212.2527157496661
 20
-305.6084494926035
 10
212.2527157496661
 20
-291.2733891129028
  0
LWPOLYLINE
  5
5BFB
330
5BB1
100
AcDbEntity
  8
SHADE
  6
Continuous
370
    -1
100
AcDbPolyline
 90
        3
 70
     0
 43
0.0
 10
57.60000000009313
 20
-231.2733891129028
 10
212.2527157496661
 20
-216.9383287332021
 10
212.2527157496661
 20
-291.2733891129028
  0
LWPOLYLINE
  5
5BFC
330
5BB1
100
AcDbEntity
  8
SHADE
  6
Continuous
370
    -1
100
AcDbPolyline
 90
        4
 70
     1
 43
0.0
 10
2404.702077065362
 20
-221.27273051464
 10
2449.698425988667
 20
-221.27273051464
 10
2449.698425988667
 20
-301.2740477111656
 10
2404.702077065362
 20
-301.2740477111656
  0
LINE
  5
5BFD
330
5BB1
100
AcDbEntity
  8
SHADE
  6
Continuous
370
    -1
100
AcDbLine
 10
2449.698425988667
 20
-231.2733891129028
 30
0.0
 11
2449.999999999767
 21
-231.2733891129028
 31
0.0
  0
LINE
  5
5BFE
330
5BB1
100
AcDbEntity
  8
SHADE
  6
Continuous
370
    -1
100
AcDbLine
 10
2449.698425988667
 20
-261.2733891129028
 30
0.0
 11
2449.999999999767
 21
-261.2733891129028
 31
0.0
  0
LINE
  5
5BFF
330
5BB1
100
AcDbEntity
  8
SHADE
  6
Continuous
370
    -1
100
AcDbLine
 10
2449.698425988667
 20
-291.2733891129028
 30
0.0
 11
2449.999999999767
 21
-291.2733891129028
 31
0.0
  0
LWPOLYLINE
  5
5C00
330
5BB1
100
AcDbEntity
  8
SHADE
  6
Continuous
370
    -1
100
AcDbPolyline
 90
        3
 70
     0
 43
0.0
 10
1699.999999999767
 20
-219.0272961996961
 10
1699.999999999767
 20
-347.3255422806833
 10
1073.658834949369
 20
-815.7987511269748
  0
LINE
  5
5C01
330
5BB1
100
AcDbEntity
  8
SHADE
  6
Continuous
370
    -1
100
AcDbLine
 10
1073.468533034786
 20
-891.2733891124371
 30
0.0
 11
2714.28651812044
 21
-891.2733891129028
 31
0.0
  0
LINE
  5
5C02
330
5BB1
100
AcDbEntity
  8
SHADE
  6
Continuous
370
    -1
100
AcDbLine
 10
1085.233123400365
 20
-831.27338911267
 30
0.0
 11
2714.28651812044
 21
-831.2733891131356
 31
0.0
  0
LWPOLYLINE
  5
5C03
330
5BB1
100
AcDbEntity
  8
SHADE
  6
Continuous
370
    -1
100
AcDbPolyline
 90
        3
 70
     0
 43
0.0
 10
1639.558469115757
 20
-219.0272961996961
 10
1639.558469115757
 20
-317.6065728992689
 10
1037.721838325961
 20
-767.7515631373972
  0
LINE
  5
5C04
330
5BB1
100
AcDbEntity
  8
SHADE
  6
Continuous
370
    -1
100
AcDbLine
 10
1699.999999999767
 20
-231.2733891129028
 30
0.0
 11
2090.695856125793
 21
-231.2733891129028
 31
0.0
  0
LINE
  5
5C05
330
5BB1
100
AcDbEntity
  8
SHADE
  6
Continuous
370
    -1
100
AcDbLine
 10
1699.999999999767
 20
-291.2733891129028
 30
0.0
 11
2090.695856125793
 21
-291.2733891129028
 31
0.0
  0
LINE
  5
5C06
330
5BB1
100
AcDbEntity
  8
SHADE
  6
Continuous
370
    -1
100
AcDbLine
 10
2133.137387009803
 20
-231.2733891129028
 30
0.0
 11
2404.702077065362
 21
-231.2733891129028
 31
0.0
  0
LINE
  5
5C07
330
5BB1
100
AcDbEntity
  8
SHADE
  6
Continuous
370
    -1
100
AcDbLine
 10
2133.137387009803
 20
-291.2733891129028
 30
0.0
 11
2404.702077065362
 21
-291.2733891129028
 31
0.0
  0
LWPOLYLINE
  5
5C08
330
5BB1
100
AcDbEntity
  8
SHADE
  6
Continuous
370
    -1
100
AcDbPolyline
 90
        2
 70
     0
 43
0.0
 10
2754.728049004451
 20
-900.0727843230125
 10
2714.28651812044
 20
-900.0727843230125
  0
LWPOLYLINE
  5
5C09
330
5BB1
100
AcDbEntity
  8
SHADE
  6
Continuous
370
    -1
100
AcDbPolyline
 90
        3
 70
     0
 43
0.0
 10
2090.695856125793
 20
-222.559281162452
 10
2090.695856125793
 20
-320.1244231809396
 10
2714.286518136156
 20
-801.5386679444928
  0
LWPOLYLINE
  5
5C0A
330
5BB1
100
AcDbEntity
  8
SHADE
  6
Continuous
370
    -1
100
AcDbPolyline
 90
        3
 70
     0
 43
0.0
 10
2133.137387009803
 20
-314.9896940547042
 10
2754.728049004451
 20
-794.8599315781612
 10
2754.728049004451
 20
-906.1559033514932
  0
LINE
  5
5C0B
330
5BB1
100
AcDbEntity
  8
SHADE
  6
Continuous
370
    -1
100
AcDbLine
 10
2000.151910266606
 20
-291.2733891129028
 30
0.0
 11
2090.695856125793
 21
-291.2733891129028
 31
0.0
  0
LWPOLYLINE
  5
5C0C
330
5BB1
100
AcDbEntity
  8
SHADE
  6
Continuous
370
    -1
100
AcDbPolyline
 90
        4
 70
     1
 43
0.0
 10
1928.084009129787
 20
-1076.089299665764
 10
1901.542674170341
 20
-1076.089299665764
 10
1901.542674170341
 20
-1169.867762414971
 10
1928.084009129787
 20
-1169.867762414971
  0
LWPOLYLINE
  5
5C0D
330
5BB1
100
AcDbEntity
  8
SHADE
  6
Continuous
370
    -1
100
AcDbPolyline
 90
        4
 70
     0
 43
0.0
 10
1935.133257679874
 20
-1136.193677984644
 10
1935.133257679874
 20
-1169.867762414971
 10
1961.67459263932
 20
-1169.867762414971
 10
1961.67459263932
 20
-1132.554928689962
  0
LWPOLYLINE
  5
5C0E
330
5BB1
100
AcDbEntity
  8
SHADE
  6
Continuous
370
    -1
100
AcDbPolyline
 90
        2
 70
     0
 43
0.0
 10
1961.67459263932
 20
-1169.867762414971
 42
-0.8605116557118841
 10
1935.133257679874
 20
-1169.867762414971
 42
0.8605116557130092
  0
LWPOLYLINE
  5
5C0F
330
5BB1
100
AcDbEntity
  8
SHADE
  6
Continuous
370
    -1
100
AcDbPolyline
 90
        2
 70
     0
 43
0.0
 10
1928.084009129554
 20
-1169.867762414971
 42
-0.8605116557118841
 10
1901.542674170109
 20
-1169.867762414971
 42
0.8605116557130092
  0
LWPOLYLINE
  5
5C10
330
5BB1
100
AcDbEntity
  8
SHADE
  6
Continuous
370
    -1
100
AcDbPolyline
 90
        4
 70
     0
 43
0.0
 10
1961.67459263932
 20
-1102.273946389556
 10
1961.67459263932
 20
-1076.089299665764
 10
1935.133257679874
 20
-1076.089299665764
 10
1935.133257679874
 20
-1105.913517911919
  0
LWPOLYLINE
  5
5C11
330
5BB1
100
AcDbEntity
  8
SHADE
  6
Continuous
370
    -1
100
AcDbPolyline
 90
        3
 70
     0
 43
0.0
 10
1001.39982874319
 20
-794.9186875903979
 10
73.96649108757265
 20
-1488.594428427052
 10
0.0
 20
-1488.594428427052
  0
LWPOLYLINE
  5
5C12
330
5BB1
100
AcDbEntity
  8
SHADE
  6
Continuous
370
    -1
100
AcDbPolyline
 90
        3
 70
     0
 43
0.0
 10
1037.336825366831
 20
-842.9658755797427
 10
113.4989940373925
 20
-1533.952349798521
 10
0.0
 20
-1533.952349798754
  0
LINE
  5
5C13
330
5BB1
100
AcDbEntity
  8
SHADE
  6
Continuous
370
    -1
100
AcDbLine
 10
212.2527157496661
 20
-291.2733891129028
 30
0.0
 11
1639.558469115757
 21
-291.2733891129028
 31
0.0
  0
LINE
  5
5C14
330
5BB1
100
AcDbEntity
  8
SHADE
  6
Continuous
370
    -1
100
AcDbLine
 10
212.2527157496661
 20
-231.2733891129028
 30
0.0
 11
1639.558469115757
 21
-231.2733891129028
 31
0.0
  0
LINE
  5
5C15
330
5BB1
100
AcDbEntity
  8
SHADE
  6
Continuous
370
    -1
100
AcDbLine
 10
1639.558469115757
 20
-219.0272961996961
 30
0.0
 11
1699.999999999767
 21
-219.0272961996961
 31
0.0
  0
LINE
  5
5C16
330
5BB1
100
AcDbEntity
  8
SHADE
  6
Continuous
370
    -1
100
AcDbLine
 10
2133.137387009803
 20
-314.9896940547042
 30
0.0
 11
2133.137387009803
 21
-222.559281162452
 31
0.0
  0
LINE
  5
5C17
330
5BB1
100
AcDbEntity
  8
SHADE
  6
Continuous
370
    -1
100
AcDbLine
 10
2133.137387009803
 20
-222.559281162452
 30
0.0
 11
2090.695856125793
 21
-222.559281162452
 31
0.0
  0
LINE
  5
5C18
330
5BB1
100
AcDbEntity
  8
SHADE
  6
Continuous
370
    -1
100
AcDbLine
 10
2714.28651812044
 20
-801.5386679323856
 30
0.0
 11
2714.28651812044
 21
-906.1559033514932
 31
0.0
  0
LINE
  5
5C19
330
5BB1
100
AcDbEntity
  8
SHADE
  6
Continuous
370
    -1
100
AcDbLine
 10
2714.28651812044
 20
-906.1559033514932
 30
0.0
 11
2754.728049004451
 21
-906.1559033514932
 31
0.0
  0
LINE
  5
5C1A
330
5BB1
100
AcDbEntity
  8
SHADE
  6
Continuous
370
    -1
100
AcDbLine
 10
2917.430807030993
 20
-822.2814285040367
 30
0.0
 11
2861.764089805074
 21
-822.2814285040367
 31
0.0
  0
LINE
  5
5C1B
330
5BB1
100
AcDbEntity
  8
SHADE
  6
Continuous
370
    -1
100
AcDbLine
 10
2861.764089805074
 20
-822.2814285040367
 30
0.0
 11
2861.764089805074
 21
-898.6349221218843
 31
0.0
  0
LINE
  5
5C1C
330
5BB1
100
AcDbEntity
  8
SHADE
  6
Continuous
370
    -1
100
AcDbLine
 10
2917.430807030993
 20
-898.6349221218843
 30
0.0
 11
2917.430807030993
 21
-822.2814285040367
 31
0.0
  0
LINE
  5
5C1D
330
5BB1
100
AcDbEntity
  8
SHADE
  6
Continuous
370
    -1
100
AcDbLine
 10
1085.233123400365
 20
-831.27338911267
 30
0.0
 11
1029.450239078142
 21
-756.6925676350947
 31
0.0
  0
LINE
  5
5C1E
330
5BB1
100
AcDbEntity
  8
SHADE
  6
Continuous
370
    -1
100
AcDbLine
 10
1029.450239078142
 20
-756.6925676350947
 30
0.0
 11
993.1282294956036
 21
-783.8596920880955
 31
0.0
  0
LINE
  5
5C1F
330
5BB1
100
AcDbEntity
  8
SHADE
  6
Continuous
370
    -1
100
AcDbLine
 10
993.1282294956036
 20
-783.8596920880955
 30
0.0
 11
1073.468533034786
 21
-891.2733891124371
 31
0.0
  0
ARC
  5
5C20
330
5BB1
100
AcDbEntity
  8
SHADE
  6
Continuous
370
    -1
100
AcDbCircle
 10
377.2170869205147
 20
-801.2733891131356
 30
0.0
 40
30.0
100
AcDbArc
 50
270.0
 51
90.0
  0
LINE
  5
5C21
330
5BB1
100
AcDbEntity
  8
SHADE
  6
Continuous
370
    -1
100
AcDbLine
 10
76.94650931935757
 20
-1533.952349798754
 30
0.0
 11
76.94650931935757
 21
-1488.594428427052
 31
0.0
  0
ENDBLK
  5
5C22
330
5BB1
100
AcDbEntity
  8
0
370
    -1
100
AcDbBlockEnd
  0
BLOCK
  5
5BAF
330
5BAE
100
AcDbEntity
  8
0
370
    -1
100
AcDbBlockBegin
  2
A$C3F7A1250
 70
     0
 10
0.0
 20
0.0
 30
0.0
  3
A$C3F7A1250
  1

  0
INSERT
  5
5BB0
330
5BAE
100
AcDbEntity
  8
PUB_DIM
370
    -1
100
AcDbBlockReference
  2
CW
 10
3099.99993488763
 20
1692.174399419688
 30
0.0
 41
-1.0
  0
ENDBLK
  5
5C23
330
5BAE
100
AcDbEntity
  8
0
370
    -1
100
AcDbBlockEnd
  0
BLOCK
  5
62D0
330
62CF
100
AcDbEntity
  8
0
370
    -1
100
AcDbBlockBegin
  2
*E10
 70
     0
 10
0.0
 20
0.0
 30
0.0
  3
*E10
  1

  0
INSERT
  5
62D1
330
62CF
100
AcDbEntity
  8
DIM
370
    -1
100
AcDbBlockReference
  2
LEAF
 10
0.1889035278727533
 20
0.3372487372789692
 30
0.0
 41
-0.0573034165798328
 42
0.0573034165799982
 43
0.0573034165801574
 50
297.8178849204431
  0
INSERT
  5
62D2
330
62CF
100
AcDbEntity
  8
DIM
370
    -1
100
AcDbBlockReference
  2
LEAF
 10
0.2718009092968714
 20
0.1676391538958342
 30
0.0
 41
-0.0573034165806536
 42
0.0573034165799982
 43
0.0573034165801574
 50
191.302302116642
  0
INSERT
  5
62D3
330
62CF
100
AcDbEntity
  8
DIM
370
    -1
100
AcDbBlockReference
  2
LEAF
 10
0.2837631634520221
 20
0.1724208014384203
 30
0.0
 41
-0.0573034165796356
 42
0.0573034165799982
 43
0.0573034165801574
 50
231.3209049707321
  0
INSERT
  5
62D4
330
62CF
100
AcDbEntity
  8
DIM
370
    -1
100
AcDbBlockReference
  2
LEAF
 10
0.2610348805574176
 20
0.166443742010415
 30
0.0
 41
-0.0573034165796868
 42
0.0573034165799982
 43
0.0573034165801574
 50
289.6673010426103
  0
INSERT
  5
62D5
330
62CF
100
AcDbEntity
  8
DIM
370
    -1
100
AcDbBlockReference
  2
LEAF
 10
0.2418949025250186
 20
0.1580761042259837
 30
0.0
 41
-0.057303416579291
 42
0.0573034165799982
 43
0.0573034165801574
 50
184.3956733259726
  0
INSERT
  5
62D6
330
62CF
100
AcDbEntity
  8
DIM
370
    -1
100
AcDbBlockReference
  2
LEAF
 10
0.2145618388385628
 20
0.1527098803935587
 30
0.0
 41
-0.0573034165798328
 42
0.0573034165799982
 43
0.0573034165801574
 50
297.8178849204431
  0
INSERT
  5
62D7
330
62CF
100
AcDbEntity
  8
DIM
370
    -1
100
AcDbBlockReference
  2
LEAF
 10
0.1954218608061637
 20
0.1443422426091274
 30
0.0
 41
-0.057303416579291
 42
0.0573034165799982
 43
0.0573034165801574
 50
184.3956733259726
  0
INSERT
  5
62D8
330
62CF
100
AcDbEntity
  8
DIM
370
    -1
100
AcDbBlockReference
  2
LEAF
 10
0.168088797121527
 20
0.1389760187767024
 30
0.0
 41
-0.0573034165798328
 42
0.0573034165799982
 43
0.0573034165801574
 50
297.8178849204431
  0
INSERT
  5
62D9
330
62CF
100
AcDbEntity
  8
DIM
370
    -1
100
AcDbBlockReference
  2
LEAF
 10
0.2244536314319703
 20
0.0399860490124411
 30
0.0
 41
0.0573034165801423
 42
0.0573034165801423
 43
0.0573034165801423
 50
282.3425646687958
  0
INSERT
  5
62DA
330
62CF
100
AcDbEntity
  8
DIM
370
    -1
100
AcDbBlockReference
  2
LEAF
 10
0.2129719471886347
 20
0.0494349811442589
 30
0.0
 41
0.0573034165796378
 42
0.0573034165796378
 43
0.0573034165796378
 50
335.0410444960106
  0
INSERT
  5
62DB
330
62CF
100
AcDbEntity
  8
DIM
370
    -1
100
AcDbBlockReference
  2
LEAF
 10
0.2017702859084238
 20
0.0544217948408914
 30
0.0
 41
-0.0573034165795113
 42
0.0573034165799982
 43
0.0573034165801574
 50
132.0065686949104
  0
INSERT
  5
62DC
330
62CF
100
AcDbEntity
  8
DIM
370
    -1
100
AcDbBlockReference
  2
LEAF
 10
0.1744747319298767
 20
0.0656330453366536
 30
0.0
 41
0.0573034165796378
 42
0.0573034165796378
 43
0.0573034165796378
 50
335.0410444960106
  0
INSERT
  5
62DD
330
62CF
100
AcDbEntity
  8
DIM
370
    -1
100
AcDbBlockReference
  2
LEAF
 10
0.3408365969844454
 20
0.2559764355646621
 30
0.0
 41
0.0573034165801423
 42
0.0573034165801423
 43
0.0573034165801423
 50
282.3425646687958
  0
INSERT
  5
62DE
330
62CF
100
AcDbEntity
  8
DIM
370
    -1
100
AcDbBlockReference
  2
LEAF
 10
0.3178279431522242
 20
0.2584750068026551
 30
0.0
 41
0.0573034165808606
 42
0.0573034165808606
 43
0.0573034165808606
 50
351.7752438548199
  0
INSERT
  5
62DF
330
62CF
100
AcDbEntity
  8
DIM
370
    -1
100
AcDbBlockReference
  2
LEAF
 10
0.3053498142671742
 20
0.2564743806924525
 30
0.0
 41
-0.0573034165795113
 42
0.0573034165799982
 43
0.0573034165801574
 50
132.0065686949104
  0
INSERT
  5
62E0
330
62CF
100
AcDbEntity
  8
DIM
370
    -1
100
AcDbBlockReference
  2
LEAF
 10
0.1783086053219449
 20
0.2183398134502568
 30
0.0
 41
-0.057303416580334
 42
0.0573034165799982
 43
0.0573034165801574
 50
280.7428120529337
  0
INSERT
  5
62E1
330
62CF
100
AcDbEntity
  8
DIM
370
    -1
100
AcDbBlockReference
  2
LEAF
 10
0.2571071314123401
 20
0.2500938605508054
 30
0.0
 41
-0.0573034165795113
 42
0.0573034165799982
 43
0.0573034165801574
 50
132.0065686949104
  0
INSERT
  5
62E2
330
62CF
100
AcDbEntity
  8
DIM
370
    -1
100
AcDbBlockReference
  2
LEAF
 10
0.2137186537474918
 20
0.2314643338986571
 30
0.0
 41
-0.057303416579998
 42
0.0573034165799982
 43
0.0573034165801574
 50
117.9793394954702
  0
INSERT
  5
62E3
330
62CF
100
AcDbEntity
  8
DIM
370
    -1
100
AcDbBlockReference
  2
LEAF
 10
0.2739730455632525
 20
0.2513107631339153
 30
0.0
 41
0.0573034165806819
 42
0.0573034165806819
 43
0.0573034165806819
 50
18.1093483788644
  0
INSERT
  5
62E4
330
62CF
100
AcDbEntity
  8
DIM
370
    -1
100
AcDbBlockReference
  2
LEAF
 10
0.2308196289995976
 20
0.2410175204286134
 30
0.0
 41
0.057303416580863
 42
0.057303416580863
 43
0.057303416580863
 50
31.1846775810041
  0
INSERT
  5
62E5
330
62CF
100
AcDbEntity
  8
DIM
370
    -1
100
AcDbBlockReference
  2
LEAF
 10
0.2181614708915731
 20
0.3551192982886278
 30
0.0
 41
-0.057303416579291
 42
0.0573034165799982
 43
0.0573034165801574
 50
184.3956733259726
  0
INSERT
  5
62E6
330
62CF
100
AcDbEntity
  8
DIM
370
    -1
100
AcDbBlockReference
  2
LEAF
 10
0.1758096689864033
 20
0.3209728768297282
 30
0.0
 41
-0.057303416579291
 42
0.0573034165799982
 43
0.0573034165801574
 50
184.3956733259726
  0
INSERT
  5
62E7
330
62CF
100
AcDbEntity
  8
DIM
370
    -1
100
AcDbBlockReference
  2
LEAF
 10
0.2164497487083281
 20
0.4810646727528365
 30
0.0
 41
0.0573034165801664
 42
0.0573034165801664
 43
0.0573034165801664
 50
349.0466321728292
  0
INSERT
  5
62E8
330
62CF
100
AcDbEntity
  8
DIM
370
    -1
100
AcDbBlockReference
  2
LEAF
 10
0.3441675332633167
 20
0.4490341052951408
 30
0.0
 41
-0.0573034165796356
 42
0.0573034165799982
 43
0.0573034165801574
 50
231.3209049707321
  0
INSERT
  5
62E9
330
62CF
100
AcDbEntity
  8
DIM
370
    -1
100
AcDbBlockReference
  2
LEAF
 10
0.3346114711184782
 20
0.4394430784223005
 30
0.0
 41
-0.0573034165806536
 42
0.0573034165799982
 43
0.0573034165801574
 50
191.302302116642
  0
INSERT
  5
62EA
330
62CF
100
AcDbEntity
  8
DIM
370
    -1
100
AcDbBlockReference
  2
LEAF
 10
0.3214392503687122
 20
0.443057045868045
 30
0.0
 41
-0.0573034165796868
 42
0.0573034165799982
 43
0.0573034165801574
 50
289.6673010426103
  0
INSERT
  5
62EB
330
62CF
100
AcDbEntity
  8
DIM
370
    -1
100
AcDbBlockReference
  2
LEAF
 10
0.1955221547577821
 20
0.4287817668082425
 30
0.0
 41
0.0573034165801664
 42
0.0573034165801664
 43
0.0573034165801664
 50
349.0466321728292
  0
INSERT
  5
62EC
330
62CF
100
AcDbEntity
  8
DIM
370
    -1
100
AcDbBlockReference
  2
LEAF
 10
0.1969073805212247
 20
0.4542376763529319
 30
0.0
 41
-0.057303416580484
 42
0.0573034165799982
 43
0.0573034165801574
 50
338.8603387455477
  0
INSERT
  5
62ED
330
62CF
100
AcDbEntity
  8
DIM
370
    -1
100
AcDbBlockReference
  2
LEAF
 10
0.2088811608027754
 20
0.497807450135042
 30
0.0
 41
-0.0573034165801298
 42
0.0573034165799982
 43
0.0573034165801574
 50
317.3639257157701
  0
INSERT
  5
62EE
330
62CF
100
AcDbEntity
  8
DIM
370
    -1
100
AcDbBlockReference
  2
LEAF
 10
0.260513272796743
 20
0.3892657197475273
 30
0.0
 41
-0.057303416579291
 42
0.0573034165799982
 43
0.0573034165801574
 50
184.3956733259726
  0
INSERT
  5
62EF
330
62CF
100
AcDbEntity
  8
DIM
370
    -1
100
AcDbBlockReference
  2
LEAF
 10
0.2312553297779232
 20
0.3713951587369593
 30
0.0
 41
-0.0573034165798328
 42
0.0573034165799982
 43
0.0573034165801574
 50
297.8178849204431
  0
INSERT
  5
62F0
330
62CF
100
AcDbEntity
  8
DIM
370
    -1
100
AcDbBlockReference
  2
LEAF
 10
0.1711992407217622
 20
0.3799384719259251
 30
0.0
 41
0.0573034165801815
 42
0.0573034165801815
 43
0.0573034165801815
 50
331.2097401411617
  0
INSERT
  5
62F1
330
62CF
100
AcDbEntity
  8
DIM
370
    -1
100
AcDbBlockReference
  2
LEAF
 10
0.303346387379861
 20
0.4238929073489999
 30
0.0
 41
-0.057303416579291
 42
0.0573034165799982
 43
0.0573034165801574
 50
184.3956733259726
  0
INSERT
  5
62F2
330
62CF
100
AcDbEntity
  8
DIM
370
    -1
100
AcDbBlockReference
  2
LEAF
 10
0.273607131683093
 20
0.4055415801958588
 30
0.0
 41
-0.0573034165798328
 42
0.0573034165799982
 43
0.0573034165801574
 50
297.8178849204431
  0
INSERT
  5
62F3
330
62CF
100
AcDbEntity
  8
DIM
370
    -1
100
AcDbBlockReference
  2
LEAF
 10
-0.2429599794777459
 20
0.0793022775551435
 30
0.0
 41
-0.0573034165806021
 42
0.0573034165799982
 43
0.0573034165801574
 50
38.727673876744
  0
INSERT
  5
62F4
330
62CF
100
AcDbEntity
  8
DIM
370
    -1
100
AcDbBlockReference
  2
LEAF
 10
-0.2381799349332141
 20
0.2096710350979265
 30
0.0
 41
-0.057303416579759
 42
0.0573034165799982
 43
0.0573034165801574
 50
57.15086303410416
  0
INSERT
  5
62F5
330
62CF
100
AcDbEntity
  8
DIM
370
    -1
100
AcDbBlockReference
  2
LEAF
 10
-0.2255899004758248
 20
0.2381987294811552
 30
0.0
 41
-0.0573034165800704
 42
0.0573034165799982
 43
0.0573034165801574
 50
77.45891702046708
  0
INSERT
  5
62F6
330
62CF
100
AcDbEntity
  8
DIM
370
    -1
100
AcDbBlockReference
  2
LEAF
 10
-0.2184191766809818
 20
0.3991184110182076
 30
0.0
 41
-0.0573034165794609
 42
0.0573034165799982
 43
0.0573034165801574
 50
17.70495509556575
  0
INSERT
  5
62F7
330
62CF
100
AcDbEntity
  8
DIM
370
    -1
100
AcDbBlockReference
  2
LEAF
 10
-0.2821273419212957
 20
0.1011899886952961
 30
0.0
 41
-0.0573034165799979
 42
0.0573034165799982
 43
0.0573034165801574
 50
31.37064760296501
  0
INSERT
  5
62F8
330
62CF
100
AcDbEntity
  8
DIM
370
    -1
100
AcDbBlockReference
  2
LEAF
 10
-0.3286233550388715
 20
0.2467057494413893
 30
0.0
 41
-0.0573034165809634
 42
0.0573034165799982
 43
0.0573034165801574
 50
1.371306502897971
  0
INSERT
  5
62F9
330
62CF
100
AcDbEntity
  8
DIM
370
    -1
100
AcDbBlockReference
  2
LEAF
 10
-0.301971064247482
 20
0.2413777662532084
 30
0.0
 41
-0.057303416579759
 42
0.0573034165799982
 43
0.0573034165801574
 50
57.15086303410416
  0
INSERT
  5
62FA
330
62CF
100
AcDbEntity
  8
DIM
370
    -1
100
AcDbBlockReference
  2
LEAF
 10
-0.3144932622872147
 20
0.2570662673415427
 30
0.0
 41
0.0573034165799447
 42
0.0573034165799447
 43
0.0573034165799447
 50
87.02747917773897
  0
INSERT
  5
62FB
330
62CF
100
AcDbEntity
  8
DIM
370
    -1
100
AcDbBlockReference
  2
LEAF
 10
-0.2512391875989124
 20
0.2257283336421096
 30
0.0
 41
0.0573034165799447
 42
0.0573034165799447
 43
0.0573034165799447
 50
87.02747917773897
  0
INSERT
  5
62FC
330
62CF
100
AcDbEntity
  8
DIM
370
    -1
100
AcDbBlockReference
  2
LEAF
 10
-0.2610496598499594
 20
0.249001920487899
 30
0.0
 41
-0.0573034165804131
 42
0.0573034165799982
 43
0.0573034165801574
 50
346.5546398594799
  0
INSERT
  5
62FD
330
62CF
100
AcDbEntity
  8
DIM
370
    -1
100
AcDbBlockReference
  2
LEAF
 10
-0.2866356942231505
 20
0.2455810521605599
 30
0.0
 41
-0.0573034165800704
 42
0.0573034165799982
 43
0.0573034165801574
 50
77.45891702046708
  0
INSERT
  5
62FE
330
62CF
100
AcDbEntity
  8
DIM
370
    -1
100
AcDbBlockReference
  2
LEAF
 10
-0.4056988939155417
 20
0.2974509844716522
 30
0.0
 41
-0.0573034165798118
 42
0.0573034165799982
 43
0.0573034165801574
 50
17.34284716306948
  0
INSERT
  5
62FF
330
62CF
100
AcDbEntity
  8
DIM
370
    -1
100
AcDbBlockReference
  2
LEAF
 10
-0.3585665574064478
 20
0.2607763686719409
 30
0.0
 41
-0.0573034165800789
 42
0.0573034165799982
 43
0.0573034165801574
 50
40.23366697474634
  0
INSERT
  5
6300
330
62CF
100
AcDbEntity
  8
DIM
370
    -1
100
AcDbBlockReference
  2
LEAF
 10
-0.3694332929462689
 20
0.2777093645272544
 30
0.0
 41
0.0573034165799447
 42
0.0573034165799447
 43
0.0573034165799447
 50
87.02747917773897
  0
INSERT
  5
6301
330
62CF
100
AcDbEntity
  8
DIM
370
    -1
100
AcDbBlockReference
  2
LEAF
 10
-0.4442515246737457
 20
0.1984469742783403
 30
0.0
 41
-0.0573034165797267
 42
0.0573034165799982
 43
0.0573034165801574
 50
91.24645947714978
  0
INSERT
  5
6302
330
62CF
100
AcDbEntity
  8
DIM
370
    -1
100
AcDbBlockReference
  2
LEAF
 10
-0.3938381171738001
 20
0.2305597752874746
 30
0.0
 41
-0.0573034165795118
 42
0.0573034165799982
 43
0.0573034165801574
 50
26.55700217388775
  0
INSERT
  5
6303
330
62CF
100
AcDbEntity
  8
DIM
370
    -1
100
AcDbBlockReference
  2
LEAF
 10
-0.4118526904403552
 20
0.2178022674306703
 30
0.0
 41
-0.0573034165806018
 42
0.0573034165799982
 43
0.0573034165801574
 50
114.3644111476302
  0
INSERT
  5
6304
330
62CF
100
AcDbEntity
  8
DIM
370
    -1
100
AcDbBlockReference
  2
LEAF
 10
-0.3577456424663978
 20
0.2439419821594129
 30
0.0
 41
-0.0573034165806018
 42
0.0573034165799982
 43
0.0573034165801574
 50
114.3644111476302
  0
INSERT
  5
6305
330
62CF
100
AcDbEntity
  8
DIM
370
    -1
100
AcDbBlockReference
  2
LEAF
 10
-0.2558643687534641
 20
0.4653771797911759
 30
0.0
 41
0.0573034165798982
 42
0.0573034165798982
 43
0.0573034165798982
 50
78.49418684264293
  0
INSERT
  5
6306
330
62CF
100
AcDbEntity
  8
DIM
370
    -1
100
AcDbBlockReference
  2
LEAF
 10
-0.2621428762704454
 20
0.4471330585829492
 30
0.0
 41
-0.0573034165794609
 42
0.0573034165799982
 43
0.0573034165801574
 50
17.70495509556575
  0
INSERT
  5
6307
330
62CF
100
AcDbEntity
  8
DIM
370
    -1
100
AcDbBlockReference
  2
LEAF
 10
-0.2739847503598867
 20
0.4711469202284206
 30
0.0
 41
-0.0573034165804598
 42
0.0573034165799982
 43
0.0573034165801574
 50
0.4064835075114104
  0
INSERT
  5
6308
330
62CF
100
AcDbEntity
  8
DIM
370
    -1
100
AcDbBlockReference
  2
LEAF
 10
0.1538417800293246
 20
0.35938416056797
 30
0.0
 41
-0.057303416580484
 42
0.0573034165799982
 43
0.0573034165801574
 50
338.8603387455477
  0
INSERT
  5
6309
330
62CF
100
AcDbEntity
  8
DIM
370
    -1
100
AcDbBlockReference
  2
LEAF
 10
0.0885944725778245
 20
0.355933280600766
 30
0.0
 41
-0.0573034165794571
 42
0.0573034165799982
 43
0.0573034165801574
 50
328.9373244624106
  0
INSERT
  5
630A
330
62CF
100
AcDbEntity
  8
DIM
370
    -1
100
AcDbBlockReference
  2
LEAF
 10
0.0320010572104366
 20
0.3587650856070468
 30
0.0
 41
-0.0573034165805479
 42
0.0573034165799982
 43
0.0573034165801574
 50
18.58409713210053
  0
INSERT
  5
630B
330
62CF
100
AcDbEntity
  8
DIM
370
    -1
100
AcDbBlockReference
  2
LEAF
 10
-0.2133318691940076
 20
0.0830409544078066
 30
0.0
 41
-0.057303416580949
 42
0.0573034165799982
 43
0.0573034165801574
 50
339.12245920702
  0
INSERT
  5
630C
330
62CF
100
AcDbEntity
  8
DIM
370
    -1
100
AcDbBlockReference
  2
LEAF
 10
-0.1715462168103841
 20
0.0664831637905081
 30
0.0
 41
-0.0573034165798737
 42
0.0573034165799982
 43
0.0573034165801574
 50
81.16121978686452
  0
INSERT
  5
630D
330
62CF
100
AcDbEntity
  8
DIM
370
    -1
100
AcDbBlockReference
  2
LEAF
 10
-0.1374195911066636
 20
0.0608364432446251
 30
0.0
 41
-0.0573034165798994
 42
0.0573034165799982
 43
0.0573034165801574
 50
329.0383350404654
  0
INSERT
  5
630E
330
62CF
100
AcDbEntity
  8
DIM
370
    -1
100
AcDbBlockReference
  2
LEAF
 10
-0.0973251240975515
 20
0.0418918031482463
 30
0.0
 41
-0.057303416580624
 42
0.0573034165799982
 43
0.0573034165801574
 50
64.47303320684087
  0
INSERT
  5
630F
330
62CF
100
AcDbEntity
  8
DIM
370
    -1
100
AcDbBlockReference
  2
LEAF
 10
-0.0641732314852561
 20
0.0216242637861797
 30
0.0
 41
-0.0573034165798994
 42
0.0573034165799982
 43
0.0573034165801574
 50
329.0383350404654
  0
INSERT
  5
6310
330
62CF
100
AcDbEntity
  8
DIM
370
    -1
100
AcDbBlockReference
  2
LEAF
 10
-0.0876220432965056
 20
0.1128704570082846
 30
0.0
 41
-0.0573034165794609
 42
0.0573034165799982
 43
0.0573034165801574
 50
17.70495509556575
  0
INSERT
  5
6311
330
62CF
100
AcDbEntity
  8
DIM
370
    -1
100
AcDbBlockReference
  2
LEAF
 10
-0.0711955289407342
 20
0.2035564038205848
 30
0.0
 41
0.0573034165803413
 42
0.0573034165803413
 43
0.0573034165803413
 50
30.28098894707955
  0
INSERT
  5
6312
330
62CF
100
AcDbEntity
  8
DIM
370
    -1
100
AcDbBlockReference
  2
LEAF
 10
-0.0588506703152234
 20
0.1769361565266081
 30
0.0
 41
-0.0573034165794243
 42
0.0573034165799982
 43
0.0573034165801574
 50
28.13563238955886
  0
INSERT
  5
6313
330
62CF
100
AcDbEntity
  8
DIM
370
    -1
100
AcDbBlockReference
  2
LEAF
 10
-0.0444421979645995
 20
0.1476980456654928
 30
0.0
 41
0.0573034165793224
 42
0.0573034165793224
 43
0.0573034165793224
 50
3.731887044426048
  0
INSERT
  5
6314
330
62CF
100
AcDbEntity
  8
DIM
370
    -1
100
AcDbBlockReference
  2
LEAF
 10
0.0914438382314984
 20
0.1163024592015063
 30
0.0
 41
0.0573034165801423
 42
0.0573034165801423
 43
0.0573034165801423
 50
282.3425646687958
  0
INSERT
  5
6315
330
62CF
100
AcDbEntity
  8
DIM
370
    -1
100
AcDbBlockReference
  2
LEAF
 10
0.1216157554026722
 20
0.1252421571598461
 30
0.0
 41
-0.0573034165798328
 42
0.0573034165799982
 43
0.0573034165801574
 50
297.8178849204431
  0
INSERT
  5
6316
330
62CF
100
AcDbEntity
  8
DIM
370
    -1
100
AcDbBlockReference
  2
LEAF
 10
0.0707444219751778
 20
0.087493302717121
 30
0.0
 41
-0.0573034165795113
 42
0.0573034165799982
 43
0.0573034165801574
 50
132.0065686949104
  0
INSERT
  5
6317
330
62CF
100
AcDbEntity
  8
DIM
370
    -1
100
AcDbBlockReference
  2
LEAF
 10
0.1490895733368234
 20
0.0665705270448598
 30
0.0
 41
-0.0573034165795113
 42
0.0573034165799982
 43
0.0573034165801574
 50
132.0065686949104
  0
INSERT
  5
6318
330
62CF
100
AcDbEntity
  8
DIM
370
    -1
100
AcDbBlockReference
  2
LEAF
 10
0.1157418446164229
 20
0.0649672522795299
 30
0.0
 41
0.0573034165797779
 42
0.0573034165797779
 43
0.0573034165797779
 50
14.5951729844836
  0
INSERT
  5
6319
330
62CF
100
AcDbEntity
  8
DIM
370
    -1
100
AcDbBlockReference
  2
LEAF
 10
0.0830278218618332
 20
0.0532409171810286
 30
0.0
 41
0.0573034165800781
 42
0.0573034165800781
 43
0.0573034165800781
 50
252.6232315790025
  0
INSERT
  5
631A
330
62CF
100
AcDbEntity
  8
DIM
370
    -1
100
AcDbBlockReference
  2
LEAF
 10
0.1307878072766471
 20
0.1950997601225026
 30
0.0
 41
-0.0573034165798328
 42
0.0573034165799982
 43
0.0573034165801574
 50
297.8178849204431
  0
INSERT
  5
631B
330
62CF
100
AcDbEntity
  8
DIM
370
    -1
100
AcDbBlockReference
  2
LEAF
 10
0.1106331444552779
 20
0.184245888544865
 30
0.0
 41
-0.0573034165804441
 42
0.0573034165799982
 43
0.0573034165801574
 50
127.7990029748702
  0
INSERT
  5
631C
330
62CF
100
AcDbEntity
  8
DIM
370
    -1
100
AcDbBlockReference
  2
LEAF
 10
0.0789760952684446
 20
0.1409504272205595
 30
0.0
 41
-0.0573034165804583
 42
0.0573034165799982
 43
0.0573034165801574
 50
336.7094971834827
  0
INSERT
  5
631D
330
62CF
100
AcDbEntity
  8
DIM
370
    -1
100
AcDbBlockReference
  2
LEAF
 10
0.1465517259675835
 20
0.3031023158200696
 30
0.0
 41
-0.0573034165798328
 42
0.0573034165799982
 43
0.0573034165801574
 50
297.8178849204431
  0
INSERT
  5
631E
330
62CF
100
AcDbEntity
  8
DIM
370
    -1
100
AcDbBlockReference
  2
LEAF
 10
0.1321910788483365
 20
0.2802199088810085
 30
0.0
 41
-0.057303416579291
 42
0.0573034165799982
 43
0.0573034165801574
 50
184.3956733259726
  0
INSERT
  5
631F
330
62CF
100
AcDbEntity
  8
DIM
370
    -1
100
AcDbBlockReference
  2
LEAF
 10
0.1014390199343325
 20
0.2468209341159309
 30
0.0
 41
-0.0573034165796966
 42
0.0573034165799982
 43
0.0573034165801574
 50
314.7348085933484
  0
INSERT
  5
6320
330
62CF
100
AcDbEntity
  8
DIM
370
    -1
100
AcDbBlockReference
  2
LEAF
 10
0.0897709424280038
 20
0.2320110163791469
 30
0.0
 41
-0.057303416579291
 42
0.0573034165799982
 43
0.0573034165801574
 50
184.3956733259726
  0
INSERT
  5
6321
330
62CF
100
AcDbEntity
  8
DIM
370
    -1
100
AcDbBlockReference
  2
LEAF
 10
0.0238439181484864
 20
0.0517043249556082
 30
0.0
 41
-0.0573034165802545
 42
0.0573034165799982
 43
0.0573034165801574
 50
227.2707639745332
  0
INSERT
  5
6322
330
62CF
100
AcDbEntity
  8
DIM
370
    -1
100
AcDbBlockReference
  2
LEAF
 10
0.0261791759603511
 20
0.0680395756071448
 30
0.0
 41
-0.0573034165797242
 42
0.0573034165799982
 43
0.0573034165801574
 50
358.026813485398
  0
INSERT
  5
6323
330
62CF
100
AcDbEntity
  8
DIM
370
    -1
100
AcDbBlockReference
  2
LEAF
 10
0.0305346063742036
 20
0.0902664359791743
 30
0.0
 41
-0.0573034165802545
 42
0.0573034165799982
 43
0.0573034165801574
 50
227.2707639745332
  0
INSERT
  5
6324
330
62CF
100
AcDbEntity
  8
DIM
370
    -1
100
AcDbBlockReference
  2
LEAF
 10
0.0328698641860683
 20
0.1066016866307109
 30
0.0
 41
-0.0573034165797242
 42
0.0573034165799982
 43
0.0573034165801574
 50
358.026813485398
  0
INSERT
  5
6325
330
62CF
100
AcDbEntity
  8
DIM
370
    -1
100
AcDbBlockReference
  2
LEAF
 10
0.0373361538277095
 20
0.1264731170567757
 30
0.0
 41
-0.0573034165802545
 42
0.0573034165799982
 43
0.0573034165801574
 50
227.2707639745332
  0
INSERT
  5
6326
330
62CF
100
AcDbEntity
  8
DIM
370
    -1
100
AcDbBlockReference
  2
LEAF
 10
0.0398110952537536
 20
0.1427538925590852
 30
0.0
 41
-0.057303416579845
 42
0.0573034165799982
 43
0.0573034165801574
 50
348.5706728848046
  0
INSERT
  5
6327
330
62CF
100
AcDbEntity
  8
DIM
370
    -1
100
AcDbBlockReference
  2
LEAF
 10
0.0511562138271984
 20
0.1815727982102544
 30
0.0
 41
-0.0573034165808582
 42
0.0573034165799982
 43
0.0573034165801574
 50
210.6140552465143
  0
INSERT
  5
6328
330
62CF
100
AcDbEntity
  8
DIM
370
    -1
100
AcDbBlockReference
  2
LEAF
 10
0.0533870702493005
 20
0.1990252147561478
 30
0.0
 41
-0.057303416580484
 42
0.0573034165799982
 43
0.0573034165801574
 50
338.8603387455477
  0
INSERT
  5
6329
330
62CF
100
AcDbEntity
  8
DIM
370
    -1
100
AcDbBlockReference
  2
LEAF
 10
0.067554346534962
 20
0.2259050666662006
 30
0.0
 41
-0.0573034165808428
 42
0.0573034165799982
 43
0.0573034165801574
 50
185.8361393765566
  0
INSERT
  5
632A
330
62CF
100
AcDbEntity
  8
DIM
370
    -1
100
AcDbBlockReference
  2
LEAF
 10
0.069733503551106
 20
0.2433636821206164
 30
0.0
 41
-0.057303416580484
 42
0.0573034165799982
 43
0.0573034165801574
 50
338.8603387455477
  0
INSERT
  5
632B
330
62CF
100
AcDbEntity
  8
DIM
370
    -1
100
AcDbBlockReference
  2
LEAF
 10
0.0954205967191228
 20
0.2830348648940344
 30
0.0
 41
-0.057303416580484
 42
0.0573034165799982
 43
0.0573034165801574
 50
338.8603387455477
  0
INSERT
  5
632C
330
62CF
100
AcDbEntity
  8
DIM
370
    -1
100
AcDbBlockReference
  2
LEAF
 10
0.084526244623703
 20
0.2618267931948139
 30
0.0
 41
0.0573034165800833
 42
0.0573034165800833
 43
0.0573034165800833
 50
319.1953951076575
  0
INSERT
  5
632D
330
62CF
100
AcDbEntity
  8
DIM
370
    -1
100
AcDbBlockReference
  2
LEAF
 10
0.1117720332495082
 20
0.3013691335872863
 30
0.0
 41
0.0573034165800833
 42
0.0573034165800833
 43
0.0573034165800833
 50
319.1953951076575
  0
INSERT
  5
632E
330
62CF
100
AcDbEntity
  8
DIM
370
    -1
100
AcDbBlockReference
  2
LEAF
 10
0.1243086420290638
 20
0.3225772052865068
 30
0.0
 41
-0.057303416580484
 42
0.0573034165799982
 43
0.0573034165801574
 50
338.8603387455477
  0
INSERT
  5
632F
330
62CF
100
AcDbEntity
  8
DIM
370
    -1
100
AcDbBlockReference
  2
LEAF
 10
0.0808527997651254
 20
0.3327471641523516
 30
0.0
 41
-0.0573034165809791
 42
0.0573034165799982
 43
0.0573034165801574
 50
227.3098224548609
  0
INSERT
  5
6330
330
62CF
100
AcDbEntity
  8
DIM
370
    -1
100
AcDbBlockReference
  2
LEAF
 10
0.0710532993944071
 20
0.3208749004961646
 30
0.0
 41
-0.0573034165794571
 42
0.0573034165799982
 43
0.0573034165801574
 50
328.9373244624106
  0
INSERT
  5
6331
330
62CF
100
AcDbEntity
  8
DIM
370
    -1
100
AcDbBlockReference
  2
LEAF
 10
0.04279252037486
 20
0.2624445124019985
 30
0.0
 41
-0.0573034165794571
 42
0.0573034165799982
 43
0.0573034165801574
 50
328.9373244624106
  0
INSERT
  5
6332
330
62CF
100
AcDbEntity
  8
DIM
370
    -1
100
AcDbBlockReference
  2
LEAF
 10
0.0510407529527583
 20
0.2850806367232508
 30
0.0
 41
-0.0573034165809791
 42
0.0573034165799982
 43
0.0573034165801574
 50
227.3098224548609
  0
INSERT
  5
6333
330
62CF
100
AcDbEntity
  8
DIM
370
    -1
100
AcDbBlockReference
  2
LEAF
 10
0.034856985510487
 20
0.23741410929415
 30
0.0
 41
-0.0573034165809791
 42
0.0573034165799982
 43
0.0573034165801574
 50
227.3098224548609
  0
INSERT
  5
6334
330
62CF
100
AcDbEntity
  8
DIM
370
    -1
100
AcDbBlockReference
  2
LEAF
 10
0.0271162385670323
 20
0.1782667081315594
 30
0.0
 41
-0.0573034165801331
 42
0.0573034165799982
 43
0.0573034165801574
 50
247.2814341850348
  0
INSERT
  5
6335
330
62CF
100
AcDbEntity
  8
DIM
370
    -1
100
AcDbBlockReference
  2
LEAF
 10
0.0228311693208525
 20
0.1221989976838813
 30
0.0
 41
-0.0573034165800604
 42
0.0573034165799982
 43
0.0573034165801574
 50
348.345730485971
  0
INSERT
  5
6336
330
62CF
100
AcDbEntity
  8
DIM
370
    -1
100
AcDbBlockReference
  2
LEAF
 10
0.0279674550274649
 20
0.1517371160334733
 30
0.0
 41
-0.0573034165809791
 42
0.0573034165799982
 43
0.0573034165801574
 50
227.3098224548609
  0
INSERT
  5
6337
330
62CF
100
AcDbEntity
  8
DIM
370
    -1
100
AcDbBlockReference
  2
LEAF
 10
0.0321179786169523
 20
0.1812561732867835
 30
0.0
 41
-0.0573034165800604
 42
0.0573034165799982
 43
0.0573034165801574
 50
348.345730485971
  0
INSERT
  5
6338
330
62CF
100
AcDbEntity
  8
DIM
370
    -1
100
AcDbBlockReference
  2
LEAF
 10
0.0372542643235647
 20
0.2107942916363754
 30
0.0
 41
-0.0573034165809791
 42
0.0573034165799982
 43
0.0573034165801574
 50
227.3098224548609
  0
INSERT
  5
6339
330
62CF
100
AcDbEntity
  8
DIM
370
    -1
100
AcDbBlockReference
  2
LEAF
 10
0.0414047879130521
 20
0.2495936815630557
 30
0.0
 41
-0.0573034165800604
 42
0.0573034165799982
 43
0.0573034165801574
 50
348.345730485971
  0
INSERT
  5
633A
330
62CF
100
AcDbEntity
  8
DIM
370
    -1
100
AcDbBlockReference
  2
LEAF
 10
0.0405165035172104
 20
0.3062881971909519
 30
0.0
 41
-0.0573034165805479
 42
0.0573034165799982
 43
0.0573034165801574
 50
18.58409713210053
  0
INSERT
  5
633B
330
62CF
100
AcDbEntity
  8
DIM
370
    -1
100
AcDbBlockReference
  2
LEAF
 10
0.0359088918885391
 20
0.3327518185778899
 30
0.0
 41
-0.0573034165806506
 42
0.0573034165799982
 43
0.0573034165801574
 50
256.347182846472
  0
INSERT
  5
633C
330
62CF
100
AcDbEntity
  8
DIM
370
    -1
100
AcDbBlockReference
  2
LEAF
 10
-0.002990736898937
 20
0.1664471118047004
 30
0.0
 41
-0.0573034165801331
 42
0.0573034165799982
 43
0.0573034165801574
 50
247.2814341850348
  0
INSERT
  5
633D
330
62CF
100
AcDbEntity
  8
DIM
370
    -1
100
AcDbBlockReference
  2
LEAF
 10
-0.0017337306653644
 20
0.1254258774215486
 30
0.0
 41
-0.0573034165800585
 42
0.0573034165799982
 43
0.0573034165801574
 50
5.03375492205051
  0
INSERT
  5
633E
330
62CF
100
AcDbEntity
  8
DIM
370
    -1
100
AcDbBlockReference
  2
LEAF
 10
-0.001915400092912
 20
0.241662788001122
 30
0.0
 41
-0.0573034165801331
 42
0.0573034165799982
 43
0.0573034165801574
 50
247.2814341850348
  0
INSERT
  5
633F
330
62CF
100
AcDbEntity
  8
DIM
370
    -1
100
AcDbBlockReference
  2
LEAF
 10
-0.0006583938593394
 20
0.2006415536188797
 30
0.0
 41
-0.0573034165800585
 42
0.0573034165799982
 43
0.0573034165801574
 50
5.03375492205051
  0
INSERT
  5
6340
330
62CF
100
AcDbEntity
  8
DIM
370
    -1
100
AcDbBlockReference
  2
LEAF
 10
-0.0094417055479425
 20
0.3125803659604571
 30
0.0
 41
-0.0573034165801331
 42
0.0573034165799982
 43
0.0573034165801574
 50
247.2814341850348
  0
INSERT
  5
6341
330
62CF
100
AcDbEntity
  8
DIM
370
    -1
100
AcDbBlockReference
  2
LEAF
 10
-0.0050024868105538
 20
0.2714650843017807
 30
0.0
 41
-0.0573034165799805
 42
0.0573034165799982
 43
0.0573034165801574
 50
10.40676079729947
  0
INSERT
  5
6342
330
62CF
100
AcDbEntity
  8
DIM
370
    -1
100
AcDbBlockReference
  2
LEAF
 10
-0.0179058270259702
 20
0.3423826622611159
 30
0.0
 41
-0.0573034165799805
 42
0.0573034165799982
 43
0.0573034165801574
 50
10.40676079729947
  0
INSERT
  5
6343
330
62CF
100
AcDbEntity
  8
DIM
370
    -1
100
AcDbBlockReference
  2
LEAF
 10
-0.0324572884110239
 20
0.0915187786713432
 30
0.0
 41
0.057303416579828
 42
0.057303416579828
 43
0.057303416579828
 50
329.0417087040603
  0
INSERT
  5
6344
330
62CF
100
AcDbEntity
  8
DIM
370
    -1
100
AcDbBlockReference
  2
LEAF
 10
-0.0390272977983841
 20
0.1154652011910002
 30
0.0
 41
-0.0573034165806501
 42
0.0573034165799982
 43
0.0573034165801574
 50
43.38197885070603
  0
INSERT
  5
6345
330
62CF
100
AcDbEntity
  8
DIM
370
    -1
100
AcDbBlockReference
  2
LEAF
 10
-0.0355428615857818
 20
0.508170304225132
 30
0.0
 41
-0.0573034165802552
 42
0.0573034165799982
 43
0.0573034165801574
 50
19.5607117366226
  0
INSERT
  5
6346
330
62CF
100
AcDbEntity
  8
DIM
370
    -1
100
AcDbBlockReference
  2
LEAF
 10
0.0054914711254241
 20
0.4421488321277138
 30
0.0
 41
0.0573034165804183
 42
0.0573034165804183
 43
0.0573034165804183
 50
5.734968188106112
  0
INSERT
  5
6347
330
62CF
100
AcDbEntity
  8
DIM
370
    -1
100
AcDbBlockReference
  2
LEAF
 10
-0.0263245596488559
 20
0.4993779183987499
 30
0.0
 41
0.0573034165804183
 42
0.0573034165804183
 43
0.0573034165804183
 50
5.734968188106112
  0
INSERT
  5
6348
330
62CF
100
AcDbEntity
  8
DIM
370
    -1
100
AcDbBlockReference
  2
LEAF
 10
-0.0125415344264184
 20
0.4751311070504016
 30
0.0
 41
-0.0573034165805479
 42
0.0573034165799982
 43
0.0573034165801574
 50
18.58409713210053
  0
INSERT
  5
6349
330
62CF
100
AcDbEntity
  8
DIM
370
    -1
100
AcDbBlockReference
  2
LEAF
 10
-0.0395490317441727
 20
0.4533410552621717
 30
0.0
 41
-0.0573034165801331
 42
0.0573034165799982
 43
0.0573034165801574
 50
247.2814341850348
  0
INSERT
  5
634A
330
62CF
100
AcDbEntity
  8
DIM
370
    -1
100
AcDbBlockReference
  2
LEAF
 10
-0.0463900036884297
 20
0.4833399147864839
 30
0.0
 41
-0.0573034165805866
 42
0.0573034165799982
 43
0.0573034165801574
 50
343.9128260826886
  0
INSERT
  5
634B
330
62CF
100
AcDbEntity
  8
DIM
370
    -1
100
AcDbBlockReference
  2
LEAF
 10
0.1130116172698763
 20
0.400916318383679
 30
0.0
 41
-0.0573034165809791
 42
0.0573034165799982
 43
0.0573034165801574
 50
227.3098224548609
  0
INSERT
  5
634C
330
62CF
100
AcDbEntity
  8
DIM
370
    -1
100
AcDbBlockReference
  2
LEAF
 10
0.0983939729503618
 20
0.367805544256953
 30
0.0
 41
-0.0573034165809791
 42
0.0573034165799982
 43
0.0573034165801574
 50
227.3098224548609
  0
INSERT
  5
634D
330
62CF
100
AcDbEntity
  8
DIM
370
    -1
100
AcDbBlockReference
  2
LEAF
 10
0.0273934455835843
 20
0.3852287069948943
 30
0.0
 41
-0.0573034165806506
 42
0.0573034165799982
 43
0.0573034165801574
 50
256.347182846472
  0
INSERT
  5
634E
330
62CF
100
AcDbEntity
  8
DIM
370
    -1
100
AcDbBlockReference
  2
LEAF
 10
-0.0223450457633589
 20
0.3834979439207018
 30
0.0
 41
-0.0573034165801331
 42
0.0573034165799982
 43
0.0573034165801574
 50
247.2814341850348
  0
INSERT
  5
634F
330
62CF
100
AcDbEntity
  8
DIM
370
    -1
100
AcDbBlockReference
  2
LEAF
 10
0.1184307727380656
 20
0.4156553390157569
 30
0.0
 41
-0.057303416579835
 42
0.0573034165799982
 43
0.0573034165801574
 50
261.864407324601
  0
INSERT
  5
6350
330
62CF
100
AcDbEntity
  8
DIM
370
    -1
100
AcDbBlockReference
  2
LEAF
 10
0.103212116897339
 20
0.3890440547265825
 30
0.0
 41
-0.0573034165794571
 42
0.0573034165799982
 43
0.0573034165801574
 50
328.9373244624106
  0
INSERT
  5
6351
330
62CF
100
AcDbEntity
  8
DIM
370
    -1
100
AcDbBlockReference
  2
LEAF
 10
0.017365586494634
 20
0.4089996257580424
 30
0.0
 41
-0.0573034165805479
 42
0.0573034165799982
 43
0.0573034165801574
 50
18.58409713210053
  0
INSERT
  5
6352
330
62CF
100
AcDbEntity
  8
DIM
370
    -1
100
AcDbBlockReference
  2
LEAF
 10
-0.035109813006784
 20
0.4122257736034953
 30
0.0
 41
-0.0573034165799805
 42
0.0573034165799982
 43
0.0573034165801574
 50
10.40676079729947
  0
INSERT
  5
6353
330
62CF
100
AcDbEntity
  8
DIM
370
    -1
100
AcDbBlockReference
  2
LEAF
 10
0.0233019565639552
 20
0.2059614848731144
 30
0.0
 41
-0.0573034165794571
 42
0.0573034165799982
 43
0.0573034165801574
 50
328.9373244624106
  0
INSERT
  5
6354
330
62CF
100
AcDbEntity
  8
DIM
370
    -1
100
AcDbBlockReference
  2
LEAF
 10
-0.1992137588931655
 20
0.2036305751362306
 30
0.0
 41
0.0573034165803664
 42
0.0573034165803664
 43
0.0573034165803664
 50
67.89756519938581
  0
INSERT
  5
6355
330
62CF
100
AcDbEntity
  8
DIM
370
    -1
100
AcDbBlockReference
  2
LEAF
 10
-0.188710009209899
 20
0.1843122108102762
 30
0.0
 41
-0.0573034165806021
 42
0.0573034165799982
 43
0.0573034165801574
 50
38.727673876744
  0
INSERT
  5
6356
330
62CF
100
AcDbEntity
  8
DIM
370
    -1
100
AcDbBlockReference
  2
LEAF
 10
-0.1363908051280305
 20
0.1568635982766864
 30
0.0
 41
-0.0573034165806021
 42
0.0573034165799982
 43
0.0573034165801574
 50
38.727673876744
  0
INSERT
  5
6357
330
62CF
100
AcDbEntity
  8
DIM
370
    -1
100
AcDbBlockReference
  2
LEAF
 10
-0.146894554809478
 20
0.1761819626035503
 30
0.0
 41
0.0573034165803664
 42
0.0573034165803664
 43
0.0573034165803664
 50
67.89756519938581
  0
INSERT
  5
6358
330
62CF
100
AcDbEntity
  8
DIM
370
    -1
100
AcDbBlockReference
  2
LEAF
 10
-0.0998077972308238
 20
0.1448124508033288
 30
0.0
 41
0.0573034165803664
 42
0.0573034165803664
 43
0.0573034165803664
 50
67.89756519938581
  0
INSERT
  5
6359
330
62CF
100
AcDbEntity
  8
DIM
370
    -1
100
AcDbBlockReference
  2
LEAF
 10
-0.198894590143027
 20
0.2385976860987284
 30
0.0
 41
-0.0573034165798994
 42
0.0573034165799982
 43
0.0573034165801574
 50
329.0383350404654
  0
INSERT
  5
635A
330
62CF
100
AcDbEntity
  8
DIM
370
    -1
100
AcDbBlockReference
  2
LEAF
 10
-0.1627239099943836
 20
0.2209602055627329
 30
0.0
 41
-0.057303416580624
 42
0.0573034165799982
 43
0.0573034165801574
 50
64.47303320684087
  0
INSERT
  5
635B
330
62CF
100
AcDbEntity
  8
DIM
370
    -1
100
AcDbBlockReference
  2
LEAF
 10
-0.1232141547952779
 20
0.2094168958510636
 30
0.0
 41
0.0573034165807449
 42
0.0573034165807449
 43
0.0573034165807449
 50
63.1679502492869
  0
INSERT
  5
635C
330
62CF
100
AcDbEntity
  8
DIM
370
    -1
100
AcDbBlockReference
  2
LEAF
 10
-0.1039776179222827
 20
0.1858593236838715
 30
0.0
 41
-0.0573034165798361
 42
0.0573034165799982
 43
0.0573034165801574
 50
53.86054036029708
  0
INSERT
  5
635D
330
62CF
100
AcDbEntity
  8
DIM
370
    -1
100
AcDbBlockReference
  2
LEAF
 10
-0.1713324191005086
 20
0.3442214756605608
 30
0.0
 41
-0.0573034165794609
 42
0.0573034165799982
 43
0.0573034165801574
 50
17.70495509556575
  0
INSERT
  5
635E
330
62CF
100
AcDbEntity
  8
DIM
370
    -1
100
AcDbBlockReference
  2
LEAF
 10
-0.1281179890302155
 20
0.2933871596787867
 30
0.0
 41
-0.057303416580102
 42
0.0573034165799982
 43
0.0573034165801574
 50
22.54044160902161
  0
INSERT
  5
635F
330
62CF
100
AcDbEntity
  8
DIM
370
    -1
100
AcDbBlockReference
  2
LEAF
 10
-0.1442227785501018
 20
0.3190922486655836
 30
0.0
 41
0.0573034165807614
 42
0.0573034165807614
 43
0.0573034165807614
 50
54.41109853987076
  0
INSERT
  5
6360
330
62CF
100
AcDbEntity
  8
DIM
370
    -1
100
AcDbBlockReference
  2
LEAF
 10
-0.0905319319099362
 20
0.2392192989418618
 30
0.0
 41
-0.0573034165794243
 42
0.0573034165799982
 43
0.0573034165801574
 50
28.13563238955886
  0
INSERT
  5
6361
330
62CF
100
AcDbEntity
  8
DIM
370
    -1
100
AcDbBlockReference
  2
LEAF
 10
-0.1028767905372661
 20
0.2658395462358385
 30
0.0
 41
0.0573034165803413
 42
0.0573034165803413
 43
0.0573034165803413
 50
30.28098894707955
  0
INSERT
  5
6362
330
62CF
100
AcDbEntity
  8
DIM
370
    -1
100
AcDbBlockReference
  2
LEAF
 10
-0.1835181730330078
 20
0.3761634694546956
 30
0.0
 41
0.0573034165803664
 42
0.0573034165803664
 43
0.0573034165803664
 50
67.89756519938581
  0
INSERT
  5
6363
330
62CF
100
AcDbEntity
  8
DIM
370
    -1
100
AcDbBlockReference
  2
LEAF
 10
-0.2253729225230927
 20
0.4310604048132518
 30
0.0
 41
0.0573034165803664
 42
0.0573034165803664
 43
0.0573034165803664
 50
67.89756519938581
  0
INSERT
  5
6364
330
62CF
100
AcDbEntity
  8
DIM
370
    -1
100
AcDbBlockReference
  2
LEAF
 10
0.1489488190891279
 20
0.1306083809922711
 30
0.0
 41
-0.057303416579291
 42
0.0573034165799982
 43
0.0573034165801574
 50
184.3956733259726
  0
INSERT
  5
6365
330
62CF
100
AcDbEntity
  8
DIM
370
    -1
100
AcDbBlockReference
  2
LEAF
 10
0.1650506107034744
 20
0.2101213706346243
 30
0.0
 41
-0.0573034165802742
 42
0.0573034165799982
 43
0.0573034165801574
 50
102.2804124688838
  0
INSERT
  5
6366
330
62CF
100
AcDbEntity
  8
DIM
370
    -1
100
AcDbBlockReference
  2
LEAF
 10
0.1395832728521782
 20
0.3397303015308353
 30
0.0
 41
0.057303416579828
 42
0.057303416579828
 43
0.057303416579828
 50
329.0417087040603
  0
INSERT
  5
6367
330
62CF
100
AcDbEntity
  8
DIM
370
    -1
100
AcDbBlockReference
  2
LEAF
 10
0.1777466050280054
 20
0.4022653592437564
 30
0.0
 41
-0.057303416580484
 42
0.0573034165799982
 43
0.0573034165801574
 50
338.8603387455477
  0
ENDBLK
  5
6368
330
62CF
100
AcDbEntity
  8
0
370
    -1
100
AcDbBlockEnd
  0
BLOCK
  5
5A187
330
57D7
100
AcDbEntity
  8
0
370
    -1
100
AcDbBlockBegin
  2
A$C62AE10F8
 70
     0
 10
0.0
 20
0.0
 30
0.0
  3
A$C62AE10F8
  1

  0
LWPOLYLINE
  5
CD79A
330
57D7
100
AcDbEntity
  8
柱
  6
CONTINOUS
 62
     8
100
AcDbPolyline
 90
        2
 70
     0
 43
30.0
 10
-3419774.776938707
 20
-324785.0708058704
 10
-3419424.776938707
 20
-324785.0708058703
1001
AcDbBlockRepETag
1070
     1
1071
        0
1005
CD79A
  0
LWPOLYLINE
  5
CD79B
330
57D7
100
AcDbEntity
  8
柱
  6
CONTINOUS
 62
     8
100
AcDbPolyline
 90
        2
 70
     0
 43
30.0
 10
-3419424.776938707
 20
-325135.0708058703
 10
-3419774.776938707
 20
-325135.0708058704
1001
AcDbBlockRepETag
1070
     1
1071
        1
1005
CD79B
  0
LWPOLYLINE
  5
CD79C
330
57D7
100
AcDbEntity
  8
柱
  6
CONTINOUS
 62
     8
100
AcDbPolyline
 90
        2
 70
     0
 43
10.0
 10
-3419599.776938707
 20
-324785.0708058704
 10
-3419599.776938707
 20
-325135.0708058703
1001
AcDbBlockRepETag
1070
     1
1071
        2
1005
CD79C
  0
LWPOLYLINE
  5
CD79D
330
57D7
100
AcDbEntity
  8
柱
  6
CONTINOUS
 62
     8
100
AcDbPolyline
 90
        2
 70
     0
 43
43.75
 10
-3419774.776938707
 20
-324785.0708058704
 10
-3419424.776938707
 20
-324785.0708058704
1001
AcDbBlockRepETag
1070
     1
1071
        3
1005
CD79D
  0
LWPOLYLINE
  5
CD79E
330
57D7
100
AcDbEntity
  8
柱
  6
CONTINOUS
 62
     8
100
AcDbPolyline
 90
        2
 70
     1
 43
0.0
 10
-3419862.276938707
 20
-324960.0708058704
 42
1.0
 10
-3419337.276938707
 20
-324960.0708058704
 42
1.0
1001
AcDbBlockRepETag
1070
     1
1071
        4
1005
CD79E
  0
ENDBLK
  5
5A18D
330
57D7
100
AcDbEntity
  8
0
370
    -1
100
AcDbBlockEnd
  0
BLOCK
  5
CB3
330
CB2
100
AcDbEntity
  8
0
 48
200.0
370
    -1
100
AcDbBlockBegin
  2
_ARROW
 70
     0
 10
0.0
 20
0.0
 30
0.0
  3
_ARROW
  1

  0
SOLID
  5
CC242
330
CB2
100
AcDbEntity
  8
0
 62
     8
100
AcDbTrace
 10
0.0
 20
0.0
 30
0.0
 11
-1.0
 21
0.1
 31
0.0
 12
-1.0
 22
-0.1
 32
0.0
 13
-1.0
 23
-0.1
 33
0.0
1001
AcDbBlockRepETag
1070
     1
1071
        0
1005
CC242
  0
ENDBLK
  5
CB5
330
CB2
100
AcDbEntity
  8
0
 48
200.0
370
    -1
100
AcDbBlockEnd
  0
BLOCK
  5
52877
330
46
100
AcDbEntity
  8
0
370
    -1
100
AcDbBlockBegin
  2
_FZHK
 70
     0
 10
0.0
 20
0.0
 30
0.0
  3
_FZHK
  1

  0
SOLID
  5
CD7A7
330
46
100
AcDbEntity
  8
0
 62
     8
100
AcDbTrace
 10
-0.5
 20
0.5
 30
0.0
 11
0.5
 21
0.5
 31
0.0
 12
-0.5
 22
-0.5
 32
0.0
 13
0.5
 23
-0.5
 33
0.0
1001
AcDbBlockRepETag
1070
     1
1071
        0
1005
CD7A7
  0
ENDBLK
  5
52879
330
46
100
AcDbEntity
  8
0
370
    -1
100
AcDbBlockEnd
  0
BLOCK
  5
C6B3
330
C6AD
100
AcDbEntity
  8
0
370
    -1
100
AcDbBlockBegin
  2
_DBLK1
 70
     2
 10
0.0
 20
0.0
 30
0.0
  3
_DBLK1
  1

  0
ATTDEF
  5
C6AE
330
C6AD
100
AcDbEntity
  8
WINDOW_TEXT
370
    -1
100
AcDbText
 10
0.0
 20
1.5
 30
0.0
 40
1.0
  1

  7
SIMPLEX
 72
     4
 11
0.0
 21
1.5
 31
0.0
100
AcDbAttributeDefinition
  3

  2
A
 70
     9
280
     0
 71
     1
 72
     0
 11
0.0
 21
1.5
 31
0.0
  0
ARC
  5
C6AF
330
C6AD
100
AcDbEntity
  8
0
370
    -1
100
AcDbCircle
 10
-0.5
 20
0.0
 30
0.0
 40
0.5
100
AcDbArc
 50
300.0
 51
0.0
  0
LINE
  5
C6B0
330
C6AD
100
AcDbEntity
  8
0
370
    -1
100
AcDbLine
 10
-0.5
 20
0.0
 30
0.0
 11
-0.2499999999999999
 21
-0.4330127018922192
 31
0.0
  0
LINE
  5
C6B1
330
C6AD
100
AcDbEntity
  8
0
370
    -1
100
AcDbLine
 10
0.4999999999999999
 20
0.0
 30
0.0
 11
0.2499999999999999
 21
-0.4330127018922192
 31
0.0
  0
ARC
  5
C6B2
330
C6AD
100
AcDbEntity
  8
0
370
    -1
100
AcDbCircle
 10
0.4999999999999999
 20
0.0
 30
0.0
 40
0.5
100
AcDbArc
 50
180.0
 51
240.0
  0
ENDBLK
  5
C6B4
330
C6AD
100
AcDbEntity
  8
0
370
    -1
100
AcDbBlockEnd
  0
BLOCK
  5
C6C6
330
C6C2
100
AcDbEntity
  8
0
370
    -1
100
AcDbBlockBegin
  2
_DBLK
 70
     2
 10
0.0
 20
0.0
 30
0.0
  3
_DBLK
  1

  0
ATTDEF
  5
C6C3
330
C6C2
100
AcDbEntity
  8
WINDOW_TEXT
370
    -1
100
AcDbText
 10
0.0
 20
1.5
 30
0.0
 40
1.0
  1

  7
SIMPLEX
 72
     4
 11
0.0
 21
1.5
 31
0.0
100
AcDbAttributeDefinition
  3

  2
A
 70
     9
280
     0
 71
     1
 72
     0
 11
0.0
 21
1.5
 31
0.0
  0
ARC
  5
C6C4
330
C6C2
100
AcDbEntity
  8
0
370
    -1
100
AcDbCircle
 10
-0.5
 20
0.0
 30
0.0
 40
1.0
100
AcDbArc
 50
300.0
 51
0.0
  0
LINE
  5
C6C5
330
C6C2
100
AcDbEntity
  8
0
370
    -1
100
AcDbLine
 10
-0.5
 20
0.0
 30
0.0
 11
0.0000000000000002
 21
-0.8660254037844385
 31
0.0
  0
ENDBLK
  5
C6C7
330
C6C2
100
AcDbEntity
  8
0
370
    -1
100
AcDbBlockEnd
  0
BLOCK
  5
E6DA
330
E6D4
100
AcDbEntity
  8
0
370
    -1
100
AcDbBlockBegin
  2
_WBLK
 70
     2
 10
0.0
 20
0.0
 30
0.0
  3
_WBLK
  1

  0
ATTDEF
  5
E6D5
330
E6D4
100
AcDbEntity
  8
WINDOW_TEXT
370
    -1
100
AcDbText
 10
0.0
 20
1.5
 30
0.0
 40
1.0
  1

  7
SIMPLEX
 72
     4
 11
0.0
 21
1.5
 31
0.0
100
AcDbAttributeDefinition
  3

  2
A
 70
     9
280
     0
 71
     1
 72
     0
 11
0.0
 21
1.5
 31
0.0
  0
LINE
  5
E6D6
330
E6D4
100
AcDbEntity
  8
0
370
    -1
100
AcDbLine
 10
0.5
 20
0.1666666666666666
 30
0.0
 11
-0.5
 21
0.1666666666666666
 31
0.0
  0
LINE
  5
E6D7
330
E6D4
100
AcDbEntity
  8
0
370
    -1
100
AcDbLine
 10
0.5
 20
-0.1666666666666667
 30
0.0
 11
-0.5
 21
-0.1666666666666667
 31
0.0
  0
LINE
  5
E6D8
330
E6D4
100
AcDbEntity
  8
0
370
    -1
100
AcDbLine
 10
-0.4999999999999999
 20
-0.5
 30
0.0
 11
0.5
 21
-0.5
 31
0.0
  0
LINE
  5
E6D9
330
E6D4
100
AcDbEntity
  8
0
370
    -1
100
AcDbLine
 10
-0.5
 20
0.5
 30
0.0
 11
0.5
 21
0.5
 31
0.0
  0
ENDBLK
  5
E6DB
330
E6D4
100
AcDbEntity
  8
0
370
    -1
100
AcDbBlockEnd
  0
BLOCK
  5
1193B
330
11938
100
AcDbEntity
  8
0
370
    -1
100
AcDbBlockBegin
  2
_SECTION
 70
     2
 10
0.0
 20
0.0
 30
0.0
  3
_SECTION
  1

  0
ATTDEF
  5
11939
330
11938
100
AcDbEntity
  8
0
370
    -1
100
AcDbText
 10
3.0
 20
0.0
 30
0.0
 40
1.0
  1

  7
COMP
 72
     4
 11
3.0
 21
0.0
 31
0.0
100
AcDbAttributeDefinition
  3

  2
A
 70
     0
280
     0
 71
     1
 72
     0
 11
3.0
 21
0.0
 31
0.0
  0
LWPOLYLINE
  5
1193A
330
11938
100
AcDbEntity
  8
0
370
    -1
100
AcDbPolyline
 90
        3
 70
     0
 43
0.1
 10
2.0
 20
0.0
 10
0.0
 20
0.0
 10
0.0
 20
3.0
  0
ENDBLK
  5
1193C
330
11938
100
AcDbEntity
  8
0
370
    -1
100
AcDbBlockEnd
  0
BLOCK
  5
145F2
330
145EF
100
AcDbEntity
  8
0
370
    -1
100
AcDbBlockBegin
  2
_NORTH
 70
     0
 10
0.0
 20
0.0
 30
0.0
  3
_NORTH
  1

  0
SOLID
  5
145F0
330
145EF
100
AcDbEntity
  8
0
370
    -1
100
AcDbTrace
 10
-1190.733452056401
 20
148.8416815070501
 30
0.0
 11
-1190.733452056401
 21
-148.8416815070501
 31
0.0
 12
1200.0
 22
0.0
 32
0.0
 13
1200.0
 23
0.0
 33
0.0
  0
CIRCLE
  5
145F1
330
145EF
100
AcDbEntity
  8
0
370
    -1
100
AcDbCircle
 10
0.0
 20
0.0
 30
0.0
 40
1200.0
  0
ENDBLK
  5
145F3
330
145EF
100
AcDbEntity
  8
0
370
    -1
100
AcDbBlockEnd
  0
BLOCK
  5
1706F
330
17057
100
AcDbEntity
  8
0
370
    -1
100
AcDbBlockBegin
  2

 70
     0
 10
0.0
 20
0.0
 30
0.0
  3

  1

  0
LINE
  5
17058
330
17057
100
AcDbEntity
  8
0
370
    -1
100
AcDbLine
 10
0.000055618339184
 20
0.0077330585163091
 30
0.0
 11
-0.0999443816608174
 21
0.0077330585163091
 31
0.0
  0
LINE
  5
17059
330
17057
100
AcDbEntity
  8
0
370
    -1
100
AcDbLine
 10
0.000055618339184
 20
0.0237330585163091
 30
0.0
 11
-0.0999443816608174
 21
0.0237330585163091
 31
0.0
  0
LINE
  5
1705A
330
17057
100
AcDbEntity
  8
0
370
    -1
100
AcDbLine
 10
0.000055618339184
 20
0.0157330585163091
 30
0.0
 11
-0.0999443816608174
 21
0.0157330585163091
 31
0.0
  0
LINE
  5
1705B
330
17057
100
AcDbEntity
  8
0
370
    -1
100
AcDbLine
 10
0.000055618339184
 20
0.0397330585163091
 30
0.0
 11
-0.0999443816608174
 21
0.0397330585163091
 31
0.0
  0
LINE
  5
1705C
330
17057
100
AcDbEntity
  8
0
370
    -1
100
AcDbLine
 10
0.000055618339184
 20
0.0477330585163091
 30
0.0
 11
-0.0999443816608174
 21
0.0477330585163091
 31
0.0
  0
LINE
  5
1705D
330
17057
100
AcDbEntity
  8
0
370
    -1
100
AcDbLine
 10
0.000055618339184
 20
0.0317330585163091
 30
0.0
 11
-0.0999443816608174
 21
0.0317330585163091
 31
0.0
  0
LINE
  5
1705E
330
17057
100
AcDbEntity
  8
0
370
    -1
100
AcDbLine
 10
0.000055618339184
 20
0.0237330585163091
 30
0.0
 11
-0.0999443816608174
 21
0.0237330585163091
 31
0.0
  0
LWPOLYLINE
  5
1705F
330
17057
100
AcDbEntity
  8
0
370
    -1
100
AcDbPolyline
 90
        3
 70
     0
 43
0.0005
 10
-0.0999443816608174
 20
-0.0002669414836909
 10
-0.0999443816608174
 20
0.0557330585163091
 10
0.000055618339184
 20
0.0557330585163091
  0
TEXT
  5
17060
330
17057
100
AcDbEntity
  8
0
370
    -1
100
AcDbText
 10
-0.0978573128615763
 20
0.0246833970708022
 30
0.0
 40
0.0055
  1
审  核
 41
0.7
  7
HDM_FONT
100
AcDbText
  0
LINE
  5
17061
330
17057
100
AcDbEntity
  8
0
370
    -1
100
AcDbLine
 10
-0.079598790182756
 20
0.0476129423958331
 30
0.0
 11
-0.0796256137652125
 21
0.0003695767290517
 31
0.0
  0
TEXT
  5
17062
330
17057
100
AcDbEntity
  8
0
370
    -1
100
AcDbText
 10
-0.0995870675325538
 20
0.0161392304843525
 30
0.0
 40
0.0055
  1
工程负责人
 41
0.7
  7
HDM_FONT
100
AcDbText
  0
TEXT
  5
17063
330
17057
100
AcDbEntity
  8
0
370
    -1
100
AcDbText
 10
-0.0974729230394048
 20
0.0086546281870921
 30
0.0
 40
0.0055
  1
制  图
 41
0.7
  7
HDM_FONT
100
AcDbText
  0
TEXT
  5
17064
330
17057
100
AcDbEntity
  8
0
370
    -1
100
AcDbText
 10
-0.0978573128615763
 20
0.0320679993680626
 30
0.0
 40
0.0055
  1
图  名
 41
0.7
  7
HDM_FONT
100
AcDbText
  0
TEXT
  5
17065
330
17057
100
AcDbEntity
  8
0
370
    -1
100
AcDbText
 10
-0.0978573128615763
 20
0.0401283402388366
 30
0.0
 40
0.0055
  1
工程名称
 41
0.7
  7
HDM_FONT
100
AcDbText
  0
TEXT
  5
17066
330
17057
100
AcDbEntity
  8
0
370
    -1
100
AcDbText
 10
-0.0970885329030962
 20
0.0005942873163181
 30
0.0
 40
0.0055
  1
校  对
 41
0.7
  7
HDM_FONT
100
AcDbText
  0
TEXT
  5
17067
330
17057
100
AcDbEntity
  8
0
370
    -1
100
AcDbText
 10
-0.0471178393715333
 20
0.0159473176265146
 30
0.0
 40
0.0055
  1
比例尺
 41
0.7
  7
HDM_FONT
100
AcDbText
  0
TEXT
  5
17068
330
17057
100
AcDbEntity
  8
0
370
    -1
100
AcDbText
 10
-0.0476944242618591
 20
0.0243914842129644
 30
0.0
 40
0.0055
  1
工程编号
 41
0.7
  7
HDM_FONT
100
AcDbText
  0
TEXT
  5
17069
330
17057
100
AcDbEntity
  8
0
370
    -1
100
AcDbText
 10
-0.0484632042203392
 20
0.0000185487428045
 30
0.0
 40
0.0055
  1
日  期
 41
0.7
  7
HDM_FONT
100
AcDbText
  0
TEXT
  5
1706A
330
17057
100
AcDbEntity
  8
0
370
    -1
100
AcDbText
 10
-0.0377002857440288
 20
0.0084627153292543
 30
0.0
 40
0.0035
  1
总页数
 41
0.7
  7
HDM_FONT
100
AcDbText
  0
TEXT
  5
1706B
330
17057
100
AcDbEntity
  8
0
370
    -1
100
AcDbText
 10
-0.0492179611753447
 20
0.0104666107211189
 30
0.0
 40
0.0038
  1
页号
 41
0.7
  7
HDM_FONT
100
AcDbText
  0
LINE
  5
1706C
330
17057
100
AcDbEntity
  8
0
370
    -1
100
AcDbLine
 10
-0.0299443816608172
 20
0.0157330585163091
 30
0.0
 11
-0.0499443816608167
 21
0.0077330585163091
 31
0.0
  0
LINE
  5
1706D
330
17057
100
AcDbEntity
  8
0
370
    -1
100
AcDbLine
 10
-0.0499443816608167
 20
0.0317330585163091
 30
0.0
 11
-0.0499443816608167
 21
-0.0002669414836909
 31
0.0
  0
LINE
  5
1706E
330
17057
100
AcDbEntity
  8
0
370
    -1
100
AcDbLine
 10
-0.0299443816608172
 20
0.0317330585163091
 30
0.0
 11
-0.0299443816608172
 21
-0.0002669414836909
 31
0.0
  0
ENDBLK
  5
17070
330
17057
100
AcDbEntity
  8
0
370
    -1
100
AcDbBlockEnd
  0
BLOCK
  5
19C43
330
19C2D
100
AcDbEntity
  8
0
370
    -1
100
AcDbBlockBegin
  2
_LV1
 70
     0
 10
0.0
 20
0.0
 30
0.0
  3
_LV1
  1

  0
LINE
  5
19C2E
330
19C2D
100
AcDbEntity
  8
0
370
    -1
100
AcDbLine
 10
0.1943919990808354
 20
-29.04251684841438
 30
0.0
 11
-89.80560800091916
 21
-29.04251684841438
 31
0.0
  0
ARC
  5
19C2F
330
19C2D
100
AcDbEntity
  8
0
370
    -1
100
AcDbCircle
 10
0.0
 20
-452.057859517121
 30
0.0
 40
353.9214551292134
100
AcDbArc
 50
46.75809052205498
 51
133.1543434523292
  0
ARC
  5
19C30
330
19C2D
100
AcDbEntity
  8
0
370
    -1
100
AcDbCircle
 10
0.0
 20
1599.580899714623
 30
0.0
 40
1996.714717571632
100
AcDbArc
 50
263.4984076411318
 51
276.5122287579373
  0
LINE
  5
19C31
330
19C2D
100
AcDbEntity
  8
0
370
    -1
100
AcDbLine
 10
-280.0
 20
0.0
 30
0.0
 11
280.0
 21
0.0
 31
0.0
  0
LINE
  5
19C32
330
19C2D
100
AcDbEntity
  8
0
370
    -1
100
AcDbLine
 10
-280.0
 20
-29.04251684841438
 30
0.0
 11
280.0
 21
-29.04251684841438
 31
0.0
  0
LINE
  5
19C33
330
19C2D
100
AcDbEntity
  8
0
370
    -1
100
AcDbLine
 10
-89.80560800091916
 20
-29.04251684841438
 30
0.0
 11
90.19439199908084
 21
-29.04251684841438
 31
0.0
  0
ARC
  5
19C34
330
19C2D
100
AcDbEntity
  8
0
370
    -1
100
AcDbCircle
 10
0.0
 20
1599.580899714623
 30
0.0
 40
2028.993689615085
100
AcDbArc
 50
263.480978892599
 51
276.519021107401
  0
ARC
  5
19C35
330
19C2D
100
AcDbEntity
  8
0
370
    -1
100
AcDbCircle
 10
-224.0
 20
-360.6558460028173
 30
0.0
 40
56.0
100
AcDbArc
 50
180.0
 51
263.4809788925995
  0
CIRCLE
  5
19C36
330
19C2D
100
AcDbEntity
  8
0
370
    -1
100
AcDbCircle
 10
-138.9170528079521
 20
-69.07252716067887
 30
0.0
 40
15.0
  0
ARC
  5
19C37
330
19C2D
100
AcDbEntity
  8
0
370
    -1
100
AcDbCircle
 10
-222.9191955562237
 20
-214.2936335156264
 30
0.0
 40
28.0
100
AcDbArc
 50
133.1543434523291
 51
180.0
  0
ARC
  5
19C38
330
19C2D
100
AcDbEntity
  8
0
370
    -1
100
AcDbCircle
 10
-222.9191955562237
 20
-356.4724409271148
 30
0.0
 40
28.0
100
AcDbArc
 50
180.0
 51
263.4984076411345
  0
LINE
  5
19C39
330
19C2D
100
AcDbEntity
  8
0
370
    -1
100
AcDbLine
 10
-250.9191955562237
 20
-356.4724409271148
 30
0.0
 11
-250.9191955562237
 21
-214.2936335156264
 31
0.0
  0
LINE
  5
19C3A
330
19C2D
100
AcDbEntity
  8
0
370
    -1
100
AcDbLine
 10
-280.0
 20
0.0
 30
0.0
 11
-280.0
 21
-360.6558460028173
 31
0.0
  0
ARC
  5
19C3B
330
19C2D
100
AcDbEntity
  8
0
370
    -1
100
AcDbCircle
 10
223.2823138156709
 20
-356.4310244617736
 30
0.0
 40
28.0
100
AcDbArc
 50
276.5122287579355
 51
0.0
  0
ARC
  5
19C3C
330
19C2D
100
AcDbEntity
  8
0
370
    -1
100
AcDbCircle
 10
224.0
 20
-360.6558460028173
 30
0.0
 40
56.0
100
AcDbArc
 50
276.5190211074005
 51
0.0
  0
CIRCLE
  5
19C3D
330
19C2D
100
AcDbEntity
  8
0
370
    -1
100
AcDbCircle
 10
138.9170528079521
 20
-69.07252716067887
 30
0.0
 40
15.0
  0
CIRCLE
  5
19C3E
330
19C2D
100
AcDbEntity
  8
0
370
    -1
100
AcDbCircle
 10
0.0353206582767598
 20
-56.72172291942843
 30
0.0
 40
8.0
  0
CIRCLE
  5
19C3F
330
19C2D
100
AcDbEntity
  8
0
370
    -1
100
AcDbCircle
 10
0.913032683009078
 20
-181.5517702500765
 30
0.0
 40
24.90291299648509
  0
ARC
  5
19C40
330
19C2D
100
AcDbEntity
  8
0
370
    -1
100
AcDbCircle
 10
223.2823138156709
 20
-214.6346019144912
 30
0.0
 40
28.0
100
AcDbArc
 50
0.0
 51
46.75809052205665
  0
LINE
  5
19C41
330
19C2D
100
AcDbEntity
  8
0
370
    -1
100
AcDbLine
 10
251.2823138156709
 20
-356.4310244617736
 30
0.0
 11
251.2823138156709
 21
-214.6346019144912
 31
0.0
  0
LINE
  5
19C42
330
19C2D
100
AcDbEntity
  8
0
370
    -1
100
AcDbLine
 10
280.0
 20
0.0
 30
0.0
 11
280.0
 21
-360.6558460028173
 31
0.0
  0
ENDBLK
  5
19C44
330
19C2D
100
AcDbEntity
  8
0
370
    -1
100
AcDbBlockEnd
  0
BLOCK
  5
19C66
330
19C5E
100
AcDbEntity
  8
0
370
    -1
100
AcDbBlockBegin
  2
_LV12
 70
     0
 10
0.0
 20
0.0
 30
0.0
  3
_LV12
  1

  0
LWPOLYLINE
  5
19C5F
330
19C5E
100
AcDbEntity
  8
0
370
    -1
100
AcDbPolyline
 90
        4
 70
     1
 43
0.0
 10
300.0
 20
-500.0
 10
300.0
 20
0.0
 10
-300.0
 20
0.0
 10
-300.0
 20
-500.0
  0
LINE
  5
19C60
330
19C5E
100
AcDbEntity
  8
0
370
    -1
100
AcDbLine
 10
-250.0
 20
-450.0
 30
0.0
 11
-39.04344047215272
 21
-281.2347523777207
 31
0.0
  0
LINE
  5
19C61
330
19C5E
100
AcDbEntity
  8
0
370
    -1
100
AcDbLine
 10
39.04344047215272
 20
-281.2347523777244
 30
0.0
 11
250.0
 21
-450.0
 31
0.0
  0
LWPOLYLINE
  5
19C62
330
19C5E
100
AcDbEntity
  8
0
370
    -1
100
AcDbPolyline
 90
        4
 70
     1
 43
0.0
 10
250.0
 20
-450.0
 10
250.0
 20
-50.0
 10
-250.0
 20
-50.0
 10
-250.0
 20
-450.0
  0
LINE
  5
19C63
330
19C5E
100
AcDbEntity
  8
0
370
    -1
100
AcDbLine
 10
39.04344047215272
 20
-218.7652476222793
 30
0.0
 11
250.0
 21
-50.0
 31
0.0
  0
CIRCLE
  5
19C64
330
19C5E
100
AcDbEntity
  8
0
370
    -1
100
AcDbCircle
 10
0.0
 20
-250.0
 30
0.0
 40
50.0
  0
LINE
  5
19C65
330
19C5E
100
AcDbEntity
  8
0
370
    -1
100
AcDbLine
 10
-250.0
 20
-50.0
 30
0.0
 11
-39.04344047215272
 21
-218.7652476222793
 31
0.0
  0
ENDBLK
  5
19C67
330
19C5E
100
AcDbEntity
  8
0
370
    -1
100
AcDbBlockEnd
  0
BLOCK
  5
19CF6
330
19CDA
100
AcDbEntity
  8
0
370
    -1
100
AcDbBlockBegin
  2
_LV5
 70
     0
 10
0.0
 20
0.0
 30
0.0
  3
_LV5
  1

  0
LINE
  5
19CDB
330
19CDA
100
AcDbEntity
  8
0
370
    -1
100
AcDbLine
 10
210.1054931734943
 20
0.0
 30
0.0
 11
-210.1054931734943
 21
0.0
 31
0.0
  0
LINE
  5
19CDC
330
19CDA
100
AcDbEntity
  8
0
370
    -1
100
AcDbLine
 10
160.1054931734943
 20
-230.0
 30
0.0
 11
-160.1054931734943
 21
-230.0
 31
0.0
  0
ARC
  5
19CDD
330
19CDA
100
AcDbEntity
  8
0
370
    -1
100
AcDbCircle
 10
-52.01729763838375
 20
-486.0482249903871
 30
0.0
 40
234.5991198196666
100
AcDbArc
 50
321.2863481938849
 51
341.6333324693733
  0
ARC
  5
19CDE
330
19CDA
100
AcDbEntity
  8
0
370
    -1
100
AcDbCircle
 10
-52.01729763837648
 20
-452.8017149448096
 30
0.0
 40
234.5991198196584
100
AcDbArc
 50
18.36666753062463
 51
38.71365180611546
  0
ARC
  5
19CDF
330
19CDA
100
AcDbEntity
  8
0
370
    -1
100
AcDbCircle
 10
-151.4391273669935
 20
-254.3338738154052
 30
0.0
 40
50.0
100
AcDbArc
 50
314.8143667998303
 51
0.0
  0
ARC
  5
19CE0
330
19CDA
100
AcDbEntity
  8
0
370
    -1
100
AcDbCircle
 10
20.39944533625021
 20
-511.5603869757033
 30
0.0
 40
193.8076332211497
100
AcDbArc
 50
218.7136518061152
 51
242.6714062014173
  0
LWPOLYLINE
  5
19CE1
330
19CDA
100
AcDbEntity
  8
0
370
    -1
100
AcDbPolyline
 90
       16
 70
     1
 43
0.0
 10
-135.0582536565707
 20
-469.4249699676002
 42
0.0803117094833625
 10
-122.967261319438
 20
-544.2148472367153
 42
0.08901445990467
 10
-91.81097737668097
 20
-601.5017923864216
 42
0.1049178713614316
 10
-45.62162768385679
 20
-639.3173957460349
 42
0.1198118932522857
 10
0.1054931734943239
 20
-650.4342832870025
 42
0.119811893252311
 10
45.83261403085999
 20
-639.3173957460313
 42
0.1049178713614178
 10
92.02196372366961
 20
-601.5017923864143
 42
0.0890144599046166
 10
123.1782476664121
 20
-544.214847236748
 42
0.0803117094834029
 10
135.2692400035594
 20
-469.4249699676002
 42
0.0803117094834239
 10
123.1782476664048
 20
-394.6350926984378
 42
0.0890144599046118
 10
92.02196372366234
 20
-337.3481475487788
 42
0.1049178713613801
 10
45.83261403086726
 20
-299.5325441891764
 42
0.1198118932523297
 10
0.1054931734943239
 20
-288.4156566481979
 42
0.1198118932524503
 10
-45.62162768392955
 20
-299.5325441891982
 42
0.10491787136127
 10
-91.81097737668097
 20
-337.3481475487824
 42
0.0890144599045389
 10
-122.9672613194016
 20
-394.6350926983869
 42
0.0803117094834885
  0
ARC
  5
19CE2
330
19CDA
100
AcDbEntity
  8
0
370
    -1
100
AcDbCircle
 10
102.296864830947
 20
-469.4249699676002
 30
0.0
 40
287.3551184875178
100
AcDbArc
 50
161.6333324693716
 51
180.0
  0
ARC
  5
19CE3
330
19CDA
100
AcDbEntity
  8
0
370
    -1
100
AcDbCircle
 10
52.22828398537968
 20
-486.0482249903798
 30
0.0
 40
234.5991198196768
100
AcDbArc
 50
198.3666675306269
 51
218.7136518061154
  0
ARC
  5
19CE4
330
19CDA
100
AcDbEntity
  8
0
370
    -1
100
AcDbCircle
 10
102.2968648309943
 20
-469.4249699676002
 30
0.0
 40
287.3551184875632
100
AcDbArc
 50
180.0
 51
198.3666675306269
  0
ARC
  5
19CE5
330
19CDA
100
AcDbEntity
  8
0
370
    -1
100
AcDbCircle
 10
-160.1054931734943
 20
-180.0
 30
0.0
 40
50.0
100
AcDbArc
 50
180.0
 51
270.0
  0
ARC
  5
19CE6
330
19CDA
100
AcDbEntity
  8
0
370
    -1
100
AcDbCircle
 10
20.39944533628295
 20
-427.2895529595189
 30
0.0
 40
193.8076332211905
100
AcDbArc
 50
134.814366799828
 51
141.2863481938861
  0
ARC
  5
19CE7
330
19CDA
100
AcDbEntity
  8
0
370
    -1
100
AcDbCircle
 10
52.22828398535421
 20
-452.8017149447987
 30
0.0
 40
234.5991198196419
100
AcDbArc
 50
141.2863481938846
 51
161.6333324693777
  0
LINE
  5
19CE8
330
19CDA
100
AcDbEntity
  8
0
370
    -1
100
AcDbLine
 10
-210.1054931734943
 20
0.0
 30
0.0
 11
-210.1054931734943
 21
-180.0
 31
0.0
  0
ARC
  5
19CE9
330
19CDA
100
AcDbEntity
  8
0
370
    -1
100
AcDbCircle
 10
0.1054931734943239
 20
-550.8311001864968
 30
0.0
 40
149.6031831005057
100
AcDbArc
 50
270.0
 51
297.3285937985816
  0
ARC
  5
19CEA
330
19CDA
100
AcDbEntity
  8
0
370
    -1
100
AcDbCircle
 10
0.1054931734943239
 20
-550.8311001865004
 30
0.0
 40
149.6031831005019
100
AcDbArc
 50
242.6714062014153
 51
270.0
  0
ARC
  5
19CEB
330
19CDA
100
AcDbEntity
  8
0
370
    -1
100
AcDbCircle
 10
-20.18845898926884
 20
-511.560386975696
 30
0.0
 40
193.8076332211601
100
AcDbArc
 50
297.3285937985818
 51
321.2863481938845
  0
LWPOLYLINE
  5
19CEC
330
19CDA
100
AcDbEntity
  8
0
370
    -1
100
AcDbPolyline
 90
       11
 70
     0
 43
0.0
 10
-38.73696547592772
 20
-318.4922320687292
 42
0.0735672815522605
 10
-35.63624609799081
 20
-339.4522143478898
 42
0.0844544484723292
 10
-27.39117097061899
 20
-356.0001849442597
 42
0.1064202510399851
 10
-14.14890858345825
 20
-367.803209718375
 42
0.1297085278626189
 10
0.0
 20
-371.5364877221546
 42
0.1297085278625706
 10
14.14890858346553
 20
-367.803209718375
 42
0.1064202510398816
 10
27.39117097061899
 20
-356.0001849442597
 42
0.0844544484723292
 10
35.63624609799081
 20
-339.4522143478898
 42
0.0735672815522605
 10
38.73696547592772
 20
-318.4922320687292
 42
0.0735672815522605
 10
35.63624609799081
 20
-297.5322497895686
 42
0.014015649224975
 10
34.65920420686962
 20
-294.6013085376144
 42
0.1064202510399935
  0
LWPOLYLINE
  5
19CED
330
19CDA
100
AcDbEntity
  8
0
370
    -1
100
AcDbPolyline
 90
        3
 70
     0
 43
0.0
 10
-34.69216324897207
 20
-294.6919026337564
 42
0.0135783146894603
 10
-35.63624609799081
 20
-297.5322497895686
 42
0.0735672815522605
 10
-38.73696547592772
 20
-318.4922320687292
 42
0.0735672815522605
  0
LINE
  5
19CEE
330
19CDA
100
AcDbEntity
  8
0
370
    -1
100
AcDbLine
 10
-101.4391273669935
 20
-230.0
 30
0.0
 11
-101.4391273669935
 21
-254.3338738154052
 31
0.0
  0
LINE
  5
19CEF
330
19CDA
100
AcDbEntity
  8
0
370
    -1
100
AcDbLine
 10
101.4391273669935
 20
-230.0
 30
0.0
 11
101.4391273669935
 21
-254.1245056248408
 31
0.0
  0
ARC
  5
19CF0
330
19CDA
100
AcDbEntity
  8
0
370
    -1
100
AcDbCircle
 10
-20.18845898926884
 20
-427.2895529595007
 30
0.0
 40
193.8076332211605
100
AcDbArc
 50
38.71365180611402
 51
45.25548527660561
  0
ARC
  5
19CF1
330
19CDA
100
AcDbEntity
  8
0
370
    -1
100
AcDbCircle
 10
151.4391273669935
 20
-254.1245056248408
 30
0.0
 40
50.0
100
AcDbArc
 50
180.0
 51
225.255485276604
  0
ARC
  5
19CF2
330
19CDA
100
AcDbEntity
  8
0
370
    -1
100
AcDbCircle
 10
-102.0858784839802
 20
-469.4249699676002
 30
0.0
 40
287.3551184875396
100
AcDbArc
 50
0.0
 51
18.36666753062767
  0
ARC
  5
19CF3
330
19CDA
100
AcDbEntity
  8
0
370
    -1
100
AcDbCircle
 10
-102.0858784839911
 20
-469.4249699676002
 30
0.0
 40
287.3551184875523
100
AcDbArc
 50
341.6333324693716
 51
0.0
  0
ARC
  5
19CF4
330
19CDA
100
AcDbEntity
  8
0
370
    -1
100
AcDbCircle
 10
160.1054931734943
 20
-180.0
 30
0.0
 40
50.0
100
AcDbArc
 50
270.0
 51
0.0
  0
LINE
  5
19CF5
330
19CDA
100
AcDbEntity
  8
0
370
    -1
100
AcDbLine
 10
210.1054931734943
 20
-180.0
 30
0.0
 11
210.1054931734943
 21
0.0
 31
0.0
  0
ENDBLK
  5
19CF7
330
19CDA
100
AcDbEntity
  8
0
370
    -1
100
AcDbBlockEnd
  0
BLOCK
  5
19D19
330
19D09
100
AcDbEntity
  8
0
370
    -1
100
AcDbBlockBegin
  2
_LV7
 70
     0
 10
0.0
 20
0.0
 30
0.0
  3
_LV7
  1

  0
LINE
  5
19D0A
330
19D09
100
AcDbEntity
  8
0
370
    -1
100
AcDbLine
 10
170.0
 20
-61.14835534217127
 30
0.0
 11
170.0
 21
0.0
 31
0.0
  0
LINE
  5
19D0B
330
19D09
100
AcDbEntity
  8
0
370
    -1
100
AcDbLine
 10
-170.0000000000036
 20
-61.14835470659455
 30
0.0
 11
-170.0000000000036
 21
0.0
 31
0.0
  0
LINE
  5
19D0C
330
19D09
100
AcDbEntity
  8
0
370
    -1
100
AcDbLine
 10
43.301270463322
 20
-215.5818162915166
 30
0.0
 11
124.1736290448607
 21
-91.45901678448718
 31
0.0
  0
LINE
  5
19D0D
330
19D09
100
AcDbEntity
  8
0
370
    -1
100
AcDbLine
 10
69.28203258278882
 20
-230.5818162812357
 30
0.0
 11
161.8924622535633
 21
-88.4434392646217
 31
0.0
  0
LINE
  5
19D0E
330
19D09
100
AcDbEntity
  8
0
370
    -1
100
AcDbLine
 10
-115.7951361627565
 20
-76.0
 30
0.0
 11
115.7951365941481
 21
-76.0
 31
0.0
  0
LINE
  5
19D0F
330
19D09
100
AcDbEntity
  8
0
370
    -1
100
AcDbLine
 10
-124.1736286101113
 20
-91.45901678963855
 30
0.0
 11
-43.30126991270299
 21
-215.5818163076256
 31
0.0
  0
ARC
  5
19D10
330
19D09
100
AcDbEntity
  8
0
370
    -1
100
AcDbCircle
 10
0.0000002706583473
 20
-190.5818162974756
 30
0.0
 40
80.00000000000118
100
AcDbArc
 50
210.0000000134299
 51
330.00000001343
  0
LINE
  5
19D11
330
19D09
100
AcDbEntity
  8
0
370
    -1
100
AcDbLine
 10
-161.8924622367449
 20
-88.44343865486735
 30
0.0
 11
-69.28203202272198
 21
-230.5818163137155
 31
0.0
  0
ARC
  5
19D12
330
19D09
100
AcDbEntity
  8
0
370
    -1
100
AcDbCircle
 10
-120.0000000000036
 20
-61.14835470659455
 30
0.0
 40
50.0
100
AcDbArc
 50
180.0
 51
213.0863027745452
  0
ARC
  5
19D13
330
19D09
100
AcDbEntity
  8
0
370
    -1
100
AcDbCircle
 10
-115.7951361627565
 20
-86.0
 30
0.0
 40
10.0
100
AcDbArc
 50
90.0
 51
213.0863027744647
  0
CIRCLE
  5
19D14
330
19D09
100
AcDbEntity
  8
0
370
    -1
100
AcDbCircle
 10
0.0
 20
-38.0
 30
0.0
 40
17.66628609890358
  0
ARC
  5
19D15
330
19D09
100
AcDbEntity
  8
0
370
    -1
100
AcDbCircle
 10
0.0000002706583473
 20
-190.5818163002696
 30
0.0
 40
49.99999999860439
100
AcDbArc
 50
210.0000000106615
 51
330.0000000106566
  0
ARC
  5
19D16
330
19D09
100
AcDbEntity
  8
0
370
    -1
100
AcDbCircle
 10
120.0
 20
-61.14835534217127
 30
0.0
 40
50.0
100
AcDbArc
 50
326.9136972607685
 51
0.0
  0
ARC
  5
19D17
330
19D09
100
AcDbEntity
  8
0
370
    -1
100
AcDbCircle
 10
115.7951365941481
 20
-86.0
 30
0.0
 40
10.0
100
AcDbArc
 50
326.9136972607693
 51
89.99999999999962
  0
LINE
  5
19D18
330
19D09
100
AcDbEntity
  8
0
370
    -1
100
AcDbLine
 10
-170.0
 20
0.0
 30
0.0
 11
170.0
 21
0.0
 31
0.0
  0
ENDBLK
  5
19D1A
330
19D09
100
AcDbEntity
  8
0
370
    -1
100
AcDbBlockEnd
  0
BLOCK
  5
21803
330
217FD
100
AcDbEntity
  8
0
370
    -1
100
AcDbBlockBegin
  2
_GCBLK
 70
     2
 10
0.0
 20
0.0
 30
0.0
  3
_GCBLK
  1

  0
ATTDEF
  5
217FE
330
217FD
100
AcDbEntity
  8
WINDOW_TEXT
370
    -1
100
AcDbText
 10
0.0
 20
1.5
 30
0.0
 40
1.0
  1

  7
SIMPLEX
 72
     4
 11
0.0
 21
1.5
 31
0.0
100
AcDbAttributeDefinition
  3

  2
A
 70
     9
280
     0
 71
     1
 72
     0
 11
0.0
 21
1.5
 31
0.0
  0
LINE
  5
217FF
330
217FD
100
AcDbEntity
  8
0
  6
DASH
370
    -1
100
AcDbLine
 10
0.5
 20
-0.5
 30
0.0
 11
0.5
 21
0.5
 31
0.0
  0
LINE
  5
21800
330
217FD
100
AcDbEntity
  8
0
  6
DASH
370
    -1
100
AcDbLine
 10
-0.5
 20
-0.5
 30
0.0
 11
-0.5
 21
0.5
 31
0.0
  0
LINE
  5
21801
330
217FD
100
AcDbEntity
  8
0
  6
DASH
370
    -1
100
AcDbLine
 10
-0.5
 20
0.2
 30
0.0
 11
0.5
 21
0.2
 31
0.0
  0
LINE
  5
21802
330
217FD
100
AcDbEntity
  8
0
  6
DASH
370
    -1
100
AcDbLine
 10
-0.4999999999999999
 20
-0.2
 30
0.0
 11
0.5
 21
-0.2
 31
0.0
  0
ENDBLK
  5
21804
330
217FD
100
AcDbEntity
  8
0
370
    -1
100
AcDbBlockEnd
  0
BLOCK
  5
3AEA2
330
3AE6A
100
AcDbEntity
  8
0
370
    -1
100
AcDbBlockBegin
  2
1CC
 70
     0
 10
0.0
 20
0.0
 30
0.0
  3
1CC
  1

  0
LINE
  5
3AE6B
330
3AE6A
100
AcDbEntity
  8
Wall
370
    -1
100
AcDbLine
 10
0.0
 20
0.0
 30
0.0
 11
0.0
 21
-1650.0
 31
0.0
  0
LINE
  5
3AE6C
330
3AE6A
100
AcDbEntity
  8
看线
370
    -1
100
AcDbLine
 10
-3250.0
 20
-0.0000000000001137
 30
0.0
 11
-1500.0
 21
0.0
 31
0.0
  0
LINE
  5
3AE6D
330
3AE6A
100
AcDbEntity
  8
Wall
370
    -1
100
AcDbLine
 10
-233.9999999999998
 20
-332.0
 30
0.0
 11
-234.0
 21
-1364.0
 31
0.0
  0
LINE
  5
3AE6E
330
3AE6A
100
AcDbEntity
  8
Wall
370
    -1
100
AcDbLine
 10
-1260.0
 20
-331.9999999999999
 30
0.0
 11
-1260.0
 21
-1364.0
 31
0.0
  0
LINE
  5
3AE6F
330
3AE6A
100
AcDbEntity
  8
Wall
370
    -1
100
AcDbLine
 10
-1168.0
 20
-239.9999999999999
 30
0.0
 11
-325.9999999999998
 21
-240.0
 31
0.0
  0
ARC
  5
3AE70
330
3AE6A
100
AcDbEntity
  8
Wall
370
    -1
100
AcDbCircle
 10
-325.9999999999998
 20
-332.0
 30
0.0
 40
92.0
100
AcDbArc
 50
0.0
 51
90.0
  0
ARC
  5
3AE71
330
3AE6A
100
AcDbEntity
  8
Wall
370
    -1
100
AcDbCircle
 10
-1168.0
 20
-331.9999999999999
 30
0.0
 40
92.0
100
AcDbArc
 50
90.0
 51
180.0
  0
LINE
  5
3AE72
330
3AE6A
100
AcDbEntity
  8
Wall
370
    -1
100
AcDbLine
 10
-1408.0
 20
-1650.0
 30
0.0
 11
1408.0
 21
-1650.0
 31
0.0
  0
LINE
  5
3AE73
330
3AE6A
100
AcDbEntity
  8
Wall
370
    -1
100
AcDbLine
 10
-1168.0
 20
-1456.0
 30
0.0
 11
-326.0
 21
-1456.0
 31
0.0
  0
ARC
  5
3AE74
330
3AE6A
100
AcDbEntity
  8
Wall
370
    -1
100
AcDbCircle
 10
-1168.0
 20
-1364.0
 30
0.0
 40
92.0
100
AcDbArc
 50
180.0
 51
270.0
  0
ARC
  5
3AE75
330
3AE6A
100
AcDbEntity
  8
Wall
370
    -1
100
AcDbCircle
 10
-326.0
 20
-1364.0
 30
0.0
 40
92.0
100
AcDbArc
 50
270.0
 51
0.0
  0
ARC
  5
3AE76
330
3AE6A
100
AcDbEntity
  8
看线
370
    -1
100
AcDbCircle
 10
-1658.0
 20
-1231.106804384198
 30
0.0
 40
50.0
100
AcDbArc
 50
234.5140559806987
 51
0.0
  0
ARC
  5
3AE77
330
3AE6A
100
AcDbEntity
  8
看线
370
    -1
100
AcDbCircle
 10
-3090.0
 20
-220.0259757932211
 30
0.0
 40
42.0
100
AcDbArc
 50
180.0000000000003
 51
234.5140559806985
  0
ARC
  5
3AE78
330
3AE6A
100
AcDbEntity
  8
看线
370
    -1
100
AcDbCircle
 10
-3040.0
 20
-211.9999999999982
 30
0.0
 40
92.0
100
AcDbArc
 50
89.99999999999999
 51
180.0
  0
LINE
  5
3AE79
330
3AE6A
100
AcDbEntity
  8
看线
370
    -1
100
AcDbLine
 10
-1687.025160843052
 20
-1271.819702070741
 30
0.0
 11
-3114.381135108163
 21
-254.2248098499177
 31
0.0
  0
LINE
  5
3AE7A
330
3AE6A
100
AcDbEntity
  8
看线
370
    -1
100
AcDbLine
 10
-3132.0
 20
-211.9999999999982
 30
0.0
 11
-3132.0
 21
-220.0259757932213
 31
0.0
  0
LINE
  5
3AE7B
330
3AE6A
100
AcDbEntity
  8
看线
370
    -1
100
AcDbLine
 10
-1725.414955732807
 20
-1386.91173174324
 30
0.0
 11
-3211.406295951216
 21
-327.5143389735995
 31
0.0
  0
LINE
  5
3AE7C
330
3AE6A
100
AcDbEntity
  8
看线
370
    -1
100
AcDbLine
 10
-3249.999999999999
 20
-0.0000000000001137
 30
0.0
 11
-3250.000000000001
 21
-252.602607230359
 31
0.0
  0
ARC
  5
3AE7D
330
3AE6A
100
AcDbEntity
  8
看线
370
    -1
100
AcDbCircle
 10
-1699.999999999999
 20
-211.999999999999
 30
0.0
 40
92.0
100
AcDbArc
 50
0.0
 51
89.99999999999999
  0
LINE
  5
3AE7E
330
3AE6A
100
AcDbEntity
  8
看线
370
    -1
100
AcDbLine
 10
-1607.999999999999
 20
-211.999999999999
 30
0.0
 11
-1608.0
 21
-1231.106804384198
 31
0.0
  0
LINE
  5
3AE7F
330
3AE6A
100
AcDbEntity
  8
看线
370
    -1
100
AcDbLine
 10
-3040.0
 20
-119.9999999999982
 30
0.0
 11
-1699.999999999999
 21
-119.999999999999
 31
0.0
  0
LINE
  5
3AE80
330
3AE6A
100
AcDbEntity
  8
看线
370
    -1
100
AcDbLine
 10
-1500.0
 20
-1403.999999999999
 30
0.0
 11
-1672.008659781592
 21
-1403.999999999999
 31
0.0
  0
LINE
  5
3AE81
330
3AE6A
100
AcDbEntity
  8
看线
370
    -1
100
AcDbLine
 10
-1500.0
 20
-1395.999999999999
 30
0.0
 11
-1500.0
 21
-1403.999999999999
 31
0.0
  0
LINE
  5
3AE82
330
3AE6A
100
AcDbEntity
  8
Wall
370
    -1
100
AcDbLine
 10
-1500.0
 20
0.0
 30
0.0
 11
-1500.0
 21
-1558.0
 31
0.0
  0
LINE
  5
3AE83
330
3AE6A
100
AcDbEntity
  8
看线
370
    -1
100
AcDbLine
 10
-1500.0
 20
-1395.999999999999
 30
0.0
 11
-1500.0
 21
-1403.999999999999
 31
0.0
  0
ARC
  5
3AE84
330
3AE6A
100
AcDbEntity
  8
Wall
370
    -1
100
AcDbCircle
 10
-1408.0
 20
-1558.0
 30
0.0
 40
92.0
100
AcDbArc
 50
180.0
 51
270.0
  0
ARC
  5
3AE85
330
3AE6A
100
AcDbEntity
  8
看线
370
    -1
100
AcDbCircle
 10
-1672.008659781592
 20
-1311.999999999999
 30
0.0
 40
92.0
100
AcDbArc
 50
234.5140559806985
 51
270.0
  0
ARC
  5
3AE86
330
3AE6A
100
AcDbEntity
  8
看线
370
    -1
100
AcDbCircle
 10
-3158.000000000001
 20
-252.6026072303592
 30
0.0
 40
92.0
100
AcDbArc
 50
179.9999999999998
 51
234.5140559806985
  0
LINE
  5
3AE87
330
3AE6A
100
AcDbEntity
  8
Wall
370
    -1
100
AcDbLine
 10
233.9999999999998
 20
-332.0
 30
0.0
 11
234.0
 21
-1364.0
 31
0.0
  0
LINE
  5
3AE88
330
3AE6A
100
AcDbEntity
  8
Wall
370
    -1
100
AcDbLine
 10
1260.0
 20
-331.9999999999999
 30
0.0
 11
1260.0
 21
-1364.0
 31
0.0
  0
LINE
  5
3AE89
330
3AE6A
100
AcDbEntity
  8
Wall
370
    -1
100
AcDbLine
 10
1168.0
 20
-239.9999999999999
 30
0.0
 11
325.9999999999998
 21
-240.0
 31
0.0
  0
ARC
  5
3AE8A
330
3AE6A
100
AcDbEntity
  8
Wall
370
    -1
100
AcDbCircle
 10
325.9999999999998
 20
-332.0
 30
0.0
 40
92.0
100
AcDbArc
 50
90.0
 51
180.0
  0
ARC
  5
3AE8B
330
3AE6A
100
AcDbEntity
  8
Wall
370
    -1
100
AcDbCircle
 10
1168.0
 20
-331.9999999999999
 30
0.0
 40
92.0
100
AcDbArc
 50
0.000000000000007
 51
90.0
  0
LINE
  5
3AE8C
330
3AE6A
100
AcDbEntity
  8
Wall
370
    -1
100
AcDbLine
 10
1168.0
 20
-1456.0
 30
0.0
 11
326.0
 21
-1456.0
 31
0.0
  0
ARC
  5
3AE8D
330
3AE6A
100
AcDbEntity
  8
Wall
370
    -1
100
AcDbCircle
 10
1168.0
 20
-1364.0
 30
0.0
 40
92.0
100
AcDbArc
 50
270.0
 51
0.000000000000007
  0
ARC
  5
3AE8E
330
3AE6A
100
AcDbEntity
  8
Wall
370
    -1
100
AcDbCircle
 10
326.0
 20
-1364.0
 30
0.0
 40
92.0
100
AcDbArc
 50
180.0
 51
270.0
  0
ARC
  5
3AE8F
330
3AE6A
100
AcDbEntity
  8
看线
370
    -1
100
AcDbCircle
 10
1658.0
 20
-1231.106804384198
 30
0.0
 40
50.0
100
AcDbArc
 50
180.0
 51
305.4859440193014
  0
ARC
  5
3AE90
330
3AE6A
100
AcDbEntity
  8
看线
370
    -1
100
AcDbCircle
 10
3090.0
 20
-220.0259757932211
 30
0.0
 40
42.0
100
AcDbArc
 50
305.4859440193015
 51
359.9999999999997
  0
ARC
  5
3AE91
330
3AE6A
100
AcDbEntity
  8
看线
370
    -1
100
AcDbCircle
 10
3040.0
 20
-211.9999999999982
 30
0.0
 40
92.0
100
AcDbArc
 50
0.0000000000000325
 51
90.00000000000001
  0
LINE
  5
3AE92
330
3AE6A
100
AcDbEntity
  8
看线
370
    -1
100
AcDbLine
 10
1687.025160843052
 20
-1271.819702070741
 30
0.0
 11
3114.381135108163
 21
-254.2248098499177
 31
0.0
  0
LINE
  5
3AE93
330
3AE6A
100
AcDbEntity
  8
看线
370
    -1
100
AcDbLine
 10
3132.0
 20
-211.9999999999982
 30
0.0
 11
3132.0
 21
-220.0259757932213
 31
0.0
  0
LINE
  5
3AE94
330
3AE6A
100
AcDbEntity
  8
看线
370
    -1
100
AcDbLine
 10
1725.414955732807
 20
-1386.91173174324
 30
0.0
 11
3211.406295951216
 21
-327.5143389735995
 31
0.0
  0
LINE
  5
3AE95
330
3AE6A
100
AcDbEntity
  8
看线
370
    -1
100
AcDbLine
 10
3249.999999999999
 20
-0.0000000000001137
 30
0.0
 11
3250.0
 21
-252.602607230359
 31
0.0
  0
ARC
  5
3AE96
330
3AE6A
100
AcDbEntity
  8
看线
370
    -1
100
AcDbCircle
 10
1699.999999999999
 20
-211.999999999999
 30
0.0
 40
92.0
100
AcDbArc
 50
90.00000000000001
 51
180.0
  0
LINE
  5
3AE97
330
3AE6A
100
AcDbEntity
  8
看线
370
    -1
100
AcDbLine
 10
1607.999999999999
 20
-211.999999999999
 30
0.0
 11
1608.0
 21
-1231.106804384198
 31
0.0
  0
LINE
  5
3AE98
330
3AE6A
100
AcDbEntity
  8
看线
370
    -1
100
AcDbLine
 10
3040.0
 20
-119.9999999999982
 30
0.0
 11
1699.999999999999
 21
-119.999999999999
 31
0.0
  0
LINE
  5
3AE99
330
3AE6A
100
AcDbEntity
  8
看线
370
    -1
100
AcDbLine
 10
1500.0
 20
-1403.999999999999
 30
0.0
 11
1672.008659781592
 21
-1403.999999999999
 31
0.0
  0
LINE
  5
3AE9A
330
3AE6A
100
AcDbEntity
  8
看线
370
    -1
100
AcDbLine
 10
1500.0
 20
-1395.999999999999
 30
0.0
 11
1500.0
 21
-1403.999999999999
 31
0.0
  0
LINE
  5
3AE9B
330
3AE6A
100
AcDbEntity
  8
Wall
370
    -1
100
AcDbLine
 10
1500.0
 20
0.0
 30
0.0
 11
1500.0
 21
-1558.0
 31
0.0
  0
LINE
  5
3AE9C
330
3AE6A
100
AcDbEntity
  8
看线
370
    -1
100
AcDbLine
 10
1500.0
 20
-1395.999999999999
 30
0.0
 11
1500.0
 21
-1403.999999999999
 31
0.0
  0
ARC
  5
3AE9D
330
3AE6A
100
AcDbEntity
  8
Wall
370
    -1
100
AcDbCircle
 10
1408.0
 20
-1558.0
 30
0.0
 40
92.0
100
AcDbArc
 50
270.0
 51
0.000000000000007
  0
ARC
  5
3AE9E
330
3AE6A
100
AcDbEntity
  8
看线
370
    -1
100
AcDbCircle
 10
1672.008659781592
 20
-1311.999999999999
 30
0.0
 40
92.0
100
AcDbArc
 50
270.0
 51
305.4859440193015
  0
ARC
  5
3AE9F
330
3AE6A
100
AcDbEntity
  8
看线
370
    -1
100
AcDbCircle
 10
3158.0
 20
-252.6026072303592
 30
0.0
 40
92.0
100
AcDbArc
 50
305.4859440193015
 51
0.0000000000001597
  0
LINE
  5
3AEA0
330
3AE6A
100
AcDbEntity
  8
Wall
370
    -1
100
AcDbLine
 10
-1500.0
 20
0.0
 30
0.0
 11
1500.0
 21
-0.0000000000001137
 31
0.0
  0
LINE
  5
3AEA1
330
3AE6A
100
AcDbEntity
  8
看线
370
    -1
100
AcDbLine
 10
3250.0
 20
-0.0000000000001137
 30
0.0
 11
1500.0
 21
0.0
 31
0.0
  0
ENDBLK
  5
3AEA3
330
3AE6A
100
AcDbEntity
  8
0
370
    -1
100
AcDbBlockEnd
  0
BLOCK
  5
43C82
330
43C81
100
AcDbEntity
  8
0
370
    -1
100
AcDbBlockBegin
  2
_CLOSED
 70
     0
 10
0.0
 20
0.0
 30
0.0
  3
_CLOSED
  1

  0
LINE
  5
43C83
330
43C81
100
AcDbEntity
  8
0
  6
ByBlock
 62
     0
370
    -1
100
AcDbLine
 10
-1.0
 20
0.1666666666666667
 30
0.0
 11
0.0
 21
0.0
 31
0.0
  0
LINE
  5
43C84
330
43C81
100
AcDbEntity
  8
0
  6
ByBlock
 62
     0
370
    -1
100
AcDbLine
 10
0.0
 20
0.0
 30
0.0
 11
-1.0
 21
-0.1666666666666667
 31
0.0
  0
LINE
  5
43C85
330
43C81
100
AcDbEntity
  8
0
  6
ByBlock
 62
     0
370
    -1
100
AcDbLine
 10
-1.0
 20
0.1666666666666667
 30
0.0
 11
-1.0
 21
-0.1666666666666667
 31
0.0
  0
LINE
  5
43C86
330
43C81
100
AcDbEntity
  8
0
  6
ByBlock
 62
     0
370
    -1
100
AcDbLine
 10
0.0
 20
0.0
 30
0.0
 11
-1.0
 21
0.0
 31
0.0
  0
ENDBLK
  5
43C87
330
43C81
100
AcDbEntity
  8
0
370
    -1
100
AcDbBlockEnd
  0
BLOCK
  5
525E2
330
525DF
100
AcDbEntity
  8
0
370
    -1
100
AcDbBlockBegin
  2
M_A1SFU
 70
     0
 10
0.0
 20
0.0
 30
0.0
  3
M_A1SFU
  1

  0
LINE
  5
525E0
330
525DF
100
AcDbEntity
  8
0
370
    -1
100
AcDbLine
 10
-0.4999999999997502
 20
0.0
 30
0.0
 11
0.0000000000000002
 21
-0.8660254037840059
 31
0.0
  0
ARC
  5
525E1
330
525DF
100
AcDbEntity
  8
0
370
    -1
100
AcDbCircle
 10
-0.4999999999997502
 20
0.0
 30
0.0
 40
0.9999999999995004
100
AcDbArc
 50
300.0
 51
0.0
  0
ENDBLK
  5
525E3
330
525DF
100
AcDbEntity
  8
0
370
    -1
100
AcDbBlockEnd
  0
BLOCK
  5
5358F
330
53580
100
AcDbEntity
  8
0
370
    -1
100
AcDbBlockBegin
  2
_LV6
 70
     0
 10
0.0
 20
0.0
 30
0.0
  3
_LV6
  1

  0
LINE
  5
53581
330
53580
100
AcDbEntity
  8
0
370
    -1
100
AcDbLine
 10
109.7834388052433
 20
-769.6564289797607
 30
0.0
 11
109.7834388052433
 21
-340.0
 31
0.0
  0
LINE
  5
53582
330
53580
100
AcDbEntity
  8
0
370
    -1
100
AcDbLine
 10
139.7834388052433
 20
-779.6564289797607
 30
0.0
 11
139.7834388052397
 21
-340.0
 31
0.0
  0
LINE
  5
53583
330
53580
100
AcDbEntity
  8
0
370
    -1
100
AcDbLine
 10
-109.7834388052433
 20
-340.0
 30
0.0
 11
-109.7834388052397
 21
-769.6564289797607
 31
0.0
  0
LINE
  5
53584
330
53580
100
AcDbEntity
  8
0
370
    -1
100
AcDbLine
 10
-139.7834388052397
 20
-340.0
 30
0.0
 11
-139.7834388052361
 21
-779.6564289797607
 31
0.0
  0
ARC
  5
53585
330
53580
100
AcDbEntity
  8
0
370
    -1
100
AcDbCircle
 10
29.78343880524335
 20
-779.6564289797607
 30
0.0
 40
110.0
100
AcDbArc
 50
270.0
 51
0.0
  0
LINE
  5
53586
330
53580
100
AcDbEntity
  8
0
370
    -1
100
AcDbLine
 10
139.7834388052433
 20
-769.6564289797607
 30
0.0
 11
-139.7834388052397
 21
-769.6564289797607
 31
0.0
  0
ARC
  5
53587
330
53580
100
AcDbEntity
  8
0
370
    -1
100
AcDbCircle
 10
-29.78343880523607
 20
-779.6564289797607
 30
0.0
 40
110.0
100
AcDbArc
 50
180.0
 51
270.0
  0
LINE
  5
53588
330
53580
100
AcDbEntity
  8
0
370
    -1
100
AcDbLine
 10
-29.78343880523607
 20
-889.6564289797607
 30
0.0
 11
29.78343880524335
 21
-889.6564289797607
 31
0.0
  0
LINE
  5
53589
330
53580
100
AcDbEntity
  8
0
370
    -1
100
AcDbLine
 10
99.78343880523971
 20
-300.0
 30
0.0
 11
-99.78343880523971
 21
-300.0
 31
0.0
  0
LINE
  5
5358A
330
53580
100
AcDbEntity
  8
0
370
    -1
100
AcDbLine
 10
99.78343880524335
 20
-330.0
 30
0.0
 11
-99.78343880524335
 21
-330.0
 31
0.0
  0
ARC
  5
5358B
330
53580
100
AcDbEntity
  8
0
370
    -1
100
AcDbCircle
 10
-99.78343880524335
 20
-340.0
 30
0.0
 40
10.0
100
AcDbArc
 50
90.0
 51
180.0000000000002
  0
ARC
  5
5358C
330
53580
100
AcDbEntity
  8
0
370
    -1
100
AcDbCircle
 10
-99.78343880523971
 20
-340.0
 30
0.0
 40
40.0
100
AcDbArc
 50
90.0
 51
180.0000000000002
  0
ARC
  5
5358D
330
53580
100
AcDbEntity
  8
0
370
    -1
100
AcDbCircle
 10
99.78343880524335
 20
-340.0
 30
0.0
 40
10.0
100
AcDbArc
 50
0.0
 51
90.0
  0
ARC
  5
5358E
330
53580
100
AcDbEntity
  8
0
370
    -1
100
AcDbCircle
 10
99.78343880523971
 20
-340.0
 30
0.0
 40
40.0
100
AcDbArc
 50
0.0000000000002398
 51
90.0
  0
ENDBLK
  5
53590
330
53580
100
AcDbEntity
  8
0
370
    -1
100
AcDbBlockEnd
  0
BLOCK
  5
AC9C9
330
AC9C8
100
AcDbEntity
  8
0
 62
     7
100
AcDbBlockBegin
  2
fyg
 70
     0
 10
0.0
 20
0.0
 30
0.0
  3
fyg
  1

  0
LWPOLYLINE
  5
AC9CA
330
AC9C8
100
AcDbEntity
  8
0
 62
     1
100
AcDbPolyline
 90
        4
 70
     1
 43
0.0
 10
1103726.068005216
 20
-115516.4757558426
 10
1104310.888005205
 20
-115516.4757558426
 10
1104310.888005205
 20
-116101.2957558434
 10
1103726.068005216
 20
-116101.2957558434
  0
LINE
  5
AC9CB
330
AC9C8
100
AcDbEntity
  8
0
 62
     1
100
AcDbLine
 10
1104079.641455359
 20
-115587.2951524304
 30
0.0
 11
1103911.269566772
 21
-115737.6887942283
 31
0.0
  0
LINE
  5
AC9CC
330
AC9C8
100
AcDbEntity
  8
0
 62
     1
100
AcDbLine
 10
1103911.269566772
 20
-115737.6887942283
 30
0.0
 11
1104100.755641385
 21
-115911.2410717933
 31
0.0
  0
LINE
  5
AC9CD
330
AC9C8
100
AcDbEntity
  8
0
 62
     1
100
AcDbLine
 10
1104100.755641385
 20
-115911.2410717933
 30
0.0
 11
1103927.060224826
 21
-116053.2383434221
 31
0.0
  0
ENDBLK
  5
AC9CE
330
AC9C8
100
AcDbEntity
  8
0
 62
     7
100
AcDbBlockEnd
  0
BLOCK
  5
AC9D0
330
AC9CF
100
AcDbEntity
  8
0
 62
     7
100
AcDbBlockBegin
  2
4100u
 70
     0
 10
0.0
 20
0.0
 30
0.0
  3
4100u
  1

  0
TEXT
  5
AC9D1
330
AC9CF
100
AcDbEntity
  8
fas
 62
     3
100
AcDbText
 10
315061.2135091471
 20
43583.03412310733
 30
0.0
 40
239.9999999999999
  1
4100U
 50
359.1989118184471
 41
0.7
  7
_HZTXT
100
AcDbText
  0
LWPOLYLINE
  5
AC9D2
330
AC9CF
100
AcDbEntity
  8
fas
 62
     1
100
AcDbPolyline
 90
        4
 70
     1
 43
0.0
 10
314946.8239999866
 20
43940.14234576217
 10
315902.6239999873
 20
43940.14234576212
 10
315902.6239999873
 20
43462.24427208514
 10
314946.8239999865
 20
43462.2442720852
  0
ENDBLK
  5
AC9D3
330
AC9CF
100
AcDbEntity
  8
0
 62
     7
100
AcDbBlockEnd
  0
BLOCK
  5
AC9D5
330
AC9D4
100
AcDbEntity
  8
0
 62
     7
100
AcDbBlockBegin
  2
YI
 70
     0
 10
0.0
 20
0.0
 30
0.0
  3
YI
  1

  0
LWPOLYLINE
  5
AC9D6
330
AC9D4
100
AcDbEntity
  8
fas
 62
     6
100
AcDbPolyline
 90
        4
 70
     1
 43
0.0
 10
145306.6914606191
 20
-82955.27174962885
 10
146266.6914606191
 20
-82955.27174962884
 10
146266.691460619
 20
-83675.27174962884
 10
145306.6914606191
 20
-83675.27174962885
  0
LINE
  5
AC9D7
330
AC9D4
100
AcDbEntity
  8
fas
 62
     0
100
AcDbLine
 10
145539.8410635766
 20
-83255.27174962887
 30
0.0
 11
145539.8410635765
 21
-83555.27174962885
 31
0.0
  0
ARC
  5
AC9D8
330
AC9D4
100
AcDbEntity
  8
fas
 62
     0
100
AcDbCircle
 10
145539.8410635766
 20
-83075.27174962887
 30
0.0
 40
180.0
100
AcDbArc
 50
180.0000000002345
 51
0.0000000002344959
  0
CIRCLE
  5
AC9D9
330
AC9D4
100
AcDbEntity
  8
fas
 62
     0
100
AcDbCircle
 10
145839.8410635766
 20
-83435.27174962885
 30
0.0
 40
120.0
  0
CIRCLE
  5
AC9DA
330
AC9D4
100
AcDbEntity
  8
fas
 62
     0
100
AcDbCircle
 10
145839.8410635766
 20
-83435.27174962885
 30
0.0
 40
60.00000000000001
  0
TEXT
  5
AC9DB
330
AC9D4
100
AcDbEntity
  8
fas
 62
     7
100
AcDbText
 10
146016.4432002883
 20
-83613.68594661583
 30
0.0
 40
599.9999999999999
  1
I
 50
0.0000000003908266
 41
0.7
  7
_HZTXT
100
AcDbText
  0
ENDBLK
  5
AC9DC
330
AC9D4
100
AcDbEntity
  8
0
 62
     7
100
AcDbBlockEnd
  0
BLOCK
  5
AC9DE
330
AC9DD
100
AcDbEntity
  8
0
370
    -1
100
AcDbBlockBegin
  2
SXHS
 70
     0
 10
0.0
 20
0.0
 30
0.0
  3
SXHS
  1

  0
LINE
  5
AC9DF
330
AC9DD
100
AcDbEntity
  8
0
370
    -1
100
AcDbLine
 10
800.0000000018626
 20
0.0
 30
0.0
 11
0.0
 21
0.0
 31
0.0
  0
LINE
  5
AC9E0
102
{ACAD_REACTORS
330
AC9E7
102
}
330
AC9DD
100
AcDbEntity
  8
0
370
    -1
100
AcDbLine
 10
0.0
 20
0.0
 30
0.0
 11
0.0000000009313226
 21
320.0
 31
0.0
  0
LINE
  5
AC9E1
330
AC9DD
100
AcDbEntity
  8
0
370
    -1
100
AcDbLine
 10
0.0000000009313226
 20
320.0
 30
0.0
 11
800.0000000009313
 21
320.0
 31
0.0
  0
LINE
  5
AC9E2
102
{ACAD_REACTORS
330
AC9E8
102
}
330
AC9DD
100
AcDbEntity
  8
0
370
    -1
100
AcDbLine
 10
800.0000000009313
 20
320.0
 30
0.0
 11
800.0000000018626
 21
0.0
 31
0.0
  0
LINE
  5
AC9E3
102
{ACAD_REACTORS
330
AC9E7
102
}
330
AC9DD
100
AcDbEntity
  8
0
370
    -1
100
AcDbLine
 10
0.0000000009313226
 20
320.0
 30
0.0
 11
400.0000000009313
 21
160.0000000002328
 31
0.0
  0
LINE
  5
AC9E4
102
{ACAD_REACTORS
330
AC9E7
102
}
330
AC9DD
100
AcDbEntity
  8
0
370
    -1
100
AcDbLine
 10
400.0000000009313
 20
160.0000000002328
 30
0.0
 11
0.0
 21
0.0
 31
0.0
  0
LINE
  5
AC9E5
102
{ACAD_REACTORS
330
AC9E8
102
}
330
AC9DD
100
AcDbEntity
  8
0
370
    -1
100
AcDbLine
 10
400.0000000009313
 20
160.0000000002328
 30
0.0
 11
800.0000000009313
 21
320.0
 31
0.0
  0
LINE
  5
AC9E6
102
{ACAD_REACTORS
330
AC9E8
102
}
330
AC9DD
100
AcDbEntity
  8
0
370
    -1
100
AcDbLine
 10
400.0000000009313
 20
160.0000000002328
 30
0.0
 11
800.0000000018626
 21
0.0
 31
0.0
  0
HATCH
  5
AC9E7
330
AC9DD
100
AcDbEntity
  8
0
370
    -1
100
AcDbHatch
 10
0.0
 20
0.0
 30
0.0
210
0.0
220
0.0
230
1.0
  2
SOLID
 70
     1
 71
     1
 91
        1
 92
        1
 93
        3
 72
     1
 10
0.0000000009313226
 20
320.0
 11
400.0000000009313
 21
160.0000000002328
 72
     1
 10
400.0000000009313
 20
160.0000000002328
 11
0.0
 21
0.0
 72
     1
 10
0.0
 20
0.0
 11
0.0000000009313226
 21
320.0
 97
        3
330
AC9E3
330
AC9E4
330
AC9E0
 75
     0
 76
     1
 98
        1
 10
-6487566.06877405
 20
-1050164.77069848
  0
HATCH
  5
AC9E8
330
AC9DD
100
AcDbEntity
  8
0
370
    -1
100
AcDbHatch
 10
0.0
 20
0.0
 30
0.0
210
0.0
220
0.0
230
1.0
  2
SOLID
 70
     1
 71
     1
 91
        1
 92
        1
 93
        3
 72
     1
 10
400.0000000009313
 20
160.0000000002328
 11
800.0000000009313
 21
320.0
 72
     1
 10
800.0000000009313
 20
320.0
 11
800.0000000018626
 21
0.0
 72
     1
 10
800.0000000018626
 20
0.0
 11
400.0000000009313
 21
160.0000000002328
 97
        3
330
AC9E5
330
AC9E2
330
AC9E6
 75
     0
 76
     1
 98
        1
 10
-6487566.06877405
 20
-1050164.77069848
  0
ENDBLK
  5
AC9E9
330
AC9DD
100
AcDbEntity
  8
0
370
    -1
100
AcDbBlockEnd
  0
BLOCK
  5
AC9EB
330
AC9EA
100
AcDbEntity
  8
0
 62
     7
100
AcDbBlockBegin
  2
fwg
 70
     0
 10
0.0
 20
0.0
 30
0.0
  3
fwg
  1

  0
LWPOLYLINE
  5
AC9EC
330
AC9EA
100
AcDbEntity
  8
0
 62
     1
100
AcDbPolyline
 90
        4
 70
     1
 43
0.0
 10
1103726.068005216
 20
-116421.843496199
 10
1104310.888005205
 20
-116421.843496199
 10
1104310.888005205
 20
-117006.6634961998
 10
1103726.068005216
 20
-117006.6634961998
  0
LINE
  5
AC9ED
330
AC9EA
100
AcDbEntity
  8
0
 62
     1
100
AcDbLine
 10
1104018.279448289
 20
-116503.9431237819
 30
0.0
 11
1104018.279448289
 21
-116770.5743020788
 31
0.0
  0
HATCH
  5
AC9EE
330
AC9EA
100
AcDbEntity
  8
0
 62
     1
100
AcDbHatch
 10
0.0
 20
0.0
 30
0.0
210
0.0
220
0.0
230
1.0
  2
SOLID
 70
     1
 71
     1
 91
        1
 92
        7
 72
     1
 73
     1
 93
        2
 10
1103977.75420434
 20
-116810.8512938885
 42
1.0
 10
1104060.980200887
 20
-116810.8512938885
 42
1.0
 97
        1
330
AC9EF
 75
     0
 76
     1
 47
1.506733070683035
 98
        1
 10
1104013.0620538
 20
-116809.0746284909
1001
ACAD
1010
0.0
1020
0.0
1030
0.0
  0
CIRCLE
  5
AC9EF
102
{ACAD_REACTORS
330
AC9EE
102
}
330
AC9EA
100
AcDbEntity
  8
0
 62
     1
100
AcDbCircle
 10
1104019.367202614
 20
-116810.8512938885
 30
0.0
 40
41.61299827345647
  0
ENDBLK
  5
AC9F0
330
AC9EA
100
AcDbEntity
  8
0
 62
     7
100
AcDbBlockEnd
  0
BLOCK
  5
AC9F2
330
AC9F1
100
AcDbEntity
  8
0
 62
     7
100
AcDbBlockBegin
  2
da
 70
     0
 10
0.0
 20
0.0
 30
0.0
  3
da
  1

  0
CIRCLE
  5
AC9F3
330
AC9F1
100
AcDbEntity
  8
fas烟感
100
AcDbCircle
 10
814554.5776376253
 20
567842.0567852221
 30
0.0
 40
78.3642559256427
  0
HATCH
  5
AC9F4
330
AC9F1
100
AcDbEntity
  8
fas烟感
100
AcDbHatch
 10
0.0
 20
0.0
 30
0.0
210
0.0
220
0.0
230
1.0
  2
SOLID
 70
     1
 71
     0
 91
        1
 92
        7
 72
     1
 73
     1
 93
        2
 10
814632.9418935509
 20
567842.0567852221
 42
1.0
 10
814476.2133816994
 20
567842.0567852221
 42
1.0
 97
        0
 75
     0
 76
     1
 47
0.8022298495798237
 98
        1
 10
814576.4006611955
 20
567832.1451758675
  0
ARC
  5
AC9F5
330
AC9F1
100
AcDbEntity
  8
fas烟感
100
AcDbCircle
 10
814554.5776376541
 20
566989.9204682243
 30
0.0
 40
116.8200715801508
100
AcDbArc
 50
90.0
 51
270.7339746474303
  0
ARC
  5
AC9F6
330
AC9F1
100
AcDbEntity
  8
fas烟感
100
AcDbCircle
 10
814554.5776376253
 20
566989.9204682243
 30
0.0
 40
116.8200715801508
100
AcDbArc
 50
269.2660253525697
 51
89.9999999730631
  0
LWPOLYLINE
  5
AC9F7
330
AC9F1
100
AcDbEntity
  8
fas烟感
 62
     1
100
AcDbPolyline
 90
        4
 70
     1
 43
21.00384
 10
814400.1376376253
 20
567589.9188368375
 10
814709.017637625
 20
567589.9188368375
 10
814709.017637625
 20
566435.590314476
 10
814400.1376376253
 20
566435.590314476
  0
LWPOLYLINE
  5
AC9F8
330
AC9F1
100
AcDbEntity
  8
fas烟感
100
AcDbPolyline
 90
        2
 70
     0
 43
21.00384
 10
814400.1376376253
 20
566806.3627177457
 10
814709.017637625
 20
567168.654714138
  0
LWPOLYLINE
  5
AC9F9
330
AC9F1
100
AcDbEntity
  8
fas烟感
100
AcDbPolyline
 90
        2
 70
     0
 43
21.00384
 10
814709.017637625
 20
566807.7025801248
 10
814400.1376376253
 20
567169.9945765174
  0
LWPOLYLINE
  5
AC9FA
330
AC9F1
100
AcDbEntity
  8
fas烟感
100
AcDbPolyline
 90
        2
 70
     0
 43
21.00384
 10
814554.5776376253
 20
567106.7405398046
 10
814554.5776376253
 20
567763.6925292966
  0
ENDBLK
  5
AC9FB
330
AC9F1
100
AcDbEntity
  8
0
 62
     7
100
AcDbBlockEnd
  0
BLOCK
  5
AC9FD
330
AC9FC
100
AcDbEntity
  8
0
 62
     7
100
AcDbBlockBegin
  2
s
 70
     0
 10
0.0
 20
0.0
 30
0.0
  3
s
  1

  0
LINE
  5
AC9FE
330
AC9FC
100
AcDbEntity
  8
fas
 62
     1
100
AcDbLine
 10
829625.3668720722
 20
115221.3660683185
 30
0.0
 11
830025.3668720722
 21
114421.3660683184
 31
0.0
  0
TEXT
  5
AC9FF
330
AC9FC
100
AcDbEntity
  8
fas
 62
     7
100
AcDbText
 10
829504.1373693682
 20
114534.9786641933
 30
0.0
 40
336.0
  1
S
 41
0.8
  7
_HZTXT
100
AcDbText
  0
LINE
  5
ACA00
330
AC9FC
100
AcDbEntity
  8
fas
 62
     1
100
AcDbLine
 10
829225.3668720722
 20
114421.3660683185
 30
0.0
 11
829625.3668720722
 21
115221.3660683185
 31
0.0
  0
LINE
  5
ACA01
330
AC9FC
100
AcDbEntity
  8
fas
 62
     1
100
AcDbLine
 10
829225.3668720722
 20
114421.3660683185
 30
0.0
 11
830025.3668720722
 21
114421.3660683184
 31
0.0
  0
ENDBLK
  5
ACA02
330
AC9FC
100
AcDbEntity
  8
0
 62
     7
100
AcDbBlockEnd
  0
BLOCK
  5
ACA04
330
ACA03
100
AcDbEntity
  8
0
 62
     7
100
AcDbBlockBegin
  2
f
 70
     0
 10
0.0
 20
0.0
 30
0.0
  3
f
  1

  0
LINE
  5
ACA05
330
ACA03
100
AcDbEntity
  8
fas
 62
     1
100
AcDbLine
 10
829651.3321242891
 20
114203.8771505542
 30
0.0
 11
830051.3321242891
 21
113403.8771505542
 31
0.0
  0
LINE
  5
ACA06
330
ACA03
100
AcDbEntity
  8
fas
 62
     1
100
AcDbLine
 10
829251.3321242891
 20
113403.8771505542
 30
0.0
 11
830051.3321242891
 21
113403.8771505542
 31
0.0
  0
LINE
  5
ACA07
330
ACA03
100
AcDbEntity
  8
fas
 62
     1
100
AcDbLine
 10
829251.3321242891
 20
113403.8771505542
 30
0.0
 11
829651.3321242891
 21
114203.8771505542
 31
0.0
  0
TEXT
  5
ACA08
330
ACA03
100
AcDbEntity
  8
fas
 62
     7
100
AcDbText
 10
829530.1026215851
 20
113517.489746429
 30
0.0
 40
336.0
  1
F
 41
0.8
  7
_HZTXT
100
AcDbText
  0
ENDBLK
  5
ACA09
330
ACA03
100
AcDbEntity
  8
0
 62
     7
100
AcDbBlockEnd
  0
BLOCK
  5
ACA0B
330
ACA0A
100
AcDbEntity
  8
0
 48
2.0
100
AcDbBlockBegin
  2
b
 70
     0
 10
0.0
 20
0.0
 30
0.0
  3
b
  1

  0
LINE
  5
ACA0C
330
ACA0A
100
AcDbEntity
  8
广播
 62
     1
100
AcDbLine
 10
22733.07512586756
 20
14129.38600053033
 30
0.0
 11
23039.98172774923
 21
14129.38600053033
 31
0.0
  0
LINE
  5
ACA0D
330
ACA0A
100
AcDbEntity
  8
广播
 62
     1
100
AcDbLine
 10
22889.3878050868
 20
14411.51132399892
 30
0.0
 11
23185.81001994759
 21
14411.51132399892
 31
0.0
  0
LINE
  5
ACA0E
330
ACA0A
100
AcDbEntity
  8
广播
 62
     1
100
AcDbLine
 10
23185.81001994759
 20
14266.63615789358
 30
0.0
 11
22889.3878050868
 21
14266.63615789358
 31
0.0
  0
LINE
  5
ACA0F
330
ACA0A
100
AcDbEntity
  8
广播
 62
     1
100
AcDbLine
 10
22889.3878050868
 20
14269.49553617183
 30
0.0
 11
22733.07512586756
 21
14129.38600053033
 31
0.0
  0
LINE
  5
ACA10
330
ACA0A
100
AcDbEntity
  8
广播
 62
     1
100
AcDbLine
 10
22889.3878050868
 20
14266.63615789358
 30
0.0
 11
22889.3878050868
 21
14411.51132399892
 31
0.0
  0
LINE
  5
ACA11
330
ACA0A
100
AcDbEntity
  8
广播
 62
     1
100
AcDbLine
 10
23190.57565041143
 20
14269.49553617183
 30
0.0
 11
23346.88832963084
 21
14129.38600053033
 31
0.0
  0
LINE
  5
ACA12
330
ACA0A
100
AcDbEntity
  8
广播
 62
     1
100
AcDbLine
 10
23185.81001994759
 20
14411.51132399892
 30
0.0
 11
23185.81001994759
 21
14266.63615789358
 31
0.0
  0
LINE
  5
ACA13
330
ACA0A
100
AcDbEntity
  8
广播
 62
     1
100
AcDbLine
 10
23346.88832963084
 20
14129.38600053033
 30
0.0
 11
23039.98172774923
 21
14129.38600053033
 31
0.0
  0
LWPOLYLINE
  5
ACA14
330
ACA0A
100
AcDbEntity
  8
AXIS
 62
     1
 48
2.0
100
AcDbPolyline
 90
        5
 70
     0
 43
0.0
 10
22889.3878050868
 20
14411.51132399892
 10
23185.81001994759
 20
14411.51132399892
 10
23190.57565041143
 20
14269.49553617183
 10
22889.3878050868
 20
14269.49553617183
 10
22889.3878050868
 20
14411.51132399892
  0
LWPOLYLINE
  5
ACA15
330
ACA0A
100
AcDbEntity
  8
AXIS
 62
     1
 48
2.0
100
AcDbPolyline
 90
        4
 70
     0
 43
0.0
 10
23185.81001994759
 20
14266.63615789358
 10
23346.88832963084
 20
14129.38600053033
 10
22733.07512586756
 20
14129.38600053033
 10
22889.3878050868
 20
14266.63615789358
  0
ENDBLK
  5
ACA16
330
ACA0A
100
AcDbEntity
  8
0
 48
2.0
100
AcDbBlockEnd
  0
BLOCK
  5
ACA1A
330
ACA17
100
AcDbEntity
  8
0
100
AcDbBlockBegin
  2
手动报警按钮带输入模块
 70
     0
 10
0.0
 20
0.0
 30
0.0
  3
手动报警按钮带输入模块
  1

  0
LINE
  5
ACA1B
330
ACA17
100
AcDbEntity
  8
fas
 62
     7
100
AcDbLine
 10
-119.0209770917427
 20
278.7749999985099
 30
0.0
 11
-119.0209770880174
 21
79.65000000223517
 31
0.0
1001
AcDbBlockRepETag
1070
     1
1071
        0
1005
ACA1B
  0
LWPOLYLINE
  5
ACA1C
330
ACA17
100
AcDbEntity
  8
fas
 62
     6
100
AcDbPolyline
 90
        4
 70
     1
 43
0.0
 10
-318.5999999993946
 20
477.9000000022352
 10
318.6000000035856
 20
477.9000000022352
 10
318.5999999998603
 20
0.0
 10
-318.5999999993946
 20
0.0
1001
AcDbBlockRepETag
1070
     1
1071
        1
1005
ACA1C
  0
CIRCLE
  5
ACA1D
330
ACA17
100
AcDbEntity
  8
fas
 62
     7
100
AcDbCircle
 10
80.10402290825732
 20
159.3000000006286
 30
0.0
 40
39.82499999999999
1001
AcDbBlockRepETag
1070
     1
1071
        2
1005
ACA1D
  0
CIRCLE
  5
ACA1E
330
ACA17
100
AcDbEntity
  8
fas
 62
     7
100
AcDbCircle
 10
80.10402290825732
 20
159.3000000006286
 30
0.0
 40
79.64999999999998
1001
AcDbBlockRepETag
1070
     1
1071
        3
1005
ACA1E
  0
ARC
  5
ACA1F
330
ACA17
100
AcDbEntity
  8
fas
 62
     7
100
AcDbCircle
 10
-119.0209770917427
 20
398.25
 30
0.0
 40
119.475
100
AcDbArc
 50
180.0
 51
0.0
1001
AcDbBlockRepETag
1070
     1
1071
        4
1005
ACA1F
  0
TEXT
  5
ACA20
330
ACA17
100
AcDbEntity
  8
fas
 62
     7
100
AcDbText
 10
190.8358741339762
 20
199.5445087216794
 30
0.0
 40
250.0
  1
I
 41
0.7
  7
_HZTXT
100
AcDbText
1001
AcDbBlockRepETag
1070
     1
1071
        5
1005
ACA20
  0
ENDBLK
  5
ACA21
330
ACA17
100
AcDbEntity
  8
0
100
AcDbBlockEnd
  0
BLOCK
  5
ACA23
330
ACA22
100
AcDbEntity
  8
0
 62
     0
100
AcDbBlockBegin
  2
4100
 70
     0
 10
0.0
 20
0.0
 30
0.0
  3
4100
  1

  0
LINE
  5
ACA24
330
ACA22
100
AcDbEntity
  8
0
 62
     1
100
AcDbLine
 10
1355537.440821974
 20
-790667.378181626
 30
0.0
 11
1355593.969565329
 21
-791264.7093302978
 31
0.0
  0
LINE
  5
ACA25
330
ACA22
100
AcDbEntity
  8
TK
 62
     1
100
AcDbLine
 10
1356617.863537136
 20
-790565.1318170826
 30
0.0
 11
1356674.392280491
 21
-791162.4629657512
 31
0.0
  0
LINE
  5
ACA26
330
ACA22
100
AcDbEntity
  8
0
 62
     1
100
AcDbLine
 10
1355593.969565329
 20
-791264.7093302978
 30
0.0
 11
1356674.392280491
 21
-791162.4629657512
 31
0.0
  0
LINE
  5
ACA27
330
ACA22
100
AcDbEntity
  8
FAS-Loop
 62
     1
100
AcDbLine
 10
1355537.440821974
 20
-790667.378181626
 30
0.0
 11
1356617.863537136
 21
-790565.1318170826
 31
0.0
  0
TEXT
  5
ACA28
330
ACA22
100
AcDbEntity
  8
FAS-Loop
 62
     3
100
AcDbText
 10
1355769.818228444
 20
-791077.4508175912
 30
0.0
 40
240.0
  1
4100U
 50
5.406115357686351
 41
0.7
  7
_HZTXT
100
AcDbText
  0
ENDBLK
  5
ACA29
330
ACA22
100
AcDbEntity
  8
0
 62
     0
100
AcDbBlockEnd
  0
BLOCK
  5
ACA2F
330
ACA2A
100
AcDbEntity
  8
0
 62
     7
100
AcDbBlockBegin
  2
4100u$0$
 70
     0
 10
0.0
 20
0.0
 30
0.0
  3
4100u$0$
  1

  0
INSERT
  5
ACA30
330
ACA2A
100
AcDbEntity
  8
FAS-Loop
 62
     0
100
AcDbBlockReference
  2
4100
 10
-1275015.505490745
 20
915461.8022133023
 30
0.0
 50
354.5938846402385
1001
AcDbBlockRepETag
1070
     1
1071
        0
1005
ACA30
  0
ENDBLK
  5
ACA31
330
ACA2A
100
AcDbEntity
  8
0
 62
     7
100
AcDbBlockEnd
  0
BLOCK
  5
B5C8A
330
B5C75
100
AcDbEntity
  8
0
100
AcDbBlockBegin
  2
A$C5A144916
 70
     0
 10
0.0
 20
0.0
 30
0.0
  3
A$C5A144916
  1

  0
HATCH
  5
B5C76
330
B5C75
100
AcDbEntity
  8
fas1
  6
Continuous
 62
     7
100
AcDbHatch
 10
0.0
 20
0.0
 30
0.0
210
0.0
220
0.0
230
1.0
  2
ANSI31
 70
     0
 71
     1
 91
        1
 92
        1
 93
        1
 72
     2
 10
921.164441514702
 20
544.0439329529181
 40
120.2619688210397
 50
0.0
 51
360.0
 73
     1
 97
        1
330
B5C77
 75
     0
 76
     1
 52
0.0
 41
1.0
 77
     0
 78
     1
 53
45.0
 43
-478173.6514088554
 44
10545.18985999594
 45
-0.0883883476483184
 46
0.0883883476483184
 79
     0
 98
        1
 10
-478173.6514088554
 20
10545.18985999594
1001
ACAD
1010
0.0
1020
0.0
1030
0.0
  0
CIRCLE
  5
B5C77
102
{ACAD_REACTORS
330
B5C76
102
}
330
B5C75
100
AcDbEntity
  8
fas
 62
     7
100
AcDbCircle
 10
921.164441514702
 20
544.0439329529181
 30
0.0
 40
120.2619688210397
  0
LWPOLYLINE
  5
B5C78
330
B5C75
100
AcDbEntity
  8
fas
 62
     7
100
AcDbPolyline
 90
        2
 70
     0
 10
-459.3056430479628
 20
-155.4162080675815
 40
0.0
 41
79.99999999999993
 10
-142.9969482175657
 20
27.83497630438796
 40
79.99999999999993
 41
79.99999999999993
  0
LINE
  5
B5C79
330
B5C75
100
AcDbEntity
  8
fas
 62
     7
100
AcDbLine
 10
278.8102727274527
 20
272.1164321348115
 30
0.0
 11
-459.3056430479628
 21
-155.4162080675815
 31
0.0
  0
LWPOLYLINE
  5
B5C7A
330
B5C75
100
AcDbEntity
  8
fas
 62
     7
100
AcDbPolyline
 90
        2
 70
     0
 10
973.9527255419525
 20
529.4026817873528
 40
0.0
 41
79.99999999999993
 10
1290.26142037235
 20
712.6538661593077
 40
79.99999999999993
 41
79.99999999999993
  0
LINE
  5
B5C7B
330
B5C75
100
AcDbEntity
  8
fas
 62
     7
100
AcDbLine
 10
1712.068641317368
 20
956.9353219897457
 30
0.0
 11
973.9527255419525
 21
529.4026817873528
 31
0.0
  0
HATCH
  5
B5C7C
330
B5C75
100
AcDbEntity
  8
fas1
  6
Continuous
 62
     7
100
AcDbHatch
 10
0.0
 20
0.0
 30
0.0
210
0.0
220
0.0
230
1.0
  2
ANSI31
 70
     0
 71
     1
 91
        1
 92
        1
 93
        1
 72
     2
 10
396.1644415147603
 20
324.5439329529181
 40
120.2619688210397
 50
0.0
 51
360.0
 73
     1
 97
        1
330
B5C7D
 75
     0
 76
     1
 52
0.0
 41
1.0
 77
     0
 78
     1
 53
45.0
 43
-478698.6514088553
 44
10325.68985999594
 45
-0.0883883476483184
 46
0.0883883476483184
 79
     0
 98
        1
 10
-478698.6514088553
 20
10325.68985999594
1001
ACAD
1010
0.0
1020
0.0
1030
0.0
  0
CIRCLE
  5
B5C7D
102
{ACAD_REACTORS
330
B5C7C
102
}
330
B5C75
100
AcDbEntity
  8
fas
 62
     7
100
AcDbCircle
 10
396.1644415147603
 20
324.5439329529181
 30
0.0
 40
120.2619688210397
  0
TEXT
  5
B5C7E
330
B5C75
100
AcDbEntity
  8
fas
 62
     7
100
AcDbText
 10
1658.153853677213
 20
1020.173077175525
 30
0.0000000000019725
 40
250.0
  1
MZ2-DG20
 50
359.9999999729483
 41
0.75
  7
HZ1
100
AcDbText
  0
TEXT
  5
B5C7F
330
B5C75
100
AcDbEntity
  8
fas
 62
     7
100
AcDbText
 10
3152.126987316995
 20
992.3634782861773
 30
-0.0000000000965373
 40
299.9999999999998
  1
站台来
 50
359.9999999729483
 41
0.75
  7
HZ1
100
AcDbText
  0
LINE
  5
B5C80
330
B5C75
100
AcDbEntity
  8
fas
 62
     7
100
AcDbLine
 10
-36.60813804739155
 20
-449.876844950064
 30
0.0
 11
2958.274569855538
 21
-449.8768449500931
 31
0.0
  0
TEXT
  5
B5C81
330
B5C75
100
AcDbEntity
  8
fas
 62
     7
100
AcDbText
 10
12.44786626426503
 20
-372.9412280755496
 30
0.0000000000019725
 40
250.0
  1
(MZ2+PZ2)-DG25
 50
359.9999999729483
 41
0.75
  7
HZ1
100
AcDbText
  0
TEXT
  5
B5C82
330
B5C75
100
AcDbEntity
  8
fas
 62
     7
100
AcDbText
 10
2238.184084325098
 20
-774.8350992198539
 30
0.0000000000019725
 40
299.9999999999998
  1
至站台
 50
359.9999999729483
 41
0.75
  7
HZ1
100
AcDbText
  0
TEXT
  5
B5C83
330
B5C75
100
AcDbEntity
  8
fas
 62
     7
100
AcDbText
 10
12.44786626426503
 20
-839.7610698778735
 30
0.0000000000019725
 40
250.0
  1
T2-DG20
 50
359.9999999729483
 41
0.75
  7
HZ1
100
AcDbText
  0
LINE
  5
B5C84
330
B5C75
100
AcDbEntity
  8
fas
 62
     7
370
     9
100
AcDbLine
 10
1712.068641317368
 20
956.9353219897457
 30
0.0
 11
3751.580323724018
 21
956.9353219897275
 31
0.0
  0
LINE
  5
B5C85
330
B5C75
100
AcDbEntity
  8
fas
 62
     7
100
AcDbLine
 10
-36.60813804739155
 20
-449.876844950064
 30
0.0
 11
-459.3056430479628
 21
-155.4162080675815
 31
0.0
  0
ENDBLK
  5
B5C8B
330
B5C75
100
AcDbEntity
  8
0
100
AcDbBlockEnd
  0
BLOCK
  5
B5CAF
330
B5CAE
100
AcDbEntity
  8
0
100
AcDbBlockBegin
  2
jl
 70
     0
 10
0.0
 20
0.0
 30
0.0
  3
jl
  1

  0
LINE
  5
B5CB1
330
B5CAE
100
AcDbEntity
  8
fas1
 48
8.0
100
AcDbLine
 10
2017754.096190372
 20
-903963.2981728066
 30
0.0
 11
2017675.35297184
 21
-903963.2981728066
 31
0.0
  0
LINE
  5
B5CB2
330
B5CAE
100
AcDbEntity
  8
fas1
 48
8.0
100
AcDbLine
 10
2017675.35297184
 20
-903855.8541164028
 30
0.0
 11
2017675.35297184
 21
-903963.2981728066
 31
0.0
  0
LINE
  5
B5CB3
330
B5CAE
100
AcDbEntity
  8
fas1
 48
8.0
100
AcDbLine
 10
2017478.415640098
 20
-903963.2981728066
 30
0.0
 11
2017399.672421566
 21
-903963.2981728066
 31
0.0
  0
LINE
  5
B5CB4
330
B5CAE
100
AcDbEntity
  8
fas1
 48
8.0
100
AcDbLine
 10
2017478.415640098
 20
-903855.8541164028
 30
0.0
 11
2017478.415640098
 21
-903963.2981728066
 31
0.0
  0
LINE
  5
B5CB5
330
B5CAE
100
AcDbEntity
  8
fas1
 48
8.0
100
AcDbLine
 10
2017578.985930951
 20
-903855.8541164028
 30
0.0
 11
2017771.720012729
 21
-903855.8541164028
 31
0.0
  0
ARC
  5
B5CB6
330
B5CAE
100
AcDbEntity
  8
fas1
 48
8.0
100
AcDbCircle
 10
2017576.183764308
 20
-903966.6439979929
 30
0.0
 40
224.741679066265
100
AcDbArc
 50
29.53567865361868
 51
150.4643213463813
  0
LINE
  5
B5CB7
330
B5CAE
100
AcDbEntity
  8
fas1
 48
8.0
100
AcDbLine
 10
2017380.647515887
 20
-903855.8541164028
 30
0.0
 11
2017576.183764308
 21
-903855.8541164028
 31
0.0
  0
LWPOLYLINE
  5
B5CB8
330
B5CAE
100
AcDbEntity
  8
fas1
 62
     1
100
AcDbPolyline
 90
        4
 70
     1
 43
0.0
 10
2017260.821792003
 20
-903634.8164959106
 10
2017875.221792003
 20
-903634.8164959106
 10
2017875.221792003
 20
-904095.6164959106
 10
2017260.821792003
 20
-904095.6164959106
  0
ENDBLK
  5
B5CB0
330
B5CAE
100
AcDbEntity
  8
0
100
AcDbBlockEnd
  0
BLOCK
  5
B9E7A
330
B9E51
100
AcDbEntity
  8
0
 62
     3
100
AcDbBlockBegin
  2
A$C020D2D13
 70
     0
 10
0.0
 20
0.0
 30
0.0
  3
A$C020D2D13
  1

  0
LINE
  5
B9E52
330
B9E51
100
AcDbEntity
  8
WINDOW
 62
     8
100
AcDbLine
 10
3994.451620284235
 20
2434.60475737715
 30
0.0
 11
3994.451620284235
 21
1934.60475737715
 31
0.0
  0
LINE
  5
B9E53
330
B9E51
100
AcDbEntity
  8
WINDOW
 62
     8
100
AcDbLine
 10
3794.451620284235
 20
2434.60475737715
 30
0.0
 11
3794.451620284235
 21
1934.60475737715
 31
0.0
  0
LINE
  5
B9E54
330
B9E51
100
AcDbEntity
  8
fas
 62
     6
100
AcDbLine
 10
-42712.184341694
 20
1995.657046839566
 30
0.0
 11
97619.8156583067
 21
1995.657046839624
 31
0.0
  0
LINE
  5
B9E55
330
B9E51
100
AcDbEntity
  8
fas
 62
     3
100
AcDbLine
 10
-42379.68434169377
 20
2396.157046839566
 30
0.0
 11
97952.3156583067
 21
2396.157046839566
 31
0.0
  0
LINE
  5
B9E56
330
B9E51
100
AcDbEntity
  8
fas
 62
     7
370
     9
100
AcDbLine
 10
4866.509350783657
 20
4642.157046839566
 30
0.0
 11
7610.009350783657
 21
4642.157046839566
 31
0.0
  0
LINE
  5
B9E57
330
B9E51
100
AcDbEntity
  8
fas
 62
     7
370
     9
100
AcDbLine
 10
5196.009350783657
 20
4187.157046839566
 30
0.0
 11
7280.509350783657
 21
4187.157046839566
 31
0.0
  0
TEXT
  5
B9E58
330
B9E51
100
AcDbEntity
  8
fas
 62
     7
100
AcDbText
 10
5318.378451126162
 20
4743.555599423678
 30
0.0
 40
315.0
  1
2T6-G25
 41
0.7
  7
_HZTXT
100
AcDbText
  0
LINE
  5
B9E59
330
B9E51
100
AcDbEntity
  8
fas
  6
CONTINOUS
 62
     7
100
AcDbLine
 10
7421.569599645445
 20
2903.324033920857
 30
0.0
 11
7277.981434542453
 21
2759.735868817865
 31
0.0
  0
HATCH
  5
B9E5A
330
B9E51
100
AcDbEntity
  8
fas
 62
     0
100
AcDbHatch
 10
0.0
 20
0.0
 30
0.0
210
0.0
220
0.0
230
1.0
  2
ANSI31
 70
     0
 71
     0
 91
        1
 92
        7
 72
     1
 73
     1
 93
        2
 10
7250.009715266526
 20
2767.724790051201
 42
1.0
 10
7293.144851756282
 20
2767.724790051201
 42
1.0
 97
        0
 75
     0
 76
     1
 52
0.0
 41
0.2
 77
     0
 78
     1
 53
45.0
 43
30563.18143454241
 44
-61354.76413118211
 45
-0.0176776695296637
 46
0.0176776695296637
 79
     0
 47
3.331316332733192
 98
        1
 10
7268.981434542453
 20
2769.335868817958
  0
LINE
  5
B9E5B
330
B9E51
100
AcDbEntity
  8
fas
  6
CONTINOUS
 62
     7
100
AcDbLine
 10
7753.069599645445
 20
2903.324033920857
 30
0.0
 11
7609.481434542453
 21
2759.735868817865
 31
0.0
  0
HATCH
  5
B9E5C
330
B9E51
100
AcDbEntity
  8
fas
 62
     0
100
AcDbHatch
 10
0.0
 20
0.0
 30
0.0
210
0.0
220
0.0
230
1.0
  2
ANSI31
 70
     0
 71
     0
 91
        1
 92
        7
 72
     1
 73
     1
 93
        2
 10
7581.509715266526
 20
2767.724790051201
 42
1.0
 10
7624.644851756282
 20
2767.724790051201
 42
1.0
 97
        0
 75
     0
 76
     1
 52
0.0
 41
0.2
 77
     0
 78
     1
 53
45.0
 43
30894.68143454241
 44
-61354.76413118211
 45
-0.0176776695296637
 46
0.0176776695296637
 79
     0
 47
3.331316332733192
 98
        1
 10
7600.481434542453
 20
2769.335868817958
  0
LINE
  5
B9E5D
330
B9E51
100
AcDbEntity
  8
fas
 62
     7
370
     9
100
AcDbLine
 10
7280.509350783657
 20
2766.657046839566
 30
0.0
 11
7280.509350783657
 21
4187.157046839566
 31
0.0
  0
LINE
  5
B9E5E
330
B9E51
100
AcDbEntity
  8
fas
 62
     7
370
     9
100
AcDbLine
 10
7610.009350783657
 20
2766.657046839566
 30
0.0
 11
7610.009350783657
 21
4642.157046839566
 31
0.0
  0
TEXT
  5
B9E5F
330
B9E51
100
AcDbEntity
  8
fas
 62
     0
100
AcDbText
 10
2907.996462662705
 20
4256.475926388725
 30
0.0
 40
400.0
  1
至站台AN12
 41
0.7
  7
_HZTXT
100
AcDbText
  0
LINE
  5
B9E60
330
B9E51
100
AcDbEntity
  8
fas
  6
CONTINOUS
 62
     6
100
AcDbLine
 10
7267.315658306237
 20
1995.657046839566
 30
0.0
 11
7267.315658306237
 21
2745.157046839566
 31
0.0
  0
LINE
  5
B9E61
330
B9E51
100
AcDbEntity
  8
fas
  6
DASH
 62
     3
100
AcDbLine
 10
7599.815658306237
 20
2396.157046839566
 30
0.0
 11
7599.815658306237
 21
2745.157046839566
 31
0.0
  0
TEXT
  5
B9E62
330
B9E51
100
AcDbEntity
  8
fas
 62
     7
100
AcDbText
 10
5519.106679699384
 20
4269.950026670791
 30
0.0
 40
315.0
  1
2MZ-G25
 41
0.7
  7
_HZTXT
100
AcDbText
  0
LINE
  5
B9E63
330
B9E51
100
AcDbEntity
  8
fas
  6
CONTINOUS
 62
     7
100
AcDbLine
 10
7527.707881194539
 20
3006.067438447237
 30
0.0
 11
7439.686033953447
 21
2884.608991197747
 31
0.0
  0
LINE
  5
B9E64
330
B9E51
100
AcDbEntity
  8
fas
  6
CONTINOUS
 62
     7
100
AcDbLine
 10
7527.707881194539
 20
3006.067438447237
 30
0.0
 11
7403.453165337443
 21
2922.039076643967
 31
0.0
  0
LINE
  5
B9E65
330
B9E51
100
AcDbEntity
  8
fas
  6
CONTINOUS
 62
     7
100
AcDbLine
 10
7439.686033953447
 20
2884.608991197747
 30
0.0
 11
7403.453165337443
 21
2922.039076643967
 31
0.0
  0
LINE
  5
B9E66
330
B9E51
100
AcDbEntity
  8
fas
  6
CONTINOUS
 62
     7
100
AcDbLine
 10
7859.207881194539
 20
3006.067438447237
 30
0.0
 11
7771.186033953447
 21
2884.608991197747
 31
0.0
  0
LINE
  5
B9E67
330
B9E51
100
AcDbEntity
  8
fas
  6
CONTINOUS
 62
     7
100
AcDbLine
 10
7859.207881194539
 20
3006.067438447237
 30
0.0
 11
7734.953165337443
 21
2922.039076643967
 31
0.0
  0
LINE
  5
B9E68
330
B9E51
100
AcDbEntity
  8
fas
  6
CONTINOUS
 62
     7
100
AcDbLine
 10
7771.186033953447
 20
2884.608991197747
 30
0.0
 11
7734.953165337443
 21
2922.039076643967
 31
0.0
  0
HATCH
  5
B9E69
330
B9E51
100
AcDbEntity
  8
fas
 62
     0
100
AcDbHatch
 10
0.0
 20
0.0
 30
0.0
210
0.0
220
0.0
230
1.0
  2
ANSI31
 70
     0
 71
     0
 91
        1
 92
        7
 72
     1
 73
     1
 93
        2
 10
7226.290760078933
 20
2015.146147041116
 42
1.0
 10
7269.425896568689
 20
2015.146147041116
 42
1.0
 97
        0
 75
     0
 76
     1
 52
0.0
 41
0.2
 77
     0
 78
     1
 53
45.0
 43
30539.46247935482
 44
-62107.34277419222
 45
-0.0176776695296637
 46
0.0176776695296637
 79
     0
 47
3.331316332733192
 98
        1
 10
7245.262479354627
 20
2016.757225807756
  0
HATCH
  5
B9E6A
330
B9E51
100
AcDbEntity
  8
fas
 62
     0
100
AcDbHatch
 10
0.0
 20
0.0
 30
0.0
210
0.0
220
0.0
230
1.0
  2
ANSI31
 70
     0
 71
     0
 91
        1
 92
        7
 72
     1
 73
     1
 93
        2
 10
7557.290760078933
 20
2409.146147041116
 42
1.0
 10
7600.425896568689
 20
2409.146147041116
 42
1.0
 97
        0
 75
     0
 76
     1
 52
0.0
 41
0.2
 77
     0
 78
     1
 53
45.0
 43
30870.46247935482
 44
-61713.34277419222
 45
-0.0176776695296637
 46
0.0176776695296637
 79
     0
 47
3.331316332733192
 98
        1
 10
7576.262479354627
 20
2410.757225807756
  0
LINE
  5
B9E6B
330
B9E51
100
AcDbEntity
  8
fas
  6
HIDDEN
 62
     7
100
AcDbLine
 10
2273.009350783658
 20
2064.039442695532
 30
0.0
 11
2437.009350783658
 21
1884.039442695532
 31
0.0
  0
TEXT
  5
B9E6C
330
B9E51
100
AcDbEntity
  8
fas
 62
     7
100
AcDbText
 10
2440.106679699384
 20
2047.450026670791
 30
0.0
 40
315.0
  1
2MZ-G25
 41
0.7
  7
_HZTXT
100
AcDbText
  0
TEXT
  5
B9E6D
330
B9E51
100
AcDbEntity
  8
fas
 62
     7
100
AcDbText
 10
1262.712674890179
 20
2473.555599423679
 30
0.0
 40
315.0
  1
T6-G20
 41
0.7
  7
_HZTXT
100
AcDbText
  0
LINE
  5
B9E6E
330
B9E51
100
AcDbEntity
  8
fas
  6
HIDDEN
 62
     7
100
AcDbLine
 10
1185.509350783657
 20
2495.039442695532
 30
0.0
 11
1349.509350783657
 21
2315.039442695532
 31
0.0
  0
HATCH
  5
B9E6F
330
B9E51
100
AcDbEntity
  8
fas
 62
     0
100
AcDbHatch
 10
0.0
 20
0.0
 30
0.0
210
0.0
220
0.0
230
1.0
  2
ANSI31
 70
     0
 71
     0
 91
        1
 92
        7
 72
     1
 73
     1
 93
        2
 10
8547.959708150476
 20
6337.130728751654
 42
1.0
 10
8541.50466194842
 20
6294.481316346209
 42
1.0
 97
        0
 75
     0
 76
     1
 52
-98.6064735197889
 41
0.2
 77
     0
 78
     1
 53
306.3935264802111
 43
-58341.22414095374
 44
-7117.780830485746
 45
0.0201240209799252
 46
0.0148331985626678
 79
     0
 47
3.331316332733192
 98
        1
 10
8546.7135833879
 20
6318.131547712721
  0
LINE
  5
B9E70
330
B9E51
100
AcDbEntity
  8
fas
  6
CONTINOUS
 62
     7
100
AcDbLine
 10
8713.791905610356
 20
6506.014721196581
 30
0.0
 11
8636.06891227886
 21
6377.721555721451
 31
0.0
  0
LINE
  5
B9E71
330
B9E51
100
AcDbEntity
  8
fas
  6
CONTINOUS
 62
     7
100
AcDbLine
 10
8713.791905610356
 20
6506.014721196581
 30
0.0
 11
8596.877335467841
 21
6412.041409621219
 31
0.0
  0
LINE
  5
B9E72
330
B9E51
100
AcDbEntity
  8
fas
  6
CONTINOUS
 62
     7
100
AcDbLine
 10
8636.06891227886
 20
6377.721555721451
 30
0.0
 11
8596.877335467841
 21
6412.041409621219
 31
0.0
  0
LINE
  5
B9E73
330
B9E51
100
AcDbEntity
  8
fas
  6
CONTINOUS
 62
     7
100
AcDbLine
 10
8254.186914666556
 20
6009.623282151268
 30
0.0
 11
8616.473123873351
 21
6394.881482671335
 31
0.0
  0
LINE
  5
B9E74
330
B9E51
100
AcDbEntity
  8
fas
  6
CONTINOUS
 62
     6
100
AcDbLine
 10
8536.456171832047
 20
2041.157046839566
 30
0.0
 11
8536.456171832047
 21
6310.539621663716
 31
0.0
  0
HATCH
  5
B9E75
330
B9E51
100
AcDbEntity
  8
fas
 62
     0
100
AcDbHatch
 10
0.0
 20
0.0
 30
0.0
210
0.0
220
0.0
230
1.0
  2
ANSI31
 70
     0
 71
     0
 91
        1
 92
        7
 72
     1
 73
     1
 93
        2
 10
8513.48445255612
 20
2021.028542897082
 42
1.0
 10
8556.61958904611
 20
2021.028542897082
 42
1.0
 97
        0
 75
     0
 76
     1
 52
0.0
 41
0.2
 77
     0
 78
     1
 53
45.0
 43
31826.65617183224
 44
-62101.46037833625
 45
-0.0176776695296637
 46
0.0176776695296637
 79
     0
 47
3.331316332733192
 98
        1
 10
8532.456171832047
 20
2022.639621663722
  0
LINE
  5
B9E76
330
B9E51
100
AcDbEntity
  8
fas
  6
CONTINOUS
 62
     7
100
AcDbLine
 10
3999.773145176471
 20
6009.623282151268
 30
0.0
 11
8254.186914666556
 21
6009.623282151268
 31
0.0
  0
TEXT
  5
B9E77
330
B9E51
100
AcDbEntity
  8
fas
 62
     0
100
AcDbText
 10
4066.60126770474
 20
6167.397668218677
 30
0.0
 40
400.0
  1
2MZ-G25至管理兼配电
 41
0.7
  7
_HZTXT
100
AcDbText
  0
ENDBLK
  5
B9E7B
330
B9E51
100
AcDbEntity
  8
0
 62
     3
100
AcDbBlockEnd
  0
BLOCK
  5
BA540
330
BA53F
100
AcDbEntity
  8
0
100
AcDbBlockBegin
  2
IO
 70
     0
 10
0.0
 20
0.0
 30
0.0
  3
IO
  1

  0
MTEXT
  5
BA541
330
BA53F
100
AcDbEntity
  8
fas
 62
     7
100
AcDbMText
 10
31.10505012003705
 20
175.9347694606986
 30
0.0
 40
200.0
 41
392.0
 46
0.0
 71
     5
 72
     5
  1
I/O
  7
_HZTXT
 73
     1
 44
1.0
  0
LWPOLYLINE
  5
BA542
330
BA53F
100
AcDbEntity
  8
fas
 62
     1
100
AcDbPolyline
 90
        4
 70
     1
 43
0.0
 10
-392.0
 20
391.9984199246392
 10
392.0
 20
391.9984199246392
 10
392.0
 20
0.0
 10
-392.0
 20
0.0
  0
ENDBLK
  5
BA543
330
BA53F
100
AcDbEntity
  8
0
100
AcDbBlockEnd
  0
BLOCK
  5
BA545
330
BA544
100
AcDbEntity
  8
0
 62
     7
100
AcDbBlockBegin
  2
T
 70
     0
 10
0.0
 20
0.0
 30
0.0
  3
T
  1

  0
TEXT
  5
BA546
330
BA544
100
AcDbEntity
  8
fas
 62
     7
100
AcDbText
 10
59389.30302816449
 20
23637.69078202464
 30
0.0
 40
348.4687499999999
  1
T
 50
359.9999999733196
 41
0.85
  7
S3
100
AcDbText
  0
LWPOLYLINE
  5
BA547
330
BA544
100
AcDbEntity
  8
fas
 62
     3
100
AcDbPolyline
 90
        4
 70
     1
 43
20.16737999999999
 10
59740.69004328374
 20
24067.71754226749
 10
59740.69004328368
 20
23563.53304226985
 10
59236.50554333074
 20
23563.53304226988
 10
59236.5055433308
 20
24067.71754226752
  0
ENDBLK
  5
BA548
330
BA544
100
AcDbEntity
  8
0
 62
     7
100
AcDbBlockEnd
  0
BLOCK
  5
BA54A
330
BA549
100
AcDbEntity
  8
0
 62
     3
100
AcDbBlockBegin
  2
TN
 70
     0
 10
0.0
 20
0.0
 30
0.0
  3
TN
  1

  0
INSERT
  5
BA54B
330
BA549
100
AcDbEntity
  8
fas
 62
     7
100
AcDbBlockReference
  2
T
 10
247666.0296616795
 20
25020.11618148117
 30
0.0
  0
INSERT
  5
BA54C
330
BA549
100
AcDbEntity
  8
fas
 62
     7
100
AcDbBlockReference
  2
T
 10
247666.0296616795
 20
25020.11618148117
 30
0.0
  0
ENDBLK
  5
BA54D
330
BA549
100
AcDbEntity
  8
0
 62
     3
100
AcDbBlockEnd
  0
BLOCK
  5
BA551
330
BA54E
100
AcDbEntity
  8
0
100
AcDbBlockBegin
  2
gl
 70
     0
 10
0.0
 20
0.0
 30
0.0
  3
gl
  1

  0
MTEXT
  5
BA552
330
BA54E
100
AcDbEntity
  8
fas
 62
     7
100
AcDbMText
 10
31.88361861370504
 20
181.6937278389232
 30
0.0
 40
200.0
 41
392.0
 46
0.0
 71
     5
 72
     5
  1
GL
  7
_HZTXT
 73
     1
 44
1.0
  0
LWPOLYLINE
  5
BA553
330
BA54E
100
AcDbEntity
  8
fas
 62
     1
100
AcDbPolyline
 90
        4
 70
     1
 43
0.0
 10
-392.0
 20
391.9984199246392
 10
392.0
 20
391.9984199246392
 10
392.0
 20
0.0
 10
-392.0
 20
0.0
  0
ENDBLK
  5
BA554
330
BA54E
100
AcDbEntity
  8
0
100
AcDbBlockEnd
  0
BLOCK
  5
BA557
330
BA555
100
AcDbEntity
  8
0
100
AcDbBlockBegin
  2
4I20
 70
     0
 10
0.0
 20
0.0
 30
0.0
  3
4I20
  1

  0
MTEXT
  5
BA558
330
BA555
100
AcDbEntity
  8
fas
 62
     7
100
AcDbMText
 10
4.385605039540678
 20
175.9347694606986
 30
0.0
 40
200.0
 41
392.0
 46
0.0
 71
     5
 72
     5
  1
4I/2O
  7
_HZTXT
 73
     1
 44
1.0
1001
AcDbBlockRepETag
1070
     1
1071
        0
1005
BA558
  0
LWPOLYLINE
  5
BA559
330
BA555
100
AcDbEntity
  8
fas
 62
     1
100
AcDbPolyline
 90
        4
 70
     1
 43
0.0
 10
-392.0
 20
391.9984199246392
 10
392.0
 20
391.9984199246392
 10
392.0
 20
0.0
 10
-392.0
 20
0.0
1001
AcDbBlockRepETag
1070
     1
1071
        1
1005
BA559
  0
ENDBLK
  5
BA55A
330
BA555
100
AcDbEntity
  8
0
100
AcDbBlockEnd
  0
BLOCK
  5
BA55C
330
BA55B
100
AcDbEntity
  8
0
100
AcDbBlockBegin
  2
I
 70
     0
 10
0.0
 20
0.0
 30
0.0
  3
I
  1

  0
MTEXT
  5
BA55D
330
BA55B
100
AcDbEntity
  8
fas
 62
     7
100
AcDbMText
 10
0.5757982307113707
 20
175.9347694606986
 30
0.0
 40
200.0
 41
392.0
 46
0.0
 71
     5
 72
     5
  1
I
  7
_HZTXT
 73
     1
 44
1.0
  0
LWPOLYLINE
  5
BA55E
330
BA55B
100
AcDbEntity
  8
fas
 62
     1
100
AcDbPolyline
 90
        4
 70
     1
 43
0.0
 10
-392.0
 20
391.9984199246392
 10
392.0
 20
391.9984199246392
 10
392.0
 20
0.0
 10
-392.0
 20
0.0
  0
ENDBLK
  5
BA55F
330
BA55B
100
AcDbEntity
  8
0
100
AcDbBlockEnd
  0
BLOCK
  5
BA561
330
BA560
100
AcDbEntity
  8
0
 62
     6
100
AcDbBlockBegin
  2
C
 70
     0
 10
0.0
 20
0.0
 30
0.0
  3
C
  1

  0
TEXT
  5
CD9B4
330
BA560
100
AcDbEntity
  8
fas
 62
     7
100
AcDbText
 10
402068.7332351453
 20
-338276.5216985931
 30
0.0
 40
210.0
  1
C
 50
359.9999999991923
 41
0.8
  7
_HZTXT
100
AcDbText
1001
AcDbBlockRepETag
1070
     1
1071
        0
1005
CD9B4
  0
LWPOLYLINE
  5
CD9B5
330
BA560
100
AcDbEntity
  8
通信总线
 62
     1
 48
100.0
100
AcDbPolyline
 90
        4
 70
     1
 43
0.0
 10
402549.0148296946
 20
-337974.4617157078
 10
401765.0148296946
 20
-337974.4617157078
 10
401765.0148296946
 20
-338366.4601356323
 10
402549.0148296946
 20
-338366.4601356323
1001
AcDbBlockRepETag
1070
     1
1071
        1
1005
CD9B5
  0
ENDBLK
  5
BA564
330
BA560
100
AcDbEntity
  8
0
 62
     6
100
AcDbBlockEnd
  0
BLOCK
  5
BA9BC
330
BA9B9
100
AcDbEntity
  8
0
370
    -1
100
AcDbBlockBegin
  2
JT
 70
     0
 10
0.0
 20
0.0
 30
0.0
  3
JT
  1

  0
LWPOLYLINE
  5
BA9BD
330
BA9B9
100
AcDbEntity
  8
0
370
    -1
100
AcDbPolyline
 90
        2
 70
     0
 43
40.0
 10
-88.388347648317
 20
-88.38834764832063
 10
88.388347648317
 20
88.388347648317
  0
ENDBLK
  5
BA9BE
330
BA9B9
100
AcDbEntity
  8
0
370
    -1
100
AcDbBlockEnd
  0
BLOCK
  5
BAEEE
330
BAEEB
100
AcDbEntity
  8
0
370
    -1
100
AcDbBlockBegin
  2
A$C4D9E494D
 70
     0
 10
0.0
 20
0.0
 30
0.0
  3
A$C4D9E494D
  1

  0
LINE
  5
BAEEF
330
BAEEB
100
AcDbEntity
  8
TK
370
    -1
100
AcDbLine
 10
-19.45636355359238
 20
0.0000000000027285
 30
0.0
 11
-19.45636355356692
 21
-233.9999999999909
 31
0.0
  0
LINE
  5
BAEF0
330
BAEEB
100
AcDbEntity
  8
TK
370
    -1
100
AcDbLine
 10
-14.456363553556
 20
0.000000000001819
 30
0.0
 11
-14.45636355359966
 21
-167.9999999999991
 31
0.0
  0
LINE
  5
BAEF1
330
BAEEB
100
AcDbEntity
  8
TK
370
    -1
100
AcDbLine
 10
-4.456363553603296
 20
0.0000000000009095
 30
0.0
 11
-4.456363553581468
 21
-167.9999999999955
 31
0.0
  0
LINE
  5
BAEF2
330
BAEEB
100
AcDbEntity
  8
TK
370
    -1
100
AcDbLine
 10
-9.45636355361421
 20
0.000000000001819
 30
0.0
 11
-9.456363553599658
 21
-167.9999999999973
 31
0.0
  0
LINE
  5
BAEF3
330
BAEEB
100
AcDbEntity
  8
TK
370
    -1
100
AcDbLine
 10
-14.4563635536033
 20
-177.9999999999936
 30
0.0
 11
-14.45636355361421
 21
-225.9999999999955
 31
0.0
  0
LINE
  5
BAEF4
330
BAEEB
100
AcDbEntity
  8
TK
370
    -1
100
AcDbLine
 10
-9.456363553599658
 20
-177.9999999999936
 30
0.0
 11
-9.45636355359602
 21
-225.9999999999936
 31
0.0
  0
LINE
  5
BAEF5
330
BAEEB
100
AcDbEntity
  8
TK
370
    -1
100
AcDbLine
 10
-4.456363553581468
 20
-177.9999999999936
 30
0.0
 11
-4.45636355357783
 21
-225.9999999999918
 31
0.0
  0
TEXT
  5
BAEF6
330
BAEEB
100
AcDbEntity
  8
TK
370
    -1
100
AcDbText
 10
-15.24762266064863
 20
-201.6604825351706
 30
0.0
 40
3.0
  1
通风空调
 50
90.0
 41
0.7
  7
HZTXT
100
AcDbText
  0
LINE
  5
BAEF7
330
BAEEB
100
AcDbEntity
  8
TK
370
    -1
100
AcDbLine
 10
-19.45636355362876
 20
-192.9999999999945
 30
0.0
 11
0.0000000000291038
 21
-192.9999999999945
 31
0.0
  0
LINE
  5
BAEF8
330
BAEEB
100
AcDbEntity
  8
TK
370
    -1
100
AcDbLine
 10
-19.45636355359238
 20
-201.9999999999918
 30
0.0
 11
0.0000000000145519
 21
-201.9999999999936
 31
0.0
  0
LINE
  5
BAEF9
330
BAEEB
100
AcDbEntity
  8
TK
370
    -1
100
AcDbLine
 10
-19.45636355362876
 20
-216.9999999999936
 30
0.0
 11
0.0000000000363798
 21
-216.9999999999918
 31
0.0
  0
LINE
  5
BAEFA
330
BAEEB
100
AcDbEntity
  8
TK
370
    -1
100
AcDbLine
 10
-19.45636355359238
 20
-225.9999999999973
 30
0.0
 11
0.0000000000181899
 21
-225.9999999999909
 31
0.0
  0
LINE
  5
BAEFB
330
BAEEB
100
AcDbEntity
  8
TK
370
    -1
100
AcDbLine
 10
0.0000000000181899
 20
-233.9999999999909
 30
0.0
 11
-19.45636355356692
 21
-233.9999999999909
 31
0.0
  0
TEXT
  5
BAEFC
330
BAEEB
100
AcDbEntity
  8
TK
370
    -1
100
AcDbText
 10
-12.69483195149951
 20
-233.4250335329898
 30
0.0
 40
3.0
  1
工 点
 50
90.0
 41
0.7
  7
HZTXT
100
AcDbText
  0
TEXT
  5
BAEFD
330
BAEEB
100
AcDbEntity
  8
TK
370
    -1
100
AcDbText
 10
-5.292132531605603
 20
-233.4250335329898
 30
0.0
 40
3.0
  1
会 签
 50
90.0
 41
0.7
  7
HZTXT
100
AcDbText
  0
TEXT
  5
BAEFE
330
BAEEB
100
AcDbEntity
  8
TK
370
    -1
100
AcDbText
 10
-5.247622660619527
 20
-224.5437024504599
 30
0.0
 40
3.0
  1
给排水
 50
90.0
 41
0.7
  7
HZTXT
100
AcDbText
  0
TEXT
  5
BAEFF
330
BAEEB
100
AcDbEntity
  8
TK
370
    -1
100
AcDbText
 10
-0.7912591070235067
 20
-225.6604825351687
 30
0.0
 40
3.0
  1
动力照明
 50
90.0
 41
0.7
  7
HZTXT
100
AcDbText
  0
TEXT
  5
BAF00
330
BAEEB
100
AcDbEntity
  8
TK
370
    -1
100
AcDbText
 10
-10.51944088382879
 20
-224.5437024504618
 30
0.0
 40
3.0
  1
结 构
 50
90.0
 41
0.7
  7
HZTXT
100
AcDbText
  0
TEXT
  5
BAF01
330
BAEEB
100
AcDbEntity
  8
TK
370
    -1
100
AcDbText
 10
-15.24762266065591
 20
-224.5437024504636
 30
0.0
 40
3.0
  1
建 筑
 50
90.0
 41
0.7
  7
HZTXT
100
AcDbText
  0
TEXT
  5
BAF02
330
BAEEB
100
AcDbEntity
  8
TK
370
    -1
100
AcDbText
 10
-15.41019056299774
 20
-118.2981016942394
 30
0.0
 40
3.0
  1
通 信
 50
90.0
 41
0.7
  7
HZTXT
100
AcDbText
  0
TEXT
  5
BAF03
330
BAEEB
100
AcDbEntity
  8
TK
370
    -1
100
AcDbText
 10
-10.26631545868077
 20
-118.3888639500055
 30
0.0
 40
3.0
  1
信 号
 50
90.0
 41
0.7
  7
HZTXT
100
AcDbText
  0
TEXT
  5
BAF04
330
BAEEB
100
AcDbEntity
  8
TK
370
    -1
100
AcDbText
 10
-0.6472385250235675
 20
-117.3955938402105
 30
0.0
 40
3.0
  1
AFC
 50
90.0
 41
0.7
  7
HZTXT
100
AcDbText
  0
TEXT
  5
BAF05
330
BAEEB
100
AcDbEntity
  8
TK
370
    -1
100
AcDbText
 10
-5.266315458662575
 20
-117.3955938402105
 30
0.0
 40
3.0
  1
FAS
 50
90.0
 41
0.7
  7
HZTXT
100
AcDbText
  0
LINE
  5
BAF06
330
BAEEB
100
AcDbEntity
  8
TK
370
    -1
100
AcDbLine
 10
-19.45636355359238
 20
-119.9999999999964
 30
0.0
 11
0.0000000000181899
 21
-119.9999999999964
 31
0.0
  0
TEXT
  5
BAF07
330
BAEEB
100
AcDbEntity
  8
TK
370
    -1
100
AcDbText
 10
-0.8110396014744765
 20
-142.4358210084629
 30
0.0
 40
3.0
  1
防迷流
 50
90.0
 41
0.7
  7
HZTXT
100
AcDbText
  0
TEXT
  5
BAF08
330
BAEEB
100
AcDbEntity
  8
TK
370
    -1
100
AcDbText
 10
-5.267403155070497
 20
-142.3888639500055
 30
0.0
 40
3.0
  1
接触网
 50
90.0
 41
0.7
  7
HZTXT
100
AcDbText
  0
TEXT
  5
BAF09
330
BAEEB
100
AcDbEntity
  8
TK
370
    -1
100
AcDbText
 10
-10.41019056300865
 20
-142.2981016942385
 30
0.0
 40
3.0
  1
供 电
 50
90.0
 41
0.7
  7
HZTXT
100
AcDbText
  0
TEXT
  5
BAF0A
330
BAEEB
100
AcDbEntity
  8
TK
370
    -1
100
AcDbText
 10
-15.41019056299774
 20
-142.2981016942376
 30
0.0
 40
3.0
  1
轨 道
 50
90.0
 41
0.7
  7
HZTXT
100
AcDbText
  0
LINE
  5
BAF0B
330
BAEEB
100
AcDbEntity
  8
TK
370
    -1
100
AcDbLine
 10
-19.45636355362512
 20
-134.9999999999964
 30
0.0
 11
0.0000000000400178
 21
-134.9999999999964
 31
0.0
  0
LINE
  5
BAF0C
330
BAEEB
100
AcDbEntity
  8
TK
370
    -1
100
AcDbLine
 10
-19.45636355358874
 20
-143.9999999999936
 30
0.0
 11
0.0000000000181899
 21
-143.9999999999973
 31
0.0
  0
LINE
  5
BAF0D
330
BAEEB
100
AcDbEntity
  8
TK
370
    -1
100
AcDbLine
 10
-19.45636355359602
 20
-177.9999999999936
 30
0.0
 11
0.000000000007276
 21
-177.9999999999945
 31
0.0
  0
TEXT
  5
BAF0E
330
BAEEB
100
AcDbEntity
  8
TK
370
    -1
100
AcDbText
 10
-0.9538270093980827
 20
-166.2981016942376
 30
0.0
 40
3.0
  1
线 路
 50
90.0
 41
0.7
  7
HZTXT
100
AcDbText
  0
TEXT
  5
BAF0F
330
BAEEB
100
AcDbEntity
  8
TK
370
    -1
100
AcDbText
 10
-15.41019056300502
 20
-166.2981016942394
 30
0.0
 40
3.0
  1
行 车
 50
90.0
 41
0.7
  7
HZTXT
100
AcDbText
  0
TEXT
  5
BAF10
330
BAEEB
100
AcDbEntity
  8
TK
370
    -1
100
AcDbText
 10
-5.410190562986827
 20
-166.2981016942385
 30
0.0
 40
3.0
  1
限 界
 50
90.0
 41
0.7
  7
HZTXT
100
AcDbText
  0
LINE
  5
BAF11
330
BAEEB
100
AcDbEntity
  8
TK
370
    -1
100
AcDbLine
 10
-19.45636355361785
 20
-158.9999999999973
 30
0.0
 11
0.0000000000400178
 21
-158.9999999999936
 31
0.0
  0
TEXT
  5
BAF12
330
BAEEB
100
AcDbEntity
  8
TK
370
    -1
100
AcDbText
 10
-5.292132531612879
 20
-176.6594937698001
 30
0.0
 40
3.0
  1
会  签
 50
90.0
 41
0.7
  7
HZTXT
100
AcDbText
  0
TEXT
  5
BAF13
330
BAEEB
100
AcDbEntity
  8
TK
370
    -1
100
AcDbText
 10
-10.41019056300502
 20
-166.2981016942404
 30
0.0
 40
3.0
  1
车 辆
 50
90.0
 41
0.7
  7
HZTXT
100
AcDbText
  0
TEXT
  5
BAF14
330
BAEEB
100
AcDbEntity
  8
TK
370
    -1
100
AcDbText
 10
-12.18357032515632
 20
-177.0128202679616
 30
0.0
 40
3.0
  1
系  统
 50
90.0
 41
0.7
  7
HZTXT
100
AcDbText
  0
LINE
  5
BAF15
330
BAEEB
100
AcDbEntity
  8
TK
370
    -1
100
AcDbLine
 10
-19.4563635536033
 20
-168.0000000000009
 30
0.0
 11
0.000000000007276
 21
-167.9999999999945
 31
0.0
  0
LINE
  5
BAF16
330
BAEEB
100
AcDbEntity
  8
TK
370
    -1
100
AcDbLine
 10
-19.45636355363968
 20
-38.99999999999727
 30
0.0
 11
0.0000000000291038
 21
-38.99999999999727
 31
0.0
  0
LINE
  5
BAF17
330
BAEEB
100
AcDbEntity
  8
TK
370
    -1
100
AcDbLine
 10
-19.45636355359602
 20
-47.99999999999181
 30
0.0
 11
0.000000000007276
 21
-47.99999999999454
 31
0.0
  0
LINE
  5
BAF18
330
BAEEB
100
AcDbEntity
  8
TK
370
    -1
100
AcDbLine
 10
-19.4563635536324
 20
-62.99999999999454
 30
0.0
 11
0.0000000000327418
 21
-62.99999999999454
 31
0.0
  0
TEXT
  5
BAF19
330
BAEEB
100
AcDbEntity
  8
TK
370
    -1
100
AcDbText
 10
-5.266315458731697
 20
-47.61135449104586
 30
0.0
 40
3.0
  1
工程筹划
 50
90.0
 41
0.7
  7
HZTXT
100
AcDbText
  0
TEXT
  5
BAF1A
330
BAEEB
100
AcDbEntity
  8
TK
370
    -1
100
AcDbText
 10
-10.26631545869168
 20
-47.61135449104586
 30
0.0
 40
3.0
  1
环境保护
 50
90.0
 41
0.7
  7
HZTXT
100
AcDbText
  0
TEXT
  5
BAF1B
330
BAEEB
100
AcDbEntity
  8
TK
370
    -1
100
AcDbText
 10
-15.26740315506322
 20
-46.38886395000191
 30
0.0
 40
3.0
  1
声屏障
 50
90.0
 41
0.7
  7
HZTXT
100
AcDbText
  0
LINE
  5
BAF1C
330
BAEEB
100
AcDbEntity
  8
TK
370
    -1
100
AcDbLine
 10
-19.45636355359602
 20
-71.99999999999181
 30
0.0
 11
0.0000000000145519
 21
-71.99999999999181
 31
0.0
  0
LINE
  5
BAF1D
330
BAEEB
100
AcDbEntity
  8
TK
370
    -1
100
AcDbLine
 10
-19.45636355362876
 20
-86.99999999999363
 30
0.0
 11
0.0000000000363798
 21
-86.99999999999181
 31
0.0
  0
LINE
  5
BAF1E
330
BAEEB
100
AcDbEntity
  8
TK
370
    -1
100
AcDbLine
 10
-19.45636355362876
 20
-110.9999999999991
 30
0.0
 11
0.0000000000363798
 21
-110.9999999999982
 31
0.0
  0
LINE
  5
BAF1F
330
BAEEB
100
AcDbEntity
  8
TK
370
    -1
100
AcDbLine
 10
-19.45636355359238
 20
-95.99999999999818
 30
0.0
 11
0.0000000000145519
 21
-95.99999999999909
 31
0.0
  0
TEXT
  5
BAF20
330
BAEEB
100
AcDbEntity
  8
TK
370
    -1
100
AcDbText
 10
-5.267403155085049
 20
-94.38886395000736
 30
0.0
 40
3.0
  1
给排水
 50
90.0
 41
0.7
  7
HZTXT
100
AcDbText
  0
TEXT
  5
BAF21
330
BAEEB
100
AcDbEntity
  8
TK
370
    -1
100
AcDbText
 10
-10.2663154586553
 20
-95.61135449105132
 30
0.0
 40
3.0
  1
通风空调
 50
90.0
 41
0.7
  7
HZTXT
100
AcDbText
  0
TEXT
  5
BAF22
330
BAEEB
100
AcDbEntity
  8
TK
370
    -1
100
AcDbText
 10
-15.26631545866258
 20
-95.61135449105132
 30
0.0
 40
3.0
  1
综合监控
 50
90.0
 41
0.7
  7
HZTXT
100
AcDbText
  0
TEXT
  5
BAF23
330
BAEEB
100
AcDbEntity
  8
TK
370
    -1
100
AcDbText
 10
-0.7663154586662131
 20
-94.38886395000736
 30
0.0
 40
3.0
  1
消 防
 50
90.0
 41
0.7
  7
HZTXT
100
AcDbText
  0
TEXT
  5
BAF24
330
BAEEB
100
AcDbEntity
  8
TK
370
    -1
100
AcDbText
 10
-0.7663154586662131
 20
-70.38886395000009
 30
0.0
 40
3.0
  1
人 防
 50
90.0
 41
0.7
  7
HZTXT
100
AcDbText
  0
TEXT
  5
BAF25
330
BAEEB
100
AcDbEntity
  8
TK
370
    -1
100
AcDbText
 10
-5.267403155088687
 20
-70.388863950001
 30
0.0
 40
3.0
  1
防淹门
 50
90.0
 41
0.7
  7
HZTXT
100
AcDbText
  0
TEXT
  5
BAF26
330
BAEEB
100
AcDbEntity
  8
TK
370
    -1
100
AcDbText
 10
-10.26244173117811
 20
-71.776222068891
 30
0.0
 40
2.5
  1
屏蔽门/安全门
 50
90.0
 41
0.5
  7
HZTXT
100
AcDbText
  0
TEXT
  5
BAF27
330
BAEEB
100
AcDbEntity
  8
TK
370
    -1
100
AcDbText
 10
-15.26244173114537
 20
-71.776222068891
 30
0.0
 40
3.0
  1
电梯 扶梯
 50
90.0
 41
0.6
  7
HZTXT
100
AcDbText
  0
TEXT
  5
BAF28
330
BAEEB
100
AcDbEntity
  8
TK
370
    -1
100
AcDbText
 10
-15.19822922922685
 20
-67.78658149171315
 30
0.0
 40
1.5
  1
、
 50
90.0
 41
0.7
  7
ST
100
AcDbText
  0
LINE
  5
BAF29
330
BAEEB
100
AcDbEntity
  8
TK
370
    -1
100
AcDbLine
 10
-19.45636355359966
 20
-23.99999999999454
 30
0.0
 11
0.000000000003638
 21
-23.99999999999727
 31
0.0
  0
LINE
  5
BAF2A
330
BAEEB
100
AcDbEntity
  8
TK
370
    -1
100
AcDbLine
 10
-19.4563635536033
 20
-23.99999999999454
 30
0.0
 11
0.000000000003638
 21
-23.99999999999727
 31
0.0
  0
LINE
  5
BAF2B
330
BAEEB
100
AcDbEntity
  8
TK
370
    -1
100
AcDbLine
 10
-19.4563635536033
 20
0.0000000000027285
 30
0.0
 11
0.0
 21
0.0
 31
0.0
  0
LINE
  5
BAF2C
330
BAEEB
100
AcDbEntity
  8
TK
370
    -1
100
AcDbLine
 10
-19.4563635536033
 20
0.0000000000027285
 30
0.0
 11
0.0
 21
0.0
 31
0.0
  0
LINE
  5
BAF2D
330
BAEEB
100
AcDbEntity
  8
TK
370
    -1
100
AcDbLine
 10
-19.45636355364331
 20
-15.0
 30
0.0
 11
0.0000000000218279
 21
-15.0
 31
0.0
  0
ENDBLK
  5
BAF2E
330
BAEEB
100
AcDbEntity
  8
0
370
    -1
100
AcDbBlockEnd
  0
BLOCK
  5
C895F
330
C8955
100
AcDbEntity
  8
0
 62
     3
100
AcDbBlockBegin
  2
*D55
 70
     1
 10
0.0
 20
0.0
 30
0.0
  3
*D55
  1

  0
LINE
  5
CD20C
330
C8955
100
AcDbEntity
  8
SHADE
  6
CONTINOUS
 62
     8
440
 16777216
 48
5.0
370
    -2
100
AcDbLine
 10
1836087.115106024
 20
-994357.2444674108
 30
0.0
 11
1837937.150319001
 21
-994418.3120554598
 31
0.0
  0
LINE
  5
CD20D
330
C8955
100
AcDbEntity
  8
SHADE
  6
CONTINOUS
 62
     8
440
 16777216
 48
5.0
370
    -2
100
AcDbLine
 10
1836192.686019418
 20
-991158.986381789
 30
0.0
 11
1838042.721232396
 21
-991220.0539698378
 31
0.0
  0
LINE
  5
CD20E
330
C8955
100
AcDbEntity
  8
SHADE
  6
CONTINOUS
 62
     8
440
 16777216
 48
5.0
370
    -2
100
AcDbLine
 10
1837837.237744735
 20
-994414.0135087644
 30
0.0
 11
1837942.742676309
 21
-991217.754334446
 31
0.0
  0
INSERT
  5
CD20F
330
C8955
100
AcDbEntity
  8
SHADE
  6
CONTINOUS
 62
     8
440
 16777216
 48
5.0
370
    -2
100
AcDbBlockReference
  2
_DIMX
 10
1837837.204753825
 20
-994415.012964416
 30
0.0
 50
268.1094170121016
  0
INSERT
  5
CD210
330
C8955
100
AcDbEntity
  8
SHADE
  6
CONTINOUS
 62
     8
440
 16777216
 48
5.0
370
    -2
100
AcDbBlockReference
  2
_DIMX
 10
1837942.77566722
 20
-991216.7548787942
 30
0.0
 50
88.10941701210166
  0
MTEXT
  5
CD211
330
C8955
100
AcDbEntity
  8
SHADE
  6
CONTINOUS
 62
     8
440
 16777216
 48
5.0
100
AcDbMText
 10
1837615.139906289
 20
-992806.8114212354
 30
0.0
 40
350.0
 41
0.0
 46
0.0
 71
     5
 72
     1
  1
\A1;3200
  7
标注
 11
0.0329909104359081
 21
0.9994556517568002
 31
0.0
 73
     1
 44
1.0
  0
POINT
  5
CD212
330
C8955
100
AcDbEntity
  8
Defpoints
  6
CONTINOUS
 62
     0
440
 16777216
 48
5.0
100
AcDbPoint
 10
1836087.115106024
 20
-994357.2444674108
 30
0.0
  0
POINT
  5
CD213
330
C8955
100
AcDbEntity
  8
Defpoints
  6
CONTINOUS
 62
     0
440
 16777216
 48
5.0
100
AcDbPoint
 10
1836192.686019418
 20
-991158.986381789
 30
0.0
  0
POINT
  5
CD214
330
C8955
100
AcDbEntity
  8
Defpoints
  6
CONTINOUS
 62
     0
440
 16777216
 48
5.0
100
AcDbPoint
 10
1837942.77566722
 20
-991216.7548787942
 30
0.0
  0
ENDBLK
  5
C8960
330
C8955
100
AcDbEntity
  8
0
 62
     3
100
AcDbBlockEnd
  0
BLOCK
  5
C896B
330
C8961
100
AcDbEntity
  8
0
 62
     3
100
AcDbBlockBegin
  2
*D56
 70
     1
 10
0.0
 20
0.0
 30
0.0
  3
*D56
  1

  0
LINE
  5
CD215
330
C8961
100
AcDbEntity
  8
SHADE
  6
CONTINOUS
 62
     8
440
 16777216
 48
5.0
370
    -2
100
AcDbLine
 10
1836407.126937248
 20
-984662.5246453694
 30
0.0
 11
1838257.162150213
 21
-984723.592233417
 31
0.0
  0
LINE
  5
CD216
330
C8961
100
AcDbEntity
  8
SHADE
  6
CONTINOUS
 62
     8
440
 16777216
 48
5.0
370
    -2
100
AcDbLine
 10
1836192.686019418
 20
-991158.9863817889
 30
0.0
 11
1838042.721232383
 21
-991220.0539698364
 31
0.0
  0
LINE
  5
CD217
330
C8961
100
AcDbEntity
  8
SHADE
  6
CONTINOUS
 62
     8
440
 16777216
 48
5.0
370
    -2
100
AcDbLine
 10
1838157.183594127
 20
-984721.2925980254
 30
0.0
 11
1837942.808658118
 21
-991215.7554231412
 31
0.0
  0
INSERT
  5
CD218
330
C8961
100
AcDbEntity
  8
SHADE
  6
CONTINOUS
 62
     8
440
 16777216
 48
5.0
370
    -2
100
AcDbBlockReference
  2
_DIMX
 10
1838157.216585038
 20
-984720.2931423736
 30
0.0
 50
88.10941701213187
  0
INSERT
  5
CD219
330
C8961
100
AcDbEntity
  8
SHADE
  6
CONTINOUS
 62
     8
440
 16777216
 48
5.0
370
    -2
100
AcDbBlockReference
  2
_DIMX
 10
1837942.775667208
 20
-991216.754878793
 30
0.0
 50
268.1094170121318
  0
MTEXT
  5
CD21A
330
C8961
100
AcDbEntity
  8
SHADE
  6
CONTINOUS
 62
     8
440
 16777216
 48
5.0
100
AcDbMText
 10
1837775.14582189
 20
-987959.4515102134
 30
0.0
 40
350.0
 41
0.0
 46
0.0
 71
     5
 72
     1
  1
\A1;6500
  7
标注
 11
0.03299091043538169
 21
0.9994556517568174
 31
0.0
 73
     1
 44
1.0
  0
POINT
  5
CD21B
330
C8961
100
AcDbEntity
  8
Defpoints
  6
CONTINOUS
 62
     0
440
 16777216
 48
5.0
100
AcDbPoint
 10
1836407.126937248
 20
-984662.5246453694
 30
0.0
  0
POINT
  5
CD21C
330
C8961
100
AcDbEntity
  8
Defpoints
  6
CONTINOUS
 62
     0
440
 16777216
 48
5.0
100
AcDbPoint
 10
1836192.686019418
 20
-991158.9863817889
 30
0.0
  0
POINT
  5
CD21D
330
C8961
100
AcDbEntity
  8
Defpoints
  6
CONTINOUS
 62
     0
440
 16777216
 48
5.0
100
AcDbPoint
 10
1837942.775667208
 20
-991216.754878793
 30
0.0
  0
ENDBLK
  5
C896C
330
C8961
100
AcDbEntity
  8
0
 62
     3
100
AcDbBlockEnd
  0
BLOCK
  5
C8977
330
C896D
100
AcDbEntity
  8
0
 62
     3
100
AcDbBlockBegin
  2
*D57
 70
     1
 10
0.0
 20
0.0
 30
0.0
  3
*D57
  1

  0
LINE
  5
CD21E
330
C896D
100
AcDbEntity
  8
SHADE
  6
CONTINOUS
 62
     8
440
 16777216
 48
5.0
370
    -2
100
AcDbLine
 10
1836407.126937248
 20
-984662.5246453696
 30
0.0
 11
1838257.162150214
 21
-984723.5922334183
 31
0.0
  0
LINE
  5
CD21F
330
C896D
100
AcDbEntity
  8
SHADE
  6
CONTINOUS
 62
     8
440
 16777216
 48
5.0
370
    -2
100
AcDbLine
 10
1836621.567855081
 20
-978166.0629089501
 30
0.0
 11
1838471.603068048
 21
-978227.1304969988
 31
0.0
  0
LINE
  5
CD220
330
C896D
100
AcDbEntity
  8
SHADE
  6
CONTINOUS
 62
     8
440
 16777216
 48
5.0
370
    -2
100
AcDbLine
 10
1838157.249575949
 20
-984719.2936867228
 30
0.0
 11
1838371.624511962
 21
-978224.830861607
 31
0.0
  0
INSERT
  5
CD221
330
C896D
100
AcDbEntity
  8
SHADE
  6
CONTINOUS
 62
     8
440
 16777216
 48
5.0
370
    -2
100
AcDbBlockReference
  2
_DIMX
 10
1838157.216585038
 20
-984720.2931423746
 30
0.0
 50
268.109417012099
  0
INSERT
  5
CD222
330
C896D
100
AcDbEntity
  8
SHADE
  6
CONTINOUS
 62
     8
440
 16777216
 48
5.0
370
    -2
100
AcDbBlockReference
  2
_DIMX
 10
1838371.657502872
 20
-978223.8314059553
 30
0.0
 50
88.109417012099
  0
MTEXT
  5
CD223
330
C896D
100
AcDbEntity
  8
SHADE
  6
CONTINOUS
 62
     8
440
 16777216
 48
5.0
100
AcDbMText
 10
1837989.586739722
 20
-981462.9897737952
 30
0.0
 40
350.0
 41
0.0
 46
0.0
 71
     5
 72
     1
  1
\A1;6500
  7
标注
 11
0.03299091043595426
 21
0.9994556517567985
 31
0.0
 73
     1
 44
1.0
  0
POINT
  5
CD224
330
C896D
100
AcDbEntity
  8
Defpoints
  6
CONTINOUS
 62
     0
440
 16777216
 48
5.0
100
AcDbPoint
 10
1836407.126937248
 20
-984662.5246453696
 30
0.0
  0
POINT
  5
CD225
330
C896D
100
AcDbEntity
  8
Defpoints
  6
CONTINOUS
 62
     0
440
 16777216
 48
5.0
100
AcDbPoint
 10
1836621.567855081
 20
-978166.0629089501
 30
0.0
  0
POINT
  5
CD226
330
C896D
100
AcDbEntity
  8
Defpoints
  6
CONTINOUS
 62
     0
440
 16777216
 48
5.0
100
AcDbPoint
 10
1838371.657502872
 20
-978223.8314059553
 30
0.0
  0
ENDBLK
  5
C8978
330
C896D
100
AcDbEntity
  8
0
 62
     3
100
AcDbBlockEnd
  0
BLOCK
  5
C8983
330
C8979
100
AcDbEntity
  8
0
 62
     3
100
AcDbBlockBegin
  2
*D58
 70
     1
 10
0.0
 20
0.0
 30
0.0
  3
*D58
  1

  0
LINE
  5
CD227
330
C8979
100
AcDbEntity
  8
SHADE
  6
CONTINOUS
 62
     8
440
 16777216
 48
5.0
370
    -2
100
AcDbLine
 10
1836727.138768475
 20
-974967.8048233289
 30
0.0
 11
1838577.173981445
 21
-975028.8724113764
 31
0.0
  0
LINE
  5
CD228
330
C8979
100
AcDbEntity
  8
SHADE
  6
CONTINOUS
 62
     8
440
 16777216
 48
5.0
370
    -2
100
AcDbLine
 10
1836621.567855082
 20
-978166.0629089501
 30
0.0
 11
1838471.603068052
 21
-978227.1304969979
 31
0.0
  0
LINE
  5
CD229
330
C8979
100
AcDbEntity
  8
SHADE
  6
CONTINOUS
 62
     8
440
 16777216
 48
5.0
370
    -2
100
AcDbLine
 10
1838477.195425359
 20
-975026.5727759846
 30
0.0
 11
1838371.690493787
 21
-978222.8319503026
 31
0.0
  0
INSERT
  5
CD22A
330
C8979
100
AcDbEntity
  8
SHADE
  6
CONTINOUS
 62
     8
440
 16777216
 48
5.0
370
    -2
100
AcDbBlockReference
  2
_DIMX
 10
1838477.228416269
 20
-975025.5733203328
 30
0.0
 50
88.10941701213474
  0
INSERT
  5
CD22B
330
C8979
100
AcDbEntity
  8
SHADE
  6
CONTINOUS
 62
     8
440
 16777216
 48
5.0
370
    -2
100
AcDbBlockReference
  2
_DIMX
 10
1838371.657502876
 20
-978223.8314059544
 30
0.0
 50
268.1094170121348
  0
MTEXT
  5
CD22C
330
C8979
100
AcDbEntity
  8
SHADE
  6
CONTINOUS
 62
     8
440
 16777216
 48
5.0
100
AcDbMText
 10
1838149.59265534
 20
-976615.629862774
 30
0.0
 40
350.0
 41
0.0
 46
0.0
 71
     5
 72
     1
  1
\A1;3200
  7
标注
 11
0.03299091043533021
 21
0.9994556517568191
 31
0.0
 73
     1
 44
1.0
  0
POINT
  5
CD22D
330
C8979
100
AcDbEntity
  8
Defpoints
  6
CONTINOUS
 62
     0
440
 16777216
 48
5.0
100
AcDbPoint
 10
1836727.138768475
 20
-974967.8048233289
 30
0.0
  0
POINT
  5
CD22E
330
C8979
100
AcDbEntity
  8
Defpoints
  6
CONTINOUS
 62
     0
440
 16777216
 48
5.0
100
AcDbPoint
 10
1836621.567855082
 20
-978166.0629089501
 30
0.0
  0
POINT
  5
CD22F
330
C8979
100
AcDbEntity
  8
Defpoints
  6
CONTINOUS
 62
     0
440
 16777216
 48
5.0
100
AcDbPoint
 10
1838371.657502876
 20
-978223.8314059544
 30
0.0
  0
ENDBLK
  5
C8984
330
C8979
100
AcDbEntity
  8
0
 62
     3
100
AcDbBlockEnd
  0
BLOCK
  5
C8991
330
C8985
100
AcDbEntity
  8
0
 62
     3
100
AcDbBlockBegin
  2
*D59
 70
     1
 10
0.0
 20
0.0
 30
0.0
  3
*D59
  1

  0
LINE
  5
CD230
330
C8985
100
AcDbEntity
  8
SHADE
  6
CONTINOUS
 62
     8
440
 16777216
 48
5.0
370
    -2
100
AcDbLine
 10
1836727.138768475
 20
-974967.8048233286
 30
0.0
 11
1838577.17398145
 21
-975028.872411377
 31
0.0
  0
LINE
  5
CD231
330
C8985
100
AcDbEntity
  8
SHADE
  6
CONTINOUS
 62
     8
440
 16777216
 48
5.0
370
    -2
100
AcDbLine
 10
1836746.933314736
 20
-974368.1314322746
 30
0.0
 11
1838596.968527712
 21
-974429.199020323
 31
0.0
  0
LINE
  5
CD232
330
C8985
100
AcDbEntity
  8
SHADE
  6
CONTINOUS
 62
     8
440
 16777216
 48
5.0
370
    -2
100
AcDbLine
 10
1838477.195425364
 20
-975026.5727759852
 30
0.0
 11
1838477.162434454
 21
-975027.5722316368
 31
0.0
  0
LINE
  5
CD233
330
C8985
100
AcDbEntity
  8
SHADE
  6
CONTINOUS
 62
     8
440
 16777216
 48
5.0
370
    -2
100
AcDbLine
 10
1838497.055953446
 20
-974424.9004736276
 30
0.0
 11
1838497.088944357
 21
-974423.9010179758
 31
0.0
  0
LINE
  5
CD234
330
C8985
100
AcDbEntity
  8
SHADE
  6
CONTINOUS
 62
     8
440
 16777216
 48
5.0
370
    -2
100
AcDbLine
 10
1838477.228416274
 20
-975025.5733203334
 30
0.0
 11
1838497.022962536
 21
-974425.8999292793
 31
0.0
  0
INSERT
  5
CD235
330
C8985
100
AcDbEntity
  8
SHADE
  6
CONTINOUS
 62
     8
440
 16777216
 48
5.0
370
    -2
100
AcDbBlockReference
  2
_DIMX
 10
1838477.228416274
 20
-975025.5733203334
 30
0.0
 50
88.10941701211252
  0
INSERT
  5
CD236
330
C8985
100
AcDbEntity
  8
SHADE
  6
CONTINOUS
 62
     8
440
 16777216
 48
5.0
370
    -2
100
AcDbBlockReference
  2
_DIMX
 10
1838497.022962536
 20
-974425.8999292793
 30
0.0
 50
268.1094170121125
  0
MTEXT
  5
CD237
330
C8985
100
AcDbEntity
  8
SHADE
  6
CONTINOUS
 62
     8
440
 16777216
 48
5.0
100
AcDbMText
 10
1838212.275385172
 20
-974716.6641244366
 30
0.0
 40
350.0
 41
0.0
 46
0.0
 71
     5
 72
     1
  1
\A1;600
  7
标注
 11
0.03299091043571901
 21
0.9994556517568063
 31
0.0
 73
     1
 44
1.0
  0
POINT
  5
CD238
330
C8985
100
AcDbEntity
  8
Defpoints
  6
CONTINOUS
 62
     0
440
 16777216
 48
5.0
100
AcDbPoint
 10
1836727.138768475
 20
-974967.8048233286
 30
0.0
  0
POINT
  5
CD239
330
C8985
100
AcDbEntity
  8
Defpoints
  6
CONTINOUS
 62
     0
440
 16777216
 48
5.0
100
AcDbPoint
 10
1836746.933314736
 20
-974368.1314322746
 30
0.0
  0
POINT
  5
CD23A
330
C8985
100
AcDbEntity
  8
Defpoints
  6
CONTINOUS
 62
     0
440
 16777216
 48
5.0
100
AcDbPoint
 10
1838497.022962536
 20
-974425.8999292793
 30
0.0
  0
ENDBLK
  5
C8992
330
C8985
100
AcDbEntity
  8
0
 62
     3
100
AcDbBlockEnd
  0
BLOCK
  5
C899F
330
C8993
100
AcDbEntity
  8
0
 62
     3
100
AcDbBlockBegin
  2
*D60
 70
     1
 10
0.0
 20
0.0
 30
0.0
  3
*D60
  1

  0
LINE
  5
CD23B
330
C8993
100
AcDbEntity
  8
SHADE
  6
CONTINOUS
 62
     8
440
 16777216
 48
5.0
370
    -2
100
AcDbLine
 10
1836087.115106023
 20
-994357.2444674108
 30
0.0
 11
1837937.150318992
 21
-994418.3120554534
 31
0.0
  0
LINE
  5
CD23C
330
C8993
100
AcDbEntity
  8
SHADE
  6
CONTINOUS
 62
     8
440
 16777216
 48
5.0
370
    -2
100
AcDbLine
 10
1836067.320559763
 20
-994956.9178584648
 30
0.0
 11
1837917.355772732
 21
-995017.9854465073
 31
0.0
  0
LINE
  5
CD23D
330
C8993
100
AcDbEntity
  8
SHADE
  6
CONTINOUS
 62
     8
440
 16777216
 48
5.0
370
    -2
100
AcDbLine
 10
1837837.237744726
 20
-994414.0135087584
 30
0.0
 11
1837837.270735637
 21
-994413.0140531067
 31
0.0
  0
LINE
  5
CD23E
330
C8993
100
AcDbEntity
  8
SHADE
  6
CONTINOUS
 62
     8
440
 16777216
 48
5.0
370
    -2
100
AcDbLine
 10
1837817.377216646
 20
-995015.6858111158
 30
0.0
 11
1837817.344225736
 21
-995016.6852667677
 31
0.0
  0
LINE
  5
CD23F
330
C8993
100
AcDbEntity
  8
SHADE
  6
CONTINOUS
 62
     8
440
 16777216
 48
5.0
370
    -2
100
AcDbLine
 10
1837837.204753816
 20
-994415.0129644102
 30
0.0
 11
1837817.410207556
 21
-995014.6863554642
 31
0.0
  0
INSERT
  5
CD240
330
C8993
100
AcDbEntity
  8
SHADE
  6
CONTINOUS
 62
     8
440
 16777216
 48
5.0
370
    -2
100
AcDbBlockReference
  2
_DIMX
 10
1837837.204753816
 20
-994415.0129644102
 30
0.0
 50
268.1094170122899
  0
INSERT
  5
CD241
330
C8993
100
AcDbEntity
  8
SHADE
  6
CONTINOUS
 62
     8
440
 16777216
 48
5.0
370
    -2
100
AcDbBlockReference
  2
_DIMX
 10
1837817.410207556
 20
-995014.6863554642
 30
0.0
 50
88.1094170122899
  0
MTEXT
  5
CD242
330
C8993
100
AcDbEntity
  8
SHADE
  6
CONTINOUS
 62
     8
440
 16777216
 48
5.0
100
AcDbMText
 10
1837552.457176453
 20
-994705.777159568
 30
0.0
 40
350.0
 41
0.0
 46
0.0
 71
     5
 72
     1
  1
\A1;600
  7
标注
 11
0.03299091043262451
 21
0.9994556517569084
 31
0.0
 73
     1
 44
1.0
  0
POINT
  5
CD243
330
C8993
100
AcDbEntity
  8
Defpoints
  6
CONTINOUS
 62
     0
440
 16777216
 48
5.0
100
AcDbPoint
 10
1836087.115106023
 20
-994357.2444674108
 30
0.0
  0
POINT
  5
CD244
330
C8993
100
AcDbEntity
  8
Defpoints
  6
CONTINOUS
 62
     0
440
 16777216
 48
5.0
100
AcDbPoint
 10
1836067.320559763
 20
-994956.9178584648
 30
0.0
  0
POINT
  5
CD245
330
C8993
100
AcDbEntity
  8
Defpoints
  6
CONTINOUS
 62
     0
440
 16777216
 48
5.0
100
AcDbPoint
 10
1837817.410207556
 20
-995014.6863554642
 30
0.0
  0
ENDBLK
  5
C89A0
330
C8993
100
AcDbEntity
  8
0
 62
     3
100
AcDbBlockEnd
  0
BLOCK
  5
C89AB
330
C89A1
100
AcDbEntity
  8
0
 62
     3
100
AcDbBlockBegin
  2
*D61
 70
     1
 10
0.0
 20
0.0
 30
0.0
  3
*D61
  1

  0
LINE
  5
CD246
330
C89A1
100
AcDbEntity
  8
SHADE
  6
CONTINOUS
 62
     8
440
 16777216
 48
5.0
370
    -2
100
AcDbLine
 10
1837546.486368523
 20
-974394.8715708656
 30
0.0
 11
1839396.521581492
 21
-974455.939158914
 31
0.0
  0
LINE
  5
CD247
330
C89A1
100
AcDbEntity
  8
SHADE
  6
CONTINOUS
 62
     8
440
 16777216
 48
5.0
370
    -2
100
AcDbLine
 10
1836866.885081167
 20
-994983.3105868136
 30
0.0
 11
1838716.920294136
 21
-995044.3781748622
 31
0.0
  0
LINE
  5
CD248
330
C89A1
100
AcDbEntity
  8
SHADE
  6
CONTINOUS
 62
     8
440
 16777216
 48
5.0
370
    -2
100
AcDbLine
 10
1839296.543025406
 20
-974453.6395235222
 30
0.0
 11
1838617.007719871
 21
-995040.0796281666
 31
0.0
  0
INSERT
  5
CD249
330
C89A1
100
AcDbEntity
  8
SHADE
  6
CONTINOUS
 62
     8
440
 16777216
 48
5.0
370
    -2
100
AcDbBlockReference
  2
_DIMX
 10
1839296.576016316
 20
-974452.6400678704
 30
0.0
 50
88.1094170121058
  0
INSERT
  5
CD24A
330
C89A1
100
AcDbEntity
  8
SHADE
  6
CONTINOUS
 62
     8
440
 16777216
 48
5.0
370
    -2
100
AcDbBlockReference
  2
_DIMX
 10
1838616.97472896
 20
-995041.0790838184
 30
0.0
 50
268.1094170121058
  0
MTEXT
  5
CD24B
330
C89A1
100
AcDbEntity
  8
SHADE
  6
CONTINOUS
 62
     8
440
 16777216
 48
5.0
100
AcDbMText
 10
1838681.925068405
 20
-984737.7870754744
 30
0.0
 40
350.0
 41
0.0
 46
0.0
 71
     5
 72
     1
  1
\A1;20600
  7
标注
 11
0.0329909104358353
 21
0.9994556517568024
 31
0.0
 73
     1
 44
1.0
  0
POINT
  5
CD24C
330
C89A1
100
AcDbEntity
  8
Defpoints
  6
CONTINOUS
 62
     0
440
 16777216
 48
5.0
100
AcDbPoint
 10
1837546.486368523
 20
-974394.8715708656
 30
0.0
  0
POINT
  5
CD24D
330
C89A1
100
AcDbEntity
  8
Defpoints
  6
CONTINOUS
 62
     0
440
 16777216
 48
5.0
100
AcDbPoint
 10
1836866.885081167
 20
-994983.3105868136
 30
0.0
  0
POINT
  5
CD24E
330
C89A1
100
AcDbEntity
  8
Defpoints
  6
CONTINOUS
 62
     0
440
 16777216
 48
5.0
100
AcDbPoint
 10
1838616.97472896
 20
-995041.0790838184
 30
0.0
  0
ENDBLK
  5
C89AC
330
C89A1
100
AcDbEntity
  8
0
 62
     3
100
AcDbBlockEnd
  0
BLOCK
  5
C89F3
330
C89E9
100
AcDbEntity
  8
0
 62
     3
100
AcDbBlockBegin
  2
*D62
 70
     1
 10
0.0
 20
0.0
 30
0.0
  3
*D62
  1

  0
ARC
  5
CD261
330
C89E9
100
AcDbEntity
  8
SHADE
  6
CONTINOUS
 62
     8
440
 16777216
 48
5.0
370
    -2
100
AcDbCircle
 10
1805567.759609367
 20
-1894440.693483199
 30
0.0
 40
894897.2201834315
100
AcDbArc
 50
88.54953796136338
 51
89.51642728714577
  0
INSERT
  5
CD262
330
C89E9
100
AcDbEntity
  8
SHADE
  6
CONTINOUS
 62
     8
440
 16777216
 48
5.0
370
    -2
100
AcDbBlockReference
  2
_DIMX
 10
1828220.965429299
 20
-999830.238056865
 30
0.0
 50
358.5495059488717
  0
INSERT
  5
CD263
330
C89E9
100
AcDbEntity
  8
SHADE
  6
CONTINOUS
 62
     8
440
 16777216
 48
5.0
370
    -2
100
AcDbBlockReference
  2
_DIMX
 10
1813119.545252669
 20
-999575.3375633096
 30
0.0
 50
179.5164592996374
  0
MTEXT
  5
CD264
330
C89E9
100
AcDbEntity
  8
SHADE
  6
CONTINOUS
 62
     8
440
 16777216
 48
5.0
100
AcDbMText
 10
1820675.434238792
 20
-999395.9672513613
 30
0.0
 40
350.0
 41
0.0
 46
0.0
 71
     5
 72
     1
  1
\A1;15200
  7
标注
 11
0.9998575760633327
 21
-0.01687683586330409
 31
0.0
 73
     1
 44
1.0
  0
POINT
  5
CD265
330
C89E9
100
AcDbEntity
  8
Defpoints
  6
CONTINOUS
 62
     0
440
 16777216
 48
5.0
100
AcDbPoint
 10
1823187.663273365
 20
-999716.9519367348
 30
0.0
  0
POINT
  5
CD266
330
C89E9
100
AcDbEntity
  8
Defpoints
  6
CONTINOUS
 62
     0
440
 16777216
 48
5.0
100
AcDbPoint
 10
1828162.814168499
 20
-1002126.722109602
 30
0.0000000000572635
  0
POINT
  5
CD267
330
C89E9
100
AcDbEntity
  8
Defpoints
  6
CONTINOUS
 62
     0
440
 16777216
 48
5.0
100
AcDbPoint
 10
1813100.15965842
 20
-1001872.47595103
 30
0.0000000000572635
  0
POINT
  5
CD268
330
C89E9
100
AcDbEntity
  8
Defpoints
  6
CONTINOUS
 62
     0
440
 16777216
 48
5.0
100
AcDbPoint
 10
1813344.88249219
 20
-972873.5085429546
 30
0.0000000000591239
  0
POINT
  5
CD269
330
C89E9
100
AcDbEntity
  8
Defpoints
  6
CONTINOUS
 62
     0
440
 16777216
 48
5.0
100
AcDbPoint
 10
1828896.912961032
 20
-973136.0149957208
 30
0.0000000000591239
  0
ENDBLK
  5
C89F4
330
C89E9
100
AcDbEntity
  8
0
 62
     3
100
AcDbBlockEnd
  0
BLOCK
  5
C89FF
330
C89F5
100
AcDbEntity
  8
0
 62
     3
100
AcDbBlockBegin
  2
*D63
 70
     1
 10
0.0
 20
0.0
 30
0.0
  3
*D63
  1

  0
ARC
  5
CD8C4
330
C89F5
100
AcDbEntity
  8
SHADE
  6
CONTINOUS
 62
     8
440
 16777216
 48
5.0
370
    -2
100
AcDbCircle
 10
1805567.759609312
 20
-1894440.693484137
 30
0.0
 40
893618.86126832
100
AcDbArc
 50
88.5495380529517
 51
91.4504619470479
  0
INSERT
  5
CD8C5
330
C89F5
100
AcDbEntity
  8
SHADE
  6
CONTINOUS
 62
     8
440
 16777216
 48
5.0
370
    -2
100
AcDbBlockReference
  2
_DIMX
 10
1828188.605369414
 20
-1001108.187330025
 30
0.0
 50
358.5495059946649
  0
INSERT
  5
CD8C6
330
C89F5
100
AcDbEntity
  8
SHADE
  6
CONTINOUS
 62
     8
440
 16777216
 48
5.0
370
    -2
100
AcDbBlockReference
  2
_DIMX
 10
1782946.913849216
 20
-1001108.187330025
 30
0.0
 50
181.4504940053347
  0
MTEXT
  5
CD8C7
330
C89F5
100
AcDbEntity
  8
SHADE
  6
CONTINOUS
 62
     8
440
 16777216
 48
5.0
100
AcDbMText
 10
1805567.759609315
 20
-1000546.832215817
 30
0.0
 40
350.0
 41
0.0
 46
0.0
 71
     5
 72
     1
  1
\A1;45600
  7
标注
 73
     1
 44
1.0
  0
POINT
  5
CD8C8
330
C89F5
100
AcDbEntity
  8
Defpoints
  6
CONTINOUS
 62
     0
440
 16777216
 48
5.0
100
AcDbPoint
 10
1813108.757541756
 20
-1000853.650961322
 30
0.0
  0
POINT
  5
CD8C9
330
C89F5
100
AcDbEntity
  8
Defpoints
  6
CONTINOUS
 62
     0
440
 16777216
 48
5.0
100
AcDbPoint
 10
1782972.705050131
 20
-1002126.722109602
 30
0.0000000000579038
  0
POINT
  5
CD8CA
330
C89F5
100
AcDbEntity
  8
Defpoints
  6
CONTINOUS
 62
     0
440
 16777216
 48
5.0
100
AcDbPoint
 10
1828162.814168499
 20
-1002126.722109602
 30
0.0000000000579038
  0
POINT
  5
CD8CB
330
C89F5
100
AcDbEntity
  8
Defpoints
  6
CONTINOUS
 62
     0
440
 16777216
 48
5.0
100
AcDbPoint
 10
1828896.912961034
 20
-973136.0149957212
 30
0.0000000000597851
  0
POINT
  5
CD8CC
330
C89F5
100
AcDbEntity
  8
Defpoints
  6
CONTINOUS
 62
     0
440
 16777216
 48
5.0
100
AcDbPoint
 10
1782279.108259886
 20
-974735.5022824964
 30
0.0000000000596813
  0
ENDBLK
  5
C8A00
330
C89F5
100
AcDbEntity
  8
0
 62
     3
100
AcDbBlockEnd
  0
BLOCK
  5
C8B29
330
C8B1F
100
AcDbEntity
  8
0
 62
     3
100
AcDbBlockBegin
  2
*D64
 70
     1
 10
0.0
 20
0.0
 30
0.0
  3
*D64
  1

  0
LINE
  5
CD1AE
330
C8B1F
100
AcDbEntity
  8
SHADE
  6
CONTINOUS
 62
     8
440
 16777216
 48
5.0
370
    -2
100
AcDbLine
 10
1775048.404112609
 20
-994357.244467411
 30
0.0
 11
1773198.368899638
 21
-994418.3120554596
 31
0.0
  0
LINE
  5
CD1AF
330
C8B1F
100
AcDbEntity
  8
SHADE
  6
CONTINOUS
 62
     8
440
 16777216
 48
5.0
370
    -2
100
AcDbLine
 10
1774942.833199214
 20
-991158.986381789
 30
0.0
 11
1773092.797986244
 21
-991220.0539698376
 31
0.0
  0
LINE
  5
CD1B0
330
C8B1F
100
AcDbEntity
  8
SHADE
  6
CONTINOUS
 62
     8
440
 16777216
 48
5.0
370
    -2
100
AcDbLine
 10
1773298.281473904
 20
-994414.0135087642
 30
0.0
 11
1773192.77654233
 21
-991217.7543344456
 31
0.0
  0
INSERT
  5
CD1B1
330
C8B1F
100
AcDbEntity
  8
SHADE
  6
CONTINOUS
 62
     8
440
 16777216
 48
5.0
370
    -2
100
AcDbBlockReference
  2
_DIMX
 10
1773298.314464814
 20
-994415.012964416
 30
0.0
 50
271.8905829878984
  0
INSERT
  5
CD1B2
330
C8B1F
100
AcDbEntity
  8
SHADE
  6
CONTINOUS
 62
     8
440
 16777216
 48
5.0
370
    -2
100
AcDbBlockReference
  2
_DIMX
 10
1773192.743551419
 20
-991216.754878794
 30
0.0
 50
91.89058298789834
  0
MTEXT
  5
CD1B3
330
C8B1F
100
AcDbEntity
  8
SHADE
  6
CONTINOUS
 62
     8
440
 16777216
 48
5.0
100
AcDbMText
 10
1773520.37931235
 20
-992806.8114212347
 30
0.0
 40
350.0
 41
0.0
 46
0.0
 71
     5
 72
     1
  1
\A1;3200
  7
标注
 11
0.0329909104359081
 21
-0.9994556517568002
 31
0.0
 73
     1
 44
1.0
  0
POINT
  5
CD1B4
330
C8B1F
100
AcDbEntity
  8
Defpoints
  6
CONTINOUS
 62
     0
440
 16777216
 48
5.0
100
AcDbPoint
 10
1775048.404112609
 20
-994357.244467411
 30
0.0
  0
POINT
  5
CD1B5
330
C8B1F
100
AcDbEntity
  8
Defpoints
  6
CONTINOUS
 62
     0
440
 16777216
 48
5.0
100
AcDbPoint
 10
1774942.833199214
 20
-991158.986381789
 30
0.0
  0
POINT
  5
CD1B6
330
C8B1F
100
AcDbEntity
  8
Defpoints
  6
CONTINOUS
 62
     0
440
 16777216
 48
5.0
100
AcDbPoint
 10
1773192.743551419
 20
-991216.754878794
 30
0.0
  0
ENDBLK
  5
C8B2A
330
C8B1F
100
AcDbEntity
  8
0
 62
     3
100
AcDbBlockEnd
  0
BLOCK
  5
C8B35
330
C8B2B
100
AcDbEntity
  8
0
 62
     3
100
AcDbBlockBegin
  2
*D65
 70
     1
 10
0.0
 20
0.0
 30
0.0
  3
*D65
  1

  0
LINE
  5
CD1B7
330
C8B2B
100
AcDbEntity
  8
SHADE
  6
CONTINOUS
 62
     8
440
 16777216
 48
5.0
370
    -2
100
AcDbLine
 10
1774728.392281383
 20
-984662.5246453694
 30
0.0
 11
1772878.357068407
 21
-984723.5922334174
 31
0.0
  0
LINE
  5
CD1B8
330
C8B2B
100
AcDbEntity
  8
SHADE
  6
CONTINOUS
 62
     8
440
 16777216
 48
5.0
370
    -2
100
AcDbLine
 10
1774942.833199214
 20
-991158.986381789
 30
0.0
 11
1773092.797986237
 21
-991220.053969837
 31
0.0
  0
LINE
  5
CD1B9
330
C8B2B
100
AcDbEntity
  8
SHADE
  6
CONTINOUS
 62
     8
440
 16777216
 48
5.0
370
    -2
100
AcDbLine
 10
1772978.335624493
 20
-984721.2925980256
 30
0.0
 11
1773192.710560502
 21
-991215.7554231414
 31
0.0
  0
INSERT
  5
CD1BA
330
C8B2B
100
AcDbEntity
  8
SHADE
  6
CONTINOUS
 62
     8
440
 16777216
 48
5.0
370
    -2
100
AcDbBlockReference
  2
_DIMX
 10
1772978.302633583
 20
-984720.2931423738
 30
0.0
 50
91.89058298786817
  0
INSERT
  5
CD1BB
330
C8B2B
100
AcDbEntity
  8
SHADE
  6
CONTINOUS
 62
     8
440
 16777216
 48
5.0
370
    -2
100
AcDbBlockReference
  2
_DIMX
 10
1773192.743551413
 20
-991216.7548787934
 30
0.0
 50
271.8905829878682
  0
MTEXT
  5
CD1BC
330
C8B2B
100
AcDbEntity
  8
SHADE
  6
CONTINOUS
 62
     8
440
 16777216
 48
5.0
100
AcDbMText
 10
1773360.373396731
 20
-987959.4515102142
 30
0.0
 40
350.0
 41
0.0
 46
0.0
 71
     5
 72
     1
  1
\A1;6500
  7
标注
 11
0.03299091043538169
 21
-0.9994556517568174
 31
0.0
 73
     1
 44
1.0
  0
POINT
  5
CD1BD
330
C8B2B
100
AcDbEntity
  8
Defpoints
  6
CONTINOUS
 62
     0
440
 16777216
 48
5.0
100
AcDbPoint
 10
1774728.392281383
 20
-984662.5246453694
 30
0.0
  0
POINT
  5
CD1BE
330
C8B2B
100
AcDbEntity
  8
Defpoints
  6
CONTINOUS
 62
     0
440
 16777216
 48
5.0
100
AcDbPoint
 10
1774942.833199214
 20
-991158.986381789
 30
0.0
  0
POINT
  5
CD1BF
330
C8B2B
100
AcDbEntity
  8
Defpoints
  6
CONTINOUS
 62
     0
440
 16777216
 48
5.0
100
AcDbPoint
 10
1773192.743551413
 20
-991216.7548787934
 30
0.0
  0
ENDBLK
  5
C8B36
330
C8B2B
100
AcDbEntity
  8
0
 62
     3
100
AcDbBlockEnd
  0
BLOCK
  5
C8B41
330
C8B37
100
AcDbEntity
  8
0
 62
     3
100
AcDbBlockBegin
  2
*D66
 70
     1
 10
0.0
 20
0.0
 30
0.0
  3
*D66
  1

  0
LINE
  5
CD1C0
330
C8B37
100
AcDbEntity
  8
SHADE
  6
CONTINOUS
 62
     8
440
 16777216
 48
5.0
370
    -2
100
AcDbLine
 10
1774728.392281383
 20
-984662.5246453696
 30
0.0
 11
1772878.357068408
 21
-984723.5922334184
 31
0.0
  0
LINE
  5
CD1C1
330
C8B37
100
AcDbEntity
  8
SHADE
  6
CONTINOUS
 62
     8
440
 16777216
 48
5.0
370
    -2
100
AcDbLine
 10
1774513.95136355
 20
-978166.0629089501
 30
0.0
 11
1772663.916150574
 21
-978227.1304969992
 31
0.0
  0
LINE
  5
CD1C2
330
C8B37
100
AcDbEntity
  8
SHADE
  6
CONTINOUS
 62
     8
440
 16777216
 48
5.0
370
    -2
100
AcDbLine
 10
1772978.269642673
 20
-984719.2936867232
 30
0.0
 11
1772763.89470666
 21
-978224.8308616075
 31
0.0
  0
INSERT
  5
CD1C3
330
C8B37
100
AcDbEntity
  8
SHADE
  6
CONTINOUS
 62
     8
440
 16777216
 48
5.0
370
    -2
100
AcDbBlockReference
  2
_DIMX
 10
1772978.302633584
 20
-984720.293142375
 30
0.0
 50
271.890582987901
  0
INSERT
  5
CD1C4
330
C8B37
100
AcDbEntity
  8
SHADE
  6
CONTINOUS
 62
     8
440
 16777216
 48
5.0
370
    -2
100
AcDbBlockReference
  2
_DIMX
 10
1772763.86171575
 20
-978223.8314059556
 30
0.0
 50
91.89058298790098
  0
MTEXT
  5
CD1C5
330
C8B37
100
AcDbEntity
  8
SHADE
  6
CONTINOUS
 62
     8
440
 16777216
 48
5.0
100
AcDbMText
 10
1773145.9324789
 20
-981462.9897737954
 30
0.0
 40
350.0
 41
0.0
 46
0.0
 71
     5
 72
     1
  1
\A1;6500
  7
标注
 11
0.03299091043595426
 21
-0.9994556517567985
 31
0.0
 73
     1
 44
1.0
  0
POINT
  5
CD1C6
330
C8B37
100
AcDbEntity
  8
Defpoints
  6
CONTINOUS
 62
     0
440
 16777216
 48
5.0
100
AcDbPoint
 10
1774728.392281383
 20
-984662.5246453696
 30
0.0
  0
POINT
  5
CD1C7
330
C8B37
100
AcDbEntity
  8
Defpoints
  6
CONTINOUS
 62
     0
440
 16777216
 48
5.0
100
AcDbPoint
 10
1774513.95136355
 20
-978166.0629089501
 30
0.0
  0
POINT
  5
CD1C8
330
C8B37
100
AcDbEntity
  8
Defpoints
  6
CONTINOUS
 62
     0
440
 16777216
 48
5.0
100
AcDbPoint
 10
1772763.86171575
 20
-978223.8314059556
 30
0.0
  0
ENDBLK
  5
C8B42
330
C8B37
100
AcDbEntity
  8
0
 62
     3
100
AcDbBlockEnd
  0
BLOCK
  5
C8B4D
330
C8B43
100
AcDbEntity
  8
0
 62
     3
100
AcDbBlockBegin
  2
*D67
 70
     1
 10
0.0
 20
0.0
 30
0.0
  3
*D67
  1

  0
LINE
  5
CD1C9
330
C8B43
100
AcDbEntity
  8
SHADE
  6
CONTINOUS
 62
     8
440
 16777216
 48
5.0
370
    -2
100
AcDbLine
 10
1774408.380450157
 20
-974967.8048233289
 30
0.0
 11
1772558.34523718
 21
-975028.8724113766
 31
0.0
  0
LINE
  5
CD1CA
330
C8B43
100
AcDbEntity
  8
SHADE
  6
CONTINOUS
 62
     8
440
 16777216
 48
5.0
370
    -2
100
AcDbLine
 10
1774513.95136355
 20
-978166.0629089504
 30
0.0
 11
1772663.916150573
 21
-978227.1304969982
 31
0.0
  0
LINE
  5
CD1CB
330
C8B43
100
AcDbEntity
  8
SHADE
  6
CONTINOUS
 62
     8
440
 16777216
 48
5.0
370
    -2
100
AcDbLine
 10
1772658.323793266
 20
-975026.5727759848
 30
0.0
 11
1772763.828724838
 21
-978222.831950303
 31
0.0
  0
INSERT
  5
CD1CC
330
C8B43
100
AcDbEntity
  8
SHADE
  6
CONTINOUS
 62
     8
440
 16777216
 48
5.0
370
    -2
100
AcDbBlockReference
  2
_DIMX
 10
1772658.290802355
 20
-975025.573320333
 30
0.0
 50
91.89058298786522
  0
INSERT
  5
CD1CD
330
C8B43
100
AcDbEntity
  8
SHADE
  6
CONTINOUS
 62
     8
440
 16777216
 48
5.0
370
    -2
100
AcDbBlockReference
  2
_DIMX
 10
1772763.861715748
 20
-978223.8314059546
 30
0.0
 50
271.8905829878652
  0
MTEXT
  5
CD1CE
330
C8B43
100
AcDbEntity
  8
SHADE
  6
CONTINOUS
 62
     8
440
 16777216
 48
5.0
100
AcDbMText
 10
1772985.926563285
 20
-976615.6298627742
 30
0.0
 40
350.0
 41
0.0
 46
0.0
 71
     5
 72
     1
  1
\A1;3200
  7
标注
 11
0.03299091043533021
 21
-0.9994556517568191
 31
0.0
 73
     1
 44
1.0
  0
POINT
  5
CD1CF
330
C8B43
100
AcDbEntity
  8
Defpoints
  6
CONTINOUS
 62
     0
440
 16777216
 48
5.0
100
AcDbPoint
 10
1774408.380450157
 20
-974967.8048233289
 30
0.0
  0
POINT
  5
CD1D0
330
C8B43
100
AcDbEntity
  8
Defpoints
  6
CONTINOUS
 62
     0
440
 16777216
 48
5.0
100
AcDbPoint
 10
1774513.95136355
 20
-978166.0629089504
 30
0.0
  0
POINT
  5
CD1D1
330
C8B43
100
AcDbEntity
  8
Defpoints
  6
CONTINOUS
 62
     0
440
 16777216
 48
5.0
100
AcDbPoint
 10
1772763.861715748
 20
-978223.8314059546
 30
0.0
  0
ENDBLK
  5
C8B4E
330
C8B43
100
AcDbEntity
  8
0
 62
     3
100
AcDbBlockEnd
  0
BLOCK
  5
C8B5B
330
C8B4F
100
AcDbEntity
  8
0
 62
     3
100
AcDbBlockBegin
  2
*D68
 70
     1
 10
0.0
 20
0.0
 30
0.0
  3
*D68
  1

  0
LINE
  5
CD1D2
330
C8B4F
100
AcDbEntity
  8
SHADE
  6
CONTINOUS
 62
     8
440
 16777216
 48
5.0
370
    -2
100
AcDbLine
 10
1774408.380450156
 20
-974967.8048233284
 30
0.0
 11
1772558.345237178
 21
-975028.872411377
 31
0.0
  0
LINE
  5
CD1D3
330
C8B4F
100
AcDbEntity
  8
SHADE
  6
CONTINOUS
 62
     8
440
 16777216
 48
5.0
370
    -2
100
AcDbLine
 10
1774388.585903895
 20
-974368.1314322744
 30
0.0
 11
1772538.550690917
 21
-974429.1990203232
 31
0.0
  0
LINE
  5
CD1D4
330
C8B4F
100
AcDbEntity
  8
SHADE
  6
CONTINOUS
 62
     8
440
 16777216
 48
5.0
370
    -2
100
AcDbLine
 10
1772658.323793265
 20
-975026.5727759852
 30
0.0
 11
1772658.356784175
 21
-975027.5722316368
 31
0.0
  0
LINE
  5
CD1D5
330
C8B4F
100
AcDbEntity
  8
SHADE
  6
CONTINOUS
 62
     8
440
 16777216
 48
5.0
370
    -2
100
AcDbLine
 10
1772638.463265182
 20
-974424.9004736276
 30
0.0
 11
1772638.430274272
 21
-974423.9010179758
 31
0.0
  0
LINE
  5
CD1D6
330
C8B4F
100
AcDbEntity
  8
SHADE
  6
CONTINOUS
 62
     8
440
 16777216
 48
5.0
370
    -2
100
AcDbLine
 10
1772658.290802354
 20
-975025.5733203334
 30
0.0
 11
1772638.496256093
 21
-974425.8999292793
 31
0.0
  0
INSERT
  5
CD1D7
330
C8B4F
100
AcDbEntity
  8
SHADE
  6
CONTINOUS
 62
     8
440
 16777216
 48
5.0
370
    -2
100
AcDbBlockReference
  2
_DIMX
 10
1772658.290802354
 20
-975025.5733203334
 30
0.0
 50
91.8905829878875
  0
INSERT
  5
CD1D8
330
C8B4F
100
AcDbEntity
  8
SHADE
  6
CONTINOUS
 62
     8
440
 16777216
 48
5.0
370
    -2
100
AcDbBlockReference
  2
_DIMX
 10
1772638.496256093
 20
-974425.8999292793
 30
0.0
 50
271.8905829878875
  0
MTEXT
  5
CD1D9
330
C8B4F
100
AcDbEntity
  8
SHADE
  6
CONTINOUS
 62
     8
440
 16777216
 48
5.0
100
AcDbMText
 10
1772923.243833457
 20
-974716.6641244366
 30
0.0
 40
350.0
 41
0.0
 46
0.0
 71
     5
 72
     1
  1
\A1;600
  7
标注
 11
0.03299091043571901
 21
-0.9994556517568063
 31
0.0
 73
     1
 44
1.0
  0
POINT
  5
CD1DA
330
C8B4F
100
AcDbEntity
  8
Defpoints
  6
CONTINOUS
 62
     0
440
 16777216
 48
5.0
100
AcDbPoint
 10
1774408.380450156
 20
-974967.8048233284
 30
0.0
  0
POINT
  5
CD1DB
330
C8B4F
100
AcDbEntity
  8
Defpoints
  6
CONTINOUS
 62
     0
440
 16777216
 48
5.0
100
AcDbPoint
 10
1774388.585903895
 20
-974368.1314322744
 30
0.0
  0
POINT
  5
CD1DC
330
C8B4F
100
AcDbEntity
  8
Defpoints
  6
CONTINOUS
 62
     0
440
 16777216
 48
5.0
100
AcDbPoint
 10
1772638.496256093
 20
-974425.8999292793
 30
0.0
  0
ENDBLK
  5
C8B5C
330
C8B4F
100
AcDbEntity
  8
0
 62
     3
100
AcDbBlockEnd
  0
BLOCK
  5
C8B69
330
C8B5D
100
AcDbEntity
  8
0
 62
     3
100
AcDbBlockBegin
  2
*D69
 70
     1
 10
0.0
 20
0.0
 30
0.0
  3
*D69
  1

  0
LINE
  5
CD1DD
330
C8B5D
100
AcDbEntity
  8
SHADE
  6
CONTINOUS
 62
     8
440
 16777216
 48
5.0
370
    -2
100
AcDbLine
 10
1775048.404112608
 20
-994357.2444674108
 30
0.0
 11
1773198.368899635
 21
-994418.3120554537
 31
0.0
  0
LINE
  5
CD1DE
330
C8B5D
100
AcDbEntity
  8
SHADE
  6
CONTINOUS
 62
     8
440
 16777216
 48
5.0
370
    -2
100
AcDbLine
 10
1775068.198658868
 20
-994956.9178584648
 30
0.0
 11
1773218.163445894
 21
-995017.9854465073
 31
0.0
  0
LINE
  5
CD1DF
330
C8B5D
100
AcDbEntity
  8
SHADE
  6
CONTINOUS
 62
     8
440
 16777216
 48
5.0
370
    -2
100
AcDbLine
 10
1773298.2814739
 20
-994414.0135087586
 30
0.0
 11
1773298.24848299
 21
-994413.0140531068
 31
0.0
  0
LINE
  5
CD1E0
330
C8B5D
100
AcDbEntity
  8
SHADE
  6
CONTINOUS
 62
     8
440
 16777216
 48
5.0
370
    -2
100
AcDbLine
 10
1773318.142001981
 20
-995015.6858111162
 30
0.0
 11
1773318.174992891
 21
-995016.6852667677
 31
0.0
  0
LINE
  5
CD1E1
330
C8B5D
100
AcDbEntity
  8
SHADE
  6
CONTINOUS
 62
     8
440
 16777216
 48
5.0
370
    -2
100
AcDbLine
 10
1773298.31446481
 20
-994415.0129644102
 30
0.0
 11
1773318.10901107
 21
-995014.6863554642
 31
0.0
  0
INSERT
  5
CD1E2
330
C8B5D
100
AcDbEntity
  8
SHADE
  6
CONTINOUS
 62
     8
440
 16777216
 48
5.0
370
    -2
100
AcDbBlockReference
  2
_DIMX
 10
1773298.31446481
 20
-994415.0129644102
 30
0.0
 50
271.8905829877101
  0
INSERT
  5
CD1E3
330
C8B5D
100
AcDbEntity
  8
SHADE
  6
CONTINOUS
 62
     8
440
 16777216
 48
5.0
370
    -2
100
AcDbBlockReference
  2
_DIMX
 10
1773318.10901107
 20
-995014.6863554642
 30
0.0
 50
91.8905829877101
  0
MTEXT
  5
CD1E4
330
C8B5D
100
AcDbEntity
  8
SHADE
  6
CONTINOUS
 62
     8
440
 16777216
 48
5.0
100
AcDbMText
 10
1773583.062042174
 20
-994705.7771595686
 30
0.0
 40
350.0
 41
0.0
 46
0.0
 71
     5
 72
     1
  1
\A1;600
  7
标注
 11
0.03299091043262451
 21
-0.9994556517569084
 31
0.0
 73
     1
 44
1.0
  0
POINT
  5
CD1E5
330
C8B5D
100
AcDbEntity
  8
Defpoints
  6
CONTINOUS
 62
     0
440
 16777216
 48
5.0
100
AcDbPoint
 10
1775048.404112608
 20
-994357.2444674108
 30
0.0
  0
POINT
  5
CD1E6
330
C8B5D
100
AcDbEntity
  8
Defpoints
  6
CONTINOUS
 62
     0
440
 16777216
 48
5.0
100
AcDbPoint
 10
1775068.198658868
 20
-994956.9178584648
 30
0.0
  0
POINT
  5
CD1E7
330
C8B5D
100
AcDbEntity
  8
Defpoints
  6
CONTINOUS
 62
     0
440
 16777216
 48
5.0
100
AcDbPoint
 10
1773318.10901107
 20
-995014.6863554642
 30
0.0
  0
ENDBLK
  5
C8B6A
330
C8B5D
100
AcDbEntity
  8
0
 62
     3
100
AcDbBlockEnd
  0
BLOCK
  5
C8B75
330
C8B6B
100
AcDbEntity
  8
0
 62
     3
100
AcDbBlockBegin
  2
*D70
 70
     1
 10
0.0
 20
0.0
 30
0.0
  3
*D70
  1

  0
LINE
  5
CD1E8
330
C8B6B
100
AcDbEntity
  8
SHADE
  6
CONTINOUS
 62
     8
440
 16777216
 48
5.0
370
    -2
100
AcDbLine
 10
1773589.032850108
 20
-974394.8715708656
 30
0.0
 11
1771738.99763714
 21
-974455.939158914
 31
0.0
  0
LINE
  5
CD1E9
330
C8B6B
100
AcDbEntity
  8
SHADE
  6
CONTINOUS
 62
     8
440
 16777216
 48
5.0
370
    -2
100
AcDbLine
 10
1774268.634137464
 20
-994983.3105868134
 30
0.0
 11
1772418.598924495
 21
-995044.3781748618
 31
0.0
  0
LINE
  5
CD1EA
330
C8B6B
100
AcDbEntity
  8
SHADE
  6
CONTINOUS
 62
     8
440
 16777216
 48
5.0
370
    -2
100
AcDbLine
 10
1771838.976193226
 20
-974453.6395235223
 30
0.0
 11
1772518.511498761
 21
-995040.0796281666
 31
0.0
  0
INSERT
  5
CD1EB
330
C8B6B
100
AcDbEntity
  8
SHADE
  6
CONTINOUS
 62
     8
440
 16777216
 48
5.0
370
    -2
100
AcDbBlockReference
  2
_DIMX
 10
1771838.943202315
 20
-974452.6400678704
 30
0.0
 50
91.89058298789419
  0
INSERT
  5
CD1EC
330
C8B6B
100
AcDbEntity
  8
SHADE
  6
CONTINOUS
 62
     8
440
 16777216
 48
5.0
370
    -2
100
AcDbBlockReference
  2
_DIMX
 10
1772518.544489671
 20
-995041.0790838184
 30
0.0
 50
271.8905829878942
  0
MTEXT
  5
CD1ED
330
C8B6B
100
AcDbEntity
  8
SHADE
  6
CONTINOUS
 62
     8
440
 16777216
 48
5.0
100
AcDbMText
 10
1772453.594150227
 20
-984737.7870754746
 30
0.0
 40
350.0
 41
0.0
 46
0.0
 71
     5
 72
     1
  1
\A1;20600
  7
标注
 11
0.03299091043583575
 21
-0.9994556517568024
 31
0.0
 73
     1
 44
1.0
  0
POINT
  5
CD1EE
330
C8B6B
100
AcDbEntity
  8
Defpoints
  6
CONTINOUS
 62
     0
440
 16777216
 48
5.0
100
AcDbPoint
 10
1773589.032850108
 20
-974394.8715708656
 30
0.0
  0
POINT
  5
CD1EF
330
C8B6B
100
AcDbEntity
  8
Defpoints
  6
CONTINOUS
 62
     0
440
 16777216
 48
5.0
100
AcDbPoint
 10
1774268.634137464
 20
-994983.3105868134
 30
0.0
  0
POINT
  5
CD1F0
330
C8B6B
100
AcDbEntity
  8
Defpoints
  6
CONTINOUS
 62
     0
440
 16777216
 48
5.0
100
AcDbPoint
 10
1772518.544489671
 20
-995041.0790838184
 30
0.0
  0
ENDBLK
  5
C8B76
330
C8B6B
100
AcDbEntity
  8
0
 62
     3
100
AcDbBlockEnd
  0
BLOCK
  5
C8B81
330
C8B77
100
AcDbEntity
  8
0
 62
     3
100
AcDbBlockBegin
  2
*D71
 70
     1
 10
0.0
 20
0.0
 30
0.0
  3
*D71
  1

  0
ARC
  5
CD1F1
330
C8B77
100
AcDbEntity
  8
SHADE
  6
CONTINOUS
 62
     8
440
 16777216
 48
5.0
370
    -2
100
AcDbCircle
 10
1805567.759609288
 20
-1894440.693486594
 30
0.0
 40
894897.2201868271
100
AcDbArc
 50
89.5165553371088
 51
90.48344466288752
  0
INSERT
  5
CD1F2
330
C8B77
100
AcDbEntity
  8
SHADE
  6
CONTINOUS
 62
     8
440
 16777216
 48
5.0
370
    -2
100
AcDbBlockReference
  2
_DIMX
 10
1813119.545252672
 20
-999575.337563309
 30
0.0
 50
359.5165233246172
  0
INSERT
  5
CD1F3
330
C8B77
100
AcDbEntity
  8
SHADE
  6
CONTINOUS
 62
     8
440
 16777216
 48
5.0
370
    -2
100
AcDbBlockReference
  2
_DIMX
 10
1798015.973965961
 20
-999575.3375633087
 30
0.0
 50
180.4834766753791
  0
MTEXT
  5
CD1F4
330
C8B77
100
AcDbEntity
  8
SHADE
  6
CONTINOUS
 62
     8
440
 16777216
 48
5.0
100
AcDbMText
 10
1805567.759609316
 20
-999268.4732997667
 30
0.0
 40
350.0
 41
0.0
 46
0.0
 71
     5
 72
     1
  1
\A1;15200
  7
标注
 73
     1
 44
1.0
  0
POINT
  5
CD1F5
330
C8B77
100
AcDbEntity
  8
Defpoints
  6
CONTINOUS
 62
     0
440
 16777216
 48
5.0
100
AcDbPoint
 10
1808085.04804819
 20
-999547.0137921697
 30
0.0
  0
POINT
  5
CD1F6
330
C8B77
100
AcDbEntity
  8
Defpoints
  6
CONTINOUS
 62
     0
440
 16777216
 48
5.0
100
AcDbPoint
 10
1813100.159658423
 20
-1001872.475951031
 30
0.0000000000572635
  0
POINT
  5
CD1F7
330
C8B77
100
AcDbEntity
  8
Defpoints
  6
CONTINOUS
 62
     0
440
 16777216
 48
5.0
100
AcDbPoint
 10
1798035.35956021
 20
-1001872.47595103
 30
0.0000000000572635
  0
POINT
  5
CD1F8
330
C8B77
100
AcDbEntity
  8
Defpoints
  6
CONTINOUS
 62
     0
440
 16777216
 48
5.0
100
AcDbPoint
 10
1797790.63672644
 20
-972873.5085429548
 30
0.0000000000591239
  0
POINT
  5
CD1F9
330
C8B77
100
AcDbEntity
  8
Defpoints
  6
CONTINOUS
 62
     0
440
 16777216
 48
5.0
100
AcDbPoint
 10
1813344.882492194
 20
-972873.508542955
 30
0.0000000000591239
  0
ENDBLK
  5
C8B82
330
C8B77
100
AcDbEntity
  8
0
 62
     3
100
AcDbBlockEnd
  0
BLOCK
  5
CDC44
330
CDC3A
100
AcDbEntity
  8
0
 62
     6
100
AcDbBlockBegin
  2
*D72
 70
     1
 10
0.0
 20
0.0
 30
0.0
  3
*D72
  1

  0
ARC
  5
CDC58
330
CDC3A
100
AcDbEntity
  8
SHADE
  6
CONTINOUS
 62
     8
440
 16777216
 48
5.0
370
    -2
100
AcDbCircle
 10
1805568.75957367
 20
-1894440.685046237
 30
0.0
 40
894897.2201846306
100
AcDbArc
 50
90.48357271285414
 51
91.45046203863518
  0
INSERT
  5
CDC59
330
CDC3A
100
AcDbEntity
  8
SHADE
  6
CONTINOUS
 62
     8
440
 16777216
 48
5.0
370
    -2
100
AcDbBlockReference
  2
_DIMX
 10
1798016.97393036
 20
-999575.3291251486
 30
0.0
 50
0.4835407003625283
  0
INSERT
  5
CDC5A
330
CDC3A
100
AcDbEntity
  8
SHADE
  6
CONTINOUS
 62
     8
440
 16777216
 48
5.0
370
    -2
100
AcDbBlockReference
  2
_DIMX
 10
1782915.55375373
 20
-999830.229618704
 30
0.0
 50
181.4504940511268
  0
MTEXT
  5
CDC5B
330
CDC3A
100
AcDbEntity
  8
SHADE
  6
CONTINOUS
 62
     8
440
 16777216
 48
5.0
100
AcDbMText
 10
1790461.084944237
 20
-999395.9588132004
 30
0.0
 40
350.0
 41
0.0
 46
0.0
 71
     5
 72
     1
  1
\A1;15200
  7
标注
 11
0.9998575760633331
 21
0.01687683586328722
 31
0.0
 73
     1
 44
1.0
  0
POINT
  5
CDC5C
330
CDC3A
100
AcDbEntity
  8
Defpoints
  6
CONTINOUS
 62
     0
440
 16777216
 48
5.0
100
AcDbPoint
 10
1792982.715743153
 20
-999631.9757709668
 30
0.0
  0
POINT
  5
CDC5D
330
CDC3A
100
AcDbEntity
  8
Defpoints
  6
CONTINOUS
 62
     0
440
 16777216
 48
5.0
100
AcDbPoint
 10
1782973.705014531
 20
-1002126.713671442
 30
0.0000000000572635
  0
POINT
  5
CDC5E
330
CDC3A
100
AcDbEntity
  8
Defpoints
  6
CONTINOUS
 62
     0
440
 16777216
 48
5.0
100
AcDbPoint
 10
1798036.359524608
 20
-1001872.467512871
 30
0.0000000000572635
  0
POINT
  5
CDC5F
330
CDC3A
100
AcDbEntity
  8
Defpoints
  6
CONTINOUS
 62
     0
440
 16777216
 48
5.0
100
AcDbPoint
 10
1797791.636690838
 20
-972873.5001047954
 30
0.0000000000591239
  0
POINT
  5
CDC60
330
CDC3A
100
AcDbEntity
  8
Defpoints
  6
CONTINOUS
 62
     0
440
 16777216
 48
5.0
100
AcDbPoint
 10
1782239.606221998
 20
-973136.0065575616
 30
0.0000000000591239
  0
ENDBLK
  5
CDC45
330
CDC3A
100
AcDbEntity
  8
0
 62
     6
100
AcDbBlockEnd
  0
BLOCK
  5
CEC6A
330
CEC69
100
AcDbEntity
  8
0
 62
     6
100
AcDbBlockBegin
  2
fhf
 70
     0
 10
0.0
 20
0.0
 30
0.0
  3
fhf
  1

  0
ELLIPSE
  5
CEC6B
330
CEC69
100
AcDbEntity
  8
fas烟感
 62
     5
100
AcDbEllipse
 10
1533831.700251325
 20
-96455.60251064354
 30
0.0
 11
6.259026579369463
 21
93.24622904853555
 31
0.0
210
0.0
220
0.0
230
-1.0
 40
0.9999999994125235
 41
-0.0670231041885505
 42
3.087379823625026
1001
AcDbBlockRepETag
1070
     1
1071
        2
1005
CEC6B
  0
ELLIPSE
  5
CEC6C
330
CEC69
100
AcDbEntity
  8
fas烟感
 62
     5
100
AcDbEllipse
 10
1533831.700251348
 20
-96455.60251064354
 30
0.0
 11
-6.272341208165038
 21
93.24533436725746
 31
0.0
210
0.0
220
0.0
230
-1.0
 40
0.9999999994140181
 41
3.195948274236661
 42
6.350351201579356
1001
AcDbBlockRepETag
1070
     1
1071
        3
1005
CEC6C
  0
LINE
  5
CEC6D
330
CEC69
100
AcDbEntity
  8
fas烟感
 62
     1
100
AcDbLine
 10
1533955.252251319
 20
-96899.06663379702
 30
0.0
 11
1533955.252251319
 21
-95975.60381558537
 31
0.0
1001
AcDbBlockRepETag
1070
     1
1071
        4
1005
CEC6D
  0
LINE
  5
CEC6E
330
CEC69
100
AcDbEntity
  8
fas烟感
 62
     5
100
AcDbLine
 10
1533955.252251319
 20
-96602.44871107774
 30
0.0
 11
1533708.148251377
 21
-96312.61511386267
 31
0.0
1001
AcDbBlockRepETag
1070
     1
1071
        5
1005
CEC6E
  0
LINE
  5
CEC6F
330
CEC69
100
AcDbEntity
  8
fas烟感
 62
     5
100
AcDbLine
 10
1533708.148251377
 20
-96601.37682117405
 30
0.0
 11
1533955.252251319
 21
-96311.54322395883
 31
0.0
1001
AcDbBlockRepETag
1070
     1
1071
        6
1005
CEC6F
  0
LINE
  5
CEC70
330
CEC69
100
AcDbEntity
  8
fas烟感
 62
     1
100
AcDbLine
 10
1533708.148251377
 20
-96899.06663379702
 30
0.0
 11
1533955.252251319
 21
-96899.06663379702
 31
0.0
1001
AcDbBlockRepETag
1070
     1
1071
        4
1005
0
  0
LINE
  5
CEC71
330
CEC69
100
AcDbEntity
  8
fas烟感
 62
     1
100
AcDbLine
 10
1533708.148251377
 20
-95975.60381558537
 30
0.0
 11
1533708.148251377
 21
-96899.06663379702
 31
0.0
1001
AcDbBlockRepETag
1070
     1
1071
        4
1005
0
  0
LINE
  5
CEC72
330
CEC69
100
AcDbEntity
  8
fas烟感
 62
     1
100
AcDbLine
 10
1533955.252251319
 20
-95975.60381558537
 30
0.0
 11
1533708.148251377
 21
-95975.60381558537
 31
0.0
1001
AcDbBlockRepETag
1070
     1
1071
        4
1005
0
  0
ENDBLK
  5
CEC73
330
CEC69
100
AcDbEntity
  8
0
 62
     6
100
AcDbBlockEnd
  0
BLOCK
  5
CF0EC
330
CF0B3
100
AcDbEntity
  8
0
 62
     6
100
AcDbBlockBegin
  2
A$C49EE7E21
 70
     0
 10
0.0
 20
0.0
 30
0.0
  3
A$C49EE7E21
  1

  0
LINE
  5
CF0B4
330
CF0B3
100
AcDbEntity
  8
DIM
 62
   253
100
AcDbLine
 10
235.5563957567792
 20
752.0309647874674
 30
0.0
 11
235.5563960194122
 21
155.0009918160504
 31
0.0
  0
LINE
  5
CF0B5
330
CF0B3
100
AcDbEntity
  8
DIM
 62
   253
100
AcDbLine
 10
393.0994349892717
 20
1255.000981198973
 30
0.0
 11
3952.304758189013
 21
1255.000982707716
 31
0.0
  0
LINE
  5
CF0B6
330
CF0B3
100
AcDbEntity
  8
DIM
 62
   253
100
AcDbLine
 10
1210.867663381389
 20
1255.000981545425
 30
0.0
 11
3952.304758189013
 21
1255.000982737518
 31
0.0
  0
LINE
  5
CF0B7
330
CF0B3
100
AcDbEntity
  8
DIM
 62
   253
100
AcDbLine
 10
361.7768846151885
 20
1155.000982770114
 30
0.0
 11
3952.304758248618
 21
1155.000984019018
 31
0.0
  0
LINE
  5
CF0B8
330
CF0B3
100
AcDbEntity
  8
DIM
 62
   253
100
AcDbLine
 10
1210.867663381389
 20
1155.000983065344
 30
0.0
 11
3952.304758248618
 21
1155.000984078623
 31
0.0
  0
LINE
  5
CF0B9
330
CF0B3
100
AcDbEntity
  8
DIM
 62
   253
100
AcDbLine
 10
17.2288284113165
 20
55.00099339184817
 30
0.0
 11
3952.304758665851
 21
55.00099471805152
 31
0.0
  0
LINE
  5
CF0BA
330
CF0B3
100
AcDbEntity
  8
DIM
 62
   253
100
AcDbLine
 10
0.0014255929272622
 20
0.0009938966250047
 30
0.0
 11
3952.304758725455
 21
0.0009953140979633
 31
0.0
  0
LINE
  5
CF0BB
330
CF0B3
100
AcDbEntity
  8
DIM
 62
   253
100
AcDbLine
 10
34.45623118965887
 20
110.0009927594801
 30
0.0
 11
3952.304758665851
 21
110.0009941220051
 31
0.0
  0
LINE
  5
CF0BC
330
CF0B3
100
AcDbEntity
  8
DIM
 62
   253
100
AcDbLine
 10
48.55137871089391
 20
155.0009915822884
 30
0.0
 11
3952.304758665851
 21
155.0009934067493
 31
0.0
  0
LINE
  5
CF0BD
330
CF0B3
100
AcDbEntity
  8
DIM
 62
   253
100
AcDbLine
 10
635.5563976743724
 20
155.0009918272262
 30
0.0
 11
635.5563973167446
 21
1155.000982946134
 31
0.0
  0
LINE
  5
CF0BE
330
CF0B3
100
AcDbEntity
  8
DIM
 62
   253
100
AcDbLine
 10
5015.146346447757
 20
155.0009934067493
 30
0.0
 11
5015.146346030524
 21
1155.000984853483
 31
0.0
  0
LINE
  5
CF0BF
330
CF0B3
100
AcDbEntity
  8
DIM
 62
   253
100
AcDbLine
 10
5214.789567647269
 20
155.0009934961563
 30
0.0
 11
5214.789567230036
 21
1155.00098494289
 31
0.0
  0
LINE
  5
CF0C0
330
CF0B3
100
AcDbEntity
  8
DIM
 62
   253
100
AcDbLine
 10
5364.78956830292
 20
155.0009935557609
 30
0.0
 11
5364.789567885688
 21
1155.000985002495
 31
0.0
  0
LINE
  5
CF0C1
330
CF0B3
100
AcDbEntity
  8
DIM
 62
   253
100
AcDbLine
 10
5514.789568958571
 20
155.0009936153656
 30
0.0
 11
5514.789568600943
 21
1155.000985062099
 31
0.0
  0
LINE
  5
CF0C2
330
CF0B3
100
AcDbEntity
  8
DIM
 62
   253
100
AcDbLine
 10
5664.789569673827
 20
155.0009936749702
 30
0.0
 11
5664.789569256594
 21
1155.000985121704
 31
0.0
  0
LINE
  5
CF0C3
330
CF0B3
100
AcDbEntity
  8
DIM
 62
   253
100
AcDbLine
 10
2467.919913707068
 20
155.0009929001098
 30
0.0
 11
2467.919913349441
 21
1155.000983333564
 31
0.0
  0
LINE
  5
CF0C4
330
CF0B3
100
AcDbEntity
  8
DIM
 62
   253
100
AcDbLine
 10
2867.919915435603
 20
155.0009930789238
 30
0.0
 11
2867.919915018371
 21
1155.000983512378
 31
0.0
  0
LINE
  5
CF0C5
330
CF0B3
100
AcDbEntity
  8
DIM
 62
   253
100
AcDbLine
 10
3267.919917164138
 20
155.0009932279354
 30
0.0
 11
3267.91991680651
 21
1155.00098366139
 31
0.0
  0
LINE
  5
CF0C6
330
CF0B3
100
AcDbEntity
  8
DIM
 62
   253
100
AcDbLine
 10
3667.919918892673
 20
155.000993376947
 30
0.0
 11
3667.919918535045
 21
1155.000983840204
 31
0.0
  0
LINE
  5
CF0C7
330
CF0B3
100
AcDbEntity
  8
DIM
 62
   253
100
AcDbLine
 10
4467.919922409347
 20
155.0009937345749
 30
0.0
 11
4467.919921992114
 21
1155.000984138227
 31
0.0
  0
LINE
  5
CF0C8
330
CF0B3
100
AcDbEntity
  8
DIM
 62
   253
100
AcDbLine
 10
4067.919920621207
 20
155.0009935557609
 30
0.0
 11
4067.919920203975
 21
1155.000983989216
 31
0.0
  0
LINE
  5
CF0C9
330
CF0B3
100
AcDbEntity
  8
DIM
 62
   253
100
AcDbLine
 10
4867.919924137881
 20
155.0009938835865
 30
0.0
 11
4867.919923720649
 21
1155.000984287239
 31
0.0
  0
LINE
  5
CF0CA
330
CF0B3
100
AcDbEntity
  8
DIM
 62
   253
100
AcDbLine
 10
3952.304758248618
 20
1155.000984108425
 30
0.0
 11
1210.867663381389
 21
1155.000983065344
 31
0.0
  0
LINE
  5
CF0CB
330
CF0B3
100
AcDbEntity
  8
DIM
 62
   253
100
AcDbLine
 10
3952.304758189013
 20
1310.000982111669
 30
0.0
 11
410.3268377936911
 21
1310.000980648562
 31
0.0
  0
LINE
  5
CF0CC
330
CF0B3
100
AcDbEntity
  8
DIM
 62
   253
100
AcDbLine
 10
3952.304758248618
 20
1200.000983303762
 30
0.0
 11
375.8720321978908
 21
1200.000981787569
 31
0.0
  0
LINE
  5
CF0CD
330
CF0B3
100
AcDbEntity
  8
DIM
 62
   253
100
AcDbLine
 10
3952.304758189013
 20
1310.000982171274
 30
0.0
 11
1210.867663321784
 21
1310.000980949379
 31
0.0
  0
LINE
  5
CF0CE
330
CF0B3
100
AcDbEntity
  8
DIM
 62
   253
100
AcDbLine
 10
1210.867663381389
 20
1255.00098160503
 30
0.0
 11
6982.980088947108
 21
1255.00098404882
 31
0.0
  0
LINE
  5
CF0CF
330
CF0B3
100
AcDbEntity
  8
DIM
 62
   253
100
AcDbLine
 10
1210.867663381389
 20
1155.000982975937
 30
0.0
 11
6565.343299327185
 21
1155.000984913088
 31
0.0
  0
LINE
  5
CF0D0
330
CF0B3
100
AcDbEntity
  8
DIM
 62
   253
100
AcDbLine
 10
3952.304758248618
 20
1200.000983333564
 30
0.0
 11
1210.867663381389
 21
1200.000982141472
 31
0.0
  0
LINE
  5
CF0D1
330
CF0B3
100
AcDbEntity
  8
DIM
 62
   253
100
AcDbLine
 10
48.55137875839137
 20
155.0009917331627
 30
0.0
 11
6564.235847709468
 21
155.0009945988422
 31
0.0
  0
LINE
  5
CF0D2
330
CF0B3
100
AcDbEntity
  8
DIM
 62
   253
100
AcDbLine
 10
0.0014255724381655
 20
0.0009938305011019
 30
0.0
 11
6938.158676562598
 21
0.0009963571792468
 31
0.0
  0
LINE
  5
CF0D3
330
CF0B3
100
AcDbEntity
  8
DIM
 62
   253
100
AcDbLine
 10
17.2288283740636
 20
55.0009932735702
 30
0.0
 11
6982.977839110186
 21
55.00099579093512
 31
0.0
  0
LINE
  5
CF0D4
330
CF0B3
100
AcDbEntity
  8
DIM
 62
   253
100
AcDbLine
 10
34.4562311663758
 20
110.0009926859057
 30
0.0
 11
6929.670887766173
 21
110.0009951650864
 31
0.0
  0
LINE
  5
CF0D5
330
CF0B3
100
AcDbEntity
  8
DIM
 62
   253
100
AcDbLine
 10
5814.789570269873
 20
155.0009937345749
 30
0.0
 11
5814.789569912245
 21
1155.000985181308
 31
0.0
  0
LINE
  5
CF0D6
330
CF0B3
100
AcDbEntity
  8
DIM
 62
   253
100
AcDbLine
 10
5964.789570925524
 20
155.0009937941795
 30
0.0
 11
5964.789570508292
 21
1155.000985240913
 31
0.0
  0
LINE
  5
CF0D7
330
CF0B3
100
AcDbEntity
  8
DIM
 62
   253
100
AcDbLine
 10
6114.789571581176
 20
155.0009938537842
 30
0.0
 11
6114.789571163943
 21
1155.000985300518
 31
0.0
  0
LINE
  5
CF0D8
330
CF0B3
100
AcDbEntity
  8
DIM
 62
   253
100
AcDbLine
 10
6264.789572236827
 20
155.0009939133888
 30
0.0
 11
6264.789571819594
 21
1155.000985360122
 31
0.0
  0
LINE
  5
CF0D9
330
CF0B3
100
AcDbEntity
  8
DIM
 62
   253
100
AcDbLine
 10
6414.789572832873
 20
155.0009939729935
 30
0.0
 11
6414.789572475245
 21
1155.000985419727
 31
0.0
  0
LINE
  5
CF0DA
330
CF0B3
100
AcDbEntity
  8
DIM
 62
   253
100
AcDbLine
 10
6564.789573488524
 20
155.0009940325981
 30
0.0
 11
6564.789573130896
 21
1155.000985449529
 31
0.0
  0
ELLIPSE
  5
CF0DB
330
CF0B3
100
AcDbEntity
  8
DIM
 62
   253
100
AcDbEllipse
 10
5016.146346268943
 20
655.0009889662033
 30
0.0
 11
74.53998878298687
 21
52.0923238944479
 31
0.0
210
0.0
220
0.0
230
1.0
 40
0.999999994909222
 41
5.673231094630439
 42
11.95641640181002
  0
LINE
  5
CF0DC
330
CF0B3
100
AcDbEntity
  8
DIM
 62
   253
100
AcDbLine
 10
3952.304758248618
 20
1155.00098404882
 30
0.0
 11
1210.867663381389
 21
1155.000983095146
 31
0.0
  0
LINE
  5
CF0DD
330
CF0B3
100
AcDbEntity
  8
DIM
 62
   253
100
AcDbLine
 10
6935.196985659888
 20
1310.000983452774
 30
0.0
 11
1210.867663321784
 21
1310.000981008983
 31
0.0
  0
LINE
  5
CF0DE
330
CF0B3
100
AcDbEntity
  8
DIM
 62
   253
100
AcDbLine
 10
6926.709212420275
 20
1200.000984615064
 30
0.0
 11
1210.867663381389
 21
1200.000982201076
 31
0.0
  0
ELLIPSE
  5
CF0DF
330
CF0B3
100
AcDbEntity
  8
DIM
 62
   253
100
AcDbEllipse
 10
6924.473400650313
 20
1255.500967776752
 30
0.0
 11
45.53699636700087
 21
31.8061158451834
 31
0.0
210
0.0
220
0.0
230
1.0
 40
0.9999999949948108
 41
4.142955130941857
 42
7.050003778213735
  0
LINE
  5
CF0E0
330
CF0B3
100
AcDbEntity
  8
DIM
 62
   253
100
AcDbLine
 10
6564.789573130896
 20
1154.501000916935
 30
0.0
 11
6614.626525936415
 21
1199.501000767923
 31
0.0
  0
LINE
  5
CF0E1
330
CF0B3
100
AcDbEntity
  8
DIM
 62
   253
100
AcDbLine
 10
6564.789573488524
 20
154.5010109305149
 30
0.0
 11
6614.626526353648
 21
109.5010111689335
 31
0.0
  0
ELLIPSE
  5
CF0E2
330
CF0B3
100
AcDbEntity
  8
DIM
 62
   253
100
AcDbEllipse
 10
6927.435088990023
 20
54.50101152656134
 30
0.0
 11
45.53022560728915
 21
31.81580739339634
 31
0.0
210
0.0
220
0.0
230
1.0
 40
0.999999994786096
 41
4.296760483941066
 42
7.203809131558089
  0
LINE
  5
CF0E3
330
CF0B3
100
AcDbEntity
  8
DIM
 62
   253
100
AcDbLine
 10
2235.556404230883
 20
1155.000983542181
 30
0.0
 11
2235.556404648116
 21
155.0009926020866
 31
0.0
  0
LINE
  5
CF0E4
330
CF0B3
100
AcDbEntity
  8
DIM
 62
   253
100
AcDbLine
 10
1835.556402681163
 20
879.245669609285
 30
0.0
 11
1835.556402919581
 21
155.0009924232727
 31
0.0
  0
LINE
  5
CF0E5
330
CF0B3
100
AcDbEntity
  8
DIM
 62
   253
100
AcDbLine
 10
1835.556402919581
 20
155.0009924232727
 30
0.0
 11
1835.556402561953
 21
1155.000983393169
 31
0.0
  0
LINE
  5
CF0E6
330
CF0B3
100
AcDbEntity
  8
DIM
 62
   253
100
AcDbLine
 10
1435.556401191047
 20
155.0009922146564
 30
0.0
 11
1435.556400773814
 21
1155.000983244158
 31
0.0
  0
LINE
  5
CF0E7
330
CF0B3
100
AcDbEntity
  8
DIM
 62
   253
100
AcDbLine
 10
1435.556400773814
 20
1155.000983244158
 30
0.0
 11
1435.556401191047
 21
155.0009922146564
 31
0.0
  0
LINE
  5
CF0E8
330
CF0B3
100
AcDbEntity
  8
0
 62
   253
100
AcDbLine
 10
1424.959087430267
 20
654.5010003134375
 30
0.0
 11
5014.592626587255
 21
654.5010003134375
 31
0.0
  0
SOLID
  5
CF0E9
330
CF0B3
100
AcDbEntity
  8
0
 62
   253
100
AcDbTrace
 10
1424.95908743015
 20
654.5010003134375
 30
0.0
 11
1824.95908743015
 21
694.5010003134375
 31
0.0
 12
1824.95908743015
 22
614.5010003134375
 32
0.0
 13
1824.95908743015
 23
614.5010003134375
 33
0.0
  0
ENDBLK
  5
CF0ED
330
CF0B3
100
AcDbEntity
  8
0
 62
     6
100
AcDbBlockEnd
  0
BLOCK
  5
CF0FB
330
CF0F1
100
AcDbEntity
  8
0
 62
     6
100
AcDbBlockBegin
  2
A$C1B2655A1
 70
     0
 10
0.0
 20
0.0
 30
0.0
  3
A$C1B2655A1
  1

  0
LINE
  5
CF0F2
330
CF0F1
100
AcDbEntity
  8
0
 62
   253
100
AcDbLine
 10
-0.0007152741309255
 20
-0.0003024487523362
 30
0.0
 11
-0.0007152741309255
 21
999.9996984800091
 31
0.0
  0
LINE
  5
CF0F3
330
CF0F1
100
AcDbEntity
  8
0
 62
   253
100
AcDbLine
 10
399.9992847258691
 20
-0.0003024680772796
 30
0.0
 11
399.9992847258691
 21
999.9996984949103
 31
0.0
  0
LINE
  5
CF0F4
330
CF0F1
100
AcDbEntity
  8
0
 62
   253
100
AcDbLine
 10
799.9992847258691
 20
-0.0003024874022231
 30
0.0
 11
799.9992847258691
 21
999.9996985100443
 31
0.0
  0
LINE
  5
CF0F5
330
CF0F1
100
AcDbEntity
  8
0
 62
   253
100
AcDbLine
 10
1199.999284725869
 20
-0.0003025067271665
 30
0.0
 11
1199.999284725869
 21
999.9996985251782
 31
0.0
  0
LINE
  5
CF0F6
330
CF0F1
100
AcDbEntity
  8
0
 62
   253
100
AcDbLine
 10
1999.999284725869
 20
-0.0003025453770533
 30
0.0
 11
1999.999284725869
 21
999.9996985552134
 31
0.0
  0
LINE
  5
CF0F7
330
CF0F1
100
AcDbEntity
  8
0
 62
   253
100
AcDbLine
 10
2387.499284725869
 20
-0.0003025640035048
 30
0.0
 11
2387.499284725869
 21
999.9996985696489
 31
0.0
  0
LINE
  5
CF0F8
330
CF0F1
100
AcDbEntity
  8
0
 62
   253
100
AcDbLine
 10
1599.999284725869
 20
-0.0003025260521099
 30
0.0
 11
1599.999284725869
 21
999.9996985400794
 31
0.0
  0
ENDBLK
  5
CF0FC
330
CF0F1
100
AcDbEntity
  8
0
 62
     6
100
AcDbBlockEnd
  0
BLOCK
  5
CF107
330
CF0FD
100
AcDbEntity
  8
0
 62
     6
100
AcDbBlockBegin
  2
A$C5B852AAB
 70
     0
 10
0.0
 20
0.0
 30
0.0
  3
A$C5B852AAB
  1

  0
LINE
  5
CF0FE
330
CF0FD
100
AcDbEntity
  8
0
 62
   253
100
AcDbLine
 10
-0.0007152741309255
 20
-0.0003024487523362
 30
0.0
 11
-0.0007152741309255
 21
999.9996984800091
 31
0.0
  0
LINE
  5
CF0FF
330
CF0FD
100
AcDbEntity
  8
0
 62
   253
100
AcDbLine
 10
399.9992847258691
 20
-0.0003024680772796
 30
0.0
 11
399.9992847258691
 21
999.9996984949103
 31
0.0
  0
LINE
  5
CF100
330
CF0FD
100
AcDbEntity
  8
0
 62
   253
100
AcDbLine
 10
799.9992847258691
 20
-0.0003024874022231
 30
0.0
 11
799.9992847258691
 21
999.9996985100443
 31
0.0
  0
LINE
  5
CF101
330
CF0FD
100
AcDbEntity
  8
0
 62
   253
100
AcDbLine
 10
1199.999284725869
 20
-0.0003025067271665
 30
0.0
 11
1199.999284725869
 21
999.9996985251782
 31
0.0
  0
LINE
  5
CF102
330
CF0FD
100
AcDbEntity
  8
0
 62
   253
100
AcDbLine
 10
1999.999284725869
 20
-0.0003025453770533
 30
0.0
 11
1999.999284725869
 21
999.9996985552134
 31
0.0
  0
LINE
  5
CF103
330
CF0FD
100
AcDbEntity
  8
0
 62
   253
100
AcDbLine
 10
2387.499284725869
 20
-0.0003025640035048
 30
0.0
 11
2387.499284725869
 21
999.9996985696489
 31
0.0
  0
LINE
  5
CF104
330
CF0FD
100
AcDbEntity
  8
0
 62
   253
100
AcDbLine
 10
1599.999284725869
 20
-0.0003025260521099
 30
0.0
 11
1599.999284725869
 21
999.9996985400794
 31
0.0
  0
ENDBLK
  5
CF108
330
CF0FD
100
AcDbEntity
  8
0
 62
     6
100
AcDbBlockEnd
  0
ENDSEC
  0
SECTION
  2
ENTITIES
  0
TEXT
  5
1CF5
330
2
100
AcDbEntity
  8
PUB_TEXT
  6
CONTINOUS
370
    -1
100
AcDbText
 10
3377977.120779958
 20
76074.03694823745
 30
-0.0000000000000122
 40
3000.0
  1

 50
0.0000000348178192
 41
0.6
  7
黑体
100
AcDbText
  0
TEXT
  5
1CF6
330
2
100
AcDbEntity
  8
PUB_TEXT
  6
CONTINOUS
370
    -1
100
AcDbText
 10
3365954.096683376
 20
76074.03694646514
 30
-0.0000000000000122
 40
3000.0
  1

 50
0.0000000348178192
 41
0.6
  7
黑体
100
AcDbText
  0
TEXT
  5
404C
330
2
100
AcDbEntity
  8
PUB_TEXT
  6
CONTINOUS
370
    -1
100
AcDbText
 10
3491963.793803606
 20
-776719.3865058128
 30
-0.0000000000000122
 40
746.8354430379748
  1

 50
0.0000000348178192
 41
0.6
  7
黑体
100
AcDbText
  0
TEXT
  5
404D
330
2
100
AcDbEntity
  8
PUB_TEXT
  6
CONTINOUS
370
    -1
100
AcDbText
 10
3488198.983079251
 20
-776719.3865075851
 30
-0.0000000000000122
 40
746.8354430379748
  1

 50
0.0000000348178192
 41
0.6
  7
黑体
100
AcDbText
  0
TEXT
  5
420F
330
2
100
AcDbEntity
  8
PUB_TEXT
  6
CONTINOUS
370
    -1
100
AcDbText
 10
3500678.204113743
 20
-973581.5047770146
 30
0.0000000014698118
 40
1194.93670886076
  1

 41
0.6
  7
黑体
100
AcDbText
  0
INSERT
  5
7109
330
2
100
AcDbEntity
  8
ASHADE
 62
     1
370
    -1
100
AcDbBlockReference
  2
AVE_RENDER
 10
0.0
 20
0.0
 30
0.0
1001
AVE_RENDER
1002
{
1070
     7
1000
Pref
1070
    30
1070
    20
1070
     1
1070
     0
1000

1070
    10
1070
     1
1070
    10
1040
1.0
1070
     1
1040
0.7
1040
1.0
1040
0.0
1040
10.0
1010
-1.0
1020
-1.0
1030
-1.0
1040
0.3
1070
    49
1070
     0
1070
     0
1010
1.0
1020
1.0
1030
1.0
1040
45.0
1070
     1
1070
     0
1000
WCS
1040
0.0
1070
     0
1040
1000.0
1002
}
  0
INSERT
  5
710A
330
2
100
AcDbEntity
  8
0
370
    -1
100
AcDbBlockReference
  2
AR3_INFO
 10
0.0
 20
0.0
 30
0.0
  0
TEXT
  5
CD54
330
2
100
AcDbEntity
  8
TEXT
  6
CONTINOUS
 62
     0
370
    -1
100
AcDbText
 10
2689869.695437498
 20
-805262.8800517952
 30
0.0000000019368028
 40
500.0
  1

 50
359.9999999866598
 41
0.8
  7
_HZTXT
100
AcDbText
  0
TEXT
  5
D670
330
2
100
AcDbEntity
  8
TEXT
  6
CONTINOUS
 62
     0
370
    -1
100
AcDbText
 10
2612634.096191354
 20
-805058.7084610651
 30
0.0000000019734642
 40
500.0
  1

 50
359.9999999866598
 41
0.8
  7
_HZTXT
100
AcDbText
  0
TEXT
  5
DD52
330
2
100
AcDbEntity
  8
TEXT
  6
CONTINOUS
 62
     0
370
    -1
100
AcDbText
 10
2828549.763893103
 20
-811721.361807918
 30
0.0000000019368028
 40
500.0
  1

 50
359.9999999866598
 41
0.8
  7
_HZTXT
100
AcDbText
  0
TEXT
  5
DE93
330
2
100
AcDbEntity
  8
TEXT
  6
CONTINOUS
 62
     0
370
    -1
100
AcDbText
 10
2913433.949881713
 20
-809269.5737296913
 30
0.0000000019368028
 40
500.0
  1

 41
0.7
  7
标注
100
AcDbText
  0
TEXT
  5
DE94
330
2
100
AcDbEntity
  8
TEXT
  6
CONTINOUS
 62
     0
370
    -1
100
AcDbText
 10
2811514.42673759
 20
-816815.691235846
 30
0.0000000019368028
 40
500.0
  1

 41
0.7
  7
标注
100
AcDbText
  0
TEXT
  5
DF80
330
2
100
AcDbEntity
  8
TEXT
  6
CONTINOUS
 62
     0
370
    -1
100
AcDbText
 10
2837743.075691564
 20
-840518.3937627787
 30
0.0000000019734642
 40
700.0
  1

  7
黑体
100
AcDbText
  0
TEXT
  5
E386
330
2
100
AcDbEntity
  8
TEXT
  6
CONTINOUS
 62
     0
370
    -1
100
AcDbText
 10
2826555.002462299
 20
-818148.0085541883
 30
0.0000000019368028
 40
500.0
  1

 41
0.7
  7
标注
100
AcDbText
  0
TEXT
  5
FAFD
330
2
100
AcDbEntity
  8
TEXT
  6
CONTINOUS
 62
     0
370
    -1
100
AcDbText
 10
2904587.529430244
 20
-840518.3937627787
 30
0.0000000019734642
 40
700.0
  1

  7
黑体
100
AcDbText
  0
TEXT
  5
12FE0
330
2
100
AcDbEntity
  8
TEXT
  6
CONTINOUS
 62
     0
370
    -1
100
AcDbText
 10
2776733.768238207
 20
-839348.7351463239
 30
0.0000000026199528
 40
700.0
  1

  7
黑体
100
AcDbText
  0
TEXT
  5
1301E
330
2
100
AcDbEntity
  8
TEXT
  6
CONTINOUS
 62
     0
370
    -1
100
AcDbText
 10
2781450.175228197
 20
-802841.8877052616
 30
0.0000000026199528
 40
500.0
  1

 41
0.7
  7
标注
100
AcDbText
  0
TEXT
  5
145FA
330
2
100
AcDbEntity
  8
TK
370
    -1
100
AcDbText
 10
2726750.653764395
 20
-829305.8754896815
 30
0.0000000013266451
 40
499.9999999999998
  1

 50
0.0000000667010661
 41
0.7
  7
ST
 72
     1
 11
2726750.653764395
 21
-829305.8754896815
 31
0.0000000013266451
100
AcDbText
  0
TEXT
  5
145FD
330
2
100
AcDbEntity
  8
TK
370
    -1
100
AcDbText
 10
2797189.756732628
 20
-783110.4697716581
 30
0.0000000013266451
 40
499.9999999999998
  1

 50
0.0000000667010661
 41
0.7
  7
ST
 72
     1
 11
2797189.756732628
 21
-783110.4697716581
 31
0.0000000013266451
100
AcDbText
  0
TEXT
  5
14600
330
2
100
AcDbEntity
  8
TK
370
    -1
100
AcDbText
 10
2797189.756732628
 20
-829305.8754896815
 30
0.0000000013266451
 40
499.9999999999998
  1

 50
0.0000000667010661
 41
0.7
  7
ST
 72
     1
 11
2797189.756732628
 21
-829305.8754896815
 31
0.0000000013266451
100
AcDbText
  0
TEXT
  5
14603
330
2
100
AcDbEntity
  8
TK
370
    -1
100
AcDbText
 10
2862590.805673797
 20
-829305.8754896815
 30
0.0000000013266451
 40
499.9999999999998
  1

 50
0.0000000667010661
 41
0.7
  7
ST
 72
     1
 11
2862590.805673797
 21
-829305.8754896815
 31
0.0000000013266451
100
AcDbText
  0
TEXT
  5
17363
330
2
100
AcDbEntity
  8
PUB_TEXT
370
    -1
100
AcDbText
 10
2682218.496532949
 20
-687146.8372314628
 30
0.0
 40
350.0
  1

 41
0.75
100
AcDbText
  0
TEXT
  5
17364
330
2
100
AcDbEntity
  8
PUB_TEXT
370
    -1
100
AcDbText
 10
2683080.996532949
 20
-687146.8372314628
 30
0.0
 40
350.0
  1

 41
0.75
100
AcDbText
  0
TEXT
  5
17366
330
2
100
AcDbEntity
  8
PUB_TEXT
370
    -1
100
AcDbText
 10
2684160.133663683
 20
-718659.5086267581
 30
0.0
 40
420.0
  1

 41
0.7
  7
STYLE1
100
AcDbText
  0
TEXT
  5
17368
330
2
100
AcDbEntity
  8
PUB_TEXT
370
    -1
100
AcDbText
 10
2686622.633663683
 20
-718659.5086267581
 30
0.0
 40
420.0
  1

 41
0.7
  7
STYLE1
100
AcDbText
  0
TEXT
  5
17369
330
2
100
AcDbEntity
  8
PUB_TEXT
370
    -1
100
AcDbText
 10
2682368.496532949
 20
-688336.8372314628
 30
0.0
 40
350.0
  1

 41
0.75
100
AcDbText
  0
TEXT
  5
17376
330
2
100
AcDbEntity
  8
PUB_TEXT
370
    -1
100
AcDbText
 10
2685368.496532949
 20
-722229.5086267581
 30
0.0
 40
420.0
  1

 41
0.7
  7
STYLE1
100
AcDbText
  0
TEXT
  5
17377
330
2
100
AcDbEntity
  8
PUB_TEXT
370
    -1
100
AcDbText
 10
2686005.996532949
 20
-722229.5086267581
 30
0.0
 40
420.0
  1

 41
0.7
  7
STYLE1
100
AcDbText
  0
TEXT
  5
17378
330
2
100
AcDbEntity
  8
PUB_TEXT
370
    -1
100
AcDbText
 10
2688105.996532949
 20
-722229.5086267581
 30
0.0
 40
420.0
  1

 41
0.7
  7
STYLE1
100
AcDbText
  0
TEXT
  5
17379
330
2
100
AcDbEntity
  8
PUB_TEXT
370
    -1
100
AcDbText
 10
2688318.496532949
 20
-722229.5086267581
 30
0.0
 40
420.0
  1

 41
0.7
  7
STYLE1
100
AcDbText
  0
TEXT
  5
173B7
330
2
100
AcDbEntity
  8
PUB_TEXT
370
    -1
100
AcDbText
 10
2682605.996532949
 20
-693683.2177341133
 30
0.0
 40
350.0
  1

 41
0.75
100
AcDbText
  0
TEXT
  5
173BA
330
2
100
AcDbEntity
  8
PUB_TEXT
370
    -1
100
AcDbText
 10
2690368.496532949
 20
-694278.2177341133
 30
0.0
 40
350.0
  1

 41
0.75
100
AcDbText
  0
TEXT
  5
173BB
330
2
100
AcDbEntity
  8
PUB_TEXT
370
    -1
100
AcDbText
 10
2691118.496532949
 20
-694278.2177341133
 30
0.0
 40
350.0
  1

 41
0.75
100
AcDbText
  0
TEXT
  5
173C2
330
2
100
AcDbEntity
  8
PUB_TEXT
370
    -1
100
AcDbText
 10
2684755.996532949
 20
-698968.2177341133
 30
0.0
 40
350.0
  1

 41
0.75
100
AcDbText
  0
TEXT
  5
173FE
330
2
100
AcDbEntity
  8
PUB_TEXT
370
    -1
100
AcDbText
 10
2703869.806591047
 20
-685877.8973469468
 30
0.0
 40
350.0
  1

 41
0.75
100
AcDbText
  0
TEXT
  5
173FF
330
2
100
AcDbEntity
  8
PUB_TEXT
370
    -1
100
AcDbText
 10
2704494.806591047
 20
-685877.8973469468
 30
0.0
 40
350.0
  1

 41
0.75
100
AcDbText
  0
TEXT
  5
17400
330
2
100
AcDbEntity
  8
PUB_TEXT
370
    -1
100
AcDbText
 10
2713682.306591047
 20
-685877.8973469468
 30
0.0
 40
350.0
  1

 41
0.75
100
AcDbText
  0
TEXT
  5
17401
330
2
100
AcDbEntity
  8
PUB_TEXT
370
    -1
100
AcDbText
 10
2714319.806591047
 20
-685877.8973469468
 30
0.0
 40
350.0
  1

 41
0.75
100
AcDbText
  0
TEXT
  5
17411
330
2
100
AcDbEntity
  8
PUB_TEXT
370
    -1
100
AcDbText
 10
2704910.559027498
 20
-720268.8822734241
 30
0.0
 40
350.0
  1

 41
0.75
100
AcDbText
  0
TEXT
  5
1741B
330
2
100
AcDbEntity
  8
PUB_TEXT
370
    -1
100
AcDbText
 10
2705487.971554103
 20
-696939.6607408297
 30
0.0
 40
350.0
  1

 41
0.75
100
AcDbText
  0
TEXT
  5
1741D
330
2
100
AcDbEntity
  8
PUB_TEXT
370
    -1
100
AcDbText
 10
2708237.971554103
 20
-696939.6607408297
 30
0.0
 40
350.0
  1

 41
0.75
100
AcDbText
  0
TEXT
  5
1741E
330
2
100
AcDbEntity
  8
PUB_TEXT
370
    -1
100
AcDbText
 10
2710075.471554103
 20
-696939.6607408297
 30
0.0
 40
350.0
  1

 41
0.75
100
AcDbText
  0
TEXT
  5
1741F
330
2
100
AcDbEntity
  8
PUB_TEXT
370
    -1
100
AcDbText
 10
2710537.971554103
 20
-696939.6607408297
 30
0.0
 40
350.0
  1

 41
0.75
100
AcDbText
  0
TEXT
  5
17427
330
2
100
AcDbEntity
  8
PUB_TEXT
370
    -1
100
AcDbText
 10
2701194.962675302
 20
-689736.1837830875
 30
0.0
 40
350.0
  1

 41
0.75
100
AcDbText
  0
TEXT
  5
17428
330
2
100
AcDbEntity
  8
PUB_TEXT
370
    -1
100
AcDbText
 10
2705394.962675302
 20
-689736.1837830875
 30
0.0
 40
350.0
  1

 41
0.75
100
AcDbText
  0
TEXT
  5
17433
330
2
100
AcDbEntity
  8
PUB_TEXT
370
    -1
100
AcDbText
 10
2721828.031912551
 20
-676139.852503393
 30
0.0
 40
350.0
  1

 41
0.75
100
AcDbText
  0
TEXT
  5
17434
330
2
100
AcDbEntity
  8
PUB_TEXT
370
    -1
100
AcDbText
 10
2722515.531912551
 20
-676139.852503393
 30
0.0
 40
350.0
  1

 41
0.75
100
AcDbText
  0
TEXT
  5
17438
330
2
100
AcDbEntity
  8
PUB_TEXT
370
    -1
100
AcDbText
 10
2717728.031912551
 20
-679124.852503393
 30
0.0
 40
350.0
  1

 41
0.75
100
AcDbText
  0
TEXT
  5
1753F
330
2
100
AcDbEntity
  8
PUB_TEXT
370
    -1
100
AcDbText
 10
2679330.996532949
 20
-683194.7037688855
 30
0.0
 40
350.0
  1

 41
0.75
100
AcDbText
  0
TEXT
  5
17549
330
2
100
AcDbEntity
  8
PUB_TEXT
370
    -1
100
AcDbText
 10
2679330.996532949
 20
-729600.8751869805
 30
0.0
 40
420.0
  1
 
 41
0.7
  7
STYLE1
100
AcDbText
  0
TEXT
  5
1754A
330
2
100
AcDbEntity
  8
PUB_TEXT
370
    -1
100
AcDbText
 10
2679330.996532949
 20
-730200.8751869805
 30
0.0
 40
420.0
  1

 41
0.7
  7
STYLE1
100
AcDbText
  0
TEXT
  5
17550
330
2
100
AcDbEntity
  8
PUB_TEXT
370
    -1
100
AcDbText
 10
2675120.793643113
 20
-702969.1064869935
 30
0.0
 40
350.0
  1

 41
0.75
100
AcDbText
  0
TEXT
  5
17555
330
2
100
AcDbEntity
  8
PUB_TEXT
370
    -1
100
AcDbText
 10
2698315.836825132
 20
-701054.6471614338
 30
0.0
 40
420.0
  1

 41
0.7
  7
STYLE1
100
AcDbText
  0
TEXT
  5
17557
330
2
100
AcDbEntity
  8
PUB_TEXT
370
    -1
100
AcDbText
 10
2698315.836825132
 20
-701654.6471614338
 30
0.0
 40
420.0
  1

 41
0.7
  7
STYLE1
100
AcDbText
  0
TEXT
  5
17559
330
2
100
AcDbEntity
  8
PUB_TEXT
370
    -1
100
AcDbText
 10
2698315.836825132
 20
-702254.6471614338
 30
0.0
 40
420.0
  1

 41
0.66
  7
STYLE1
100
AcDbText
  0
TEXT
  5
1755D
330
2
100
AcDbEntity
  8
PUB_TEXT
370
    -1
100
AcDbText
 10
2679330.996532949
 20
-730800.8751869805
 30
0.0
 40
420.0
  1

 41
0.7
  7
STYLE1
100
AcDbText
  0
TEXT
  5
1757C
330
2
100
AcDbEntity
  8
PUB_TEXT
370
    -1
100
AcDbText
 10
2697677.740150694
 20
-711276.3924213989
 30
0.0
 40
420.0
  1
        
 41
0.7
  7
STYLE1
100
AcDbText
1001
ACAD
1000
MTEXTBEGIN
1070
    73
1070
     1
1070
    44
1040
1.0
1070
    74
1070
     0
1000
MTEXTEND
  0
TEXT
  5
1757D
330
2
100
AcDbEntity
  8
PUB_TEXT
370
    -1
100
AcDbText
 10
2697677.740150694
 20
-711859.7257547323
 30
0.0
 40
420.0
  1
        
 41
0.7
  7
STYLE1
100
AcDbText
1001
ACAD
1000
MTEXTBEGIN
1070
    73
1070
     1
1070
    44
1040
1.0
1070
    74
1070
     0
1000
MTEXTEND
  0
TEXT
  5
1757E
330
2
100
AcDbEntity
  8
PUB_TEXT
370
    -1
100
AcDbText
 10
2697677.740150694
 20
-712443.0590880656
 30
0.0
 40
420.0
  1
        
 41
0.7
  7
STYLE1
100
AcDbText
1001
ACAD
1000
MTEXTBEGIN
1070
    73
1070
     1
1070
    44
1040
1.0
1070
    74
1070
     0
1000
MTEXTEND
  0
TEXT
  5
1757F
330
2
100
AcDbEntity
  8
PUB_TEXT
370
    -1
100
AcDbText
 10
2697677.740150694
 20
-713026.3924213989
 30
0.0
 40
420.0
  1

 41
0.7
  7
STYLE1
100
AcDbText
1001
ACAD
1000
MTEXTBEGIN
1070
    73
1070
     1
1070
    44
1040
1.0
1070
    74
1070
     0
1000
MTEXTEND
  0
TEXT
  5
17583
330
2
100
AcDbEntity
  8
PUB_TEXT
370
    -1
100
AcDbText
 10
2714310.692451725
 20
-688491.8541437878
 30
0.0
 40
350.0
  1

100
AcDbText
1001
ACAD
1000
MTEXTBEGIN
1070
    73
1070
     1
1070
    44
1040
1.0
1070
    74
1070
     0
1000
MTEXTEND
  0
TEXT
  5
17584
330
2
100
AcDbEntity
  8
PUB_TEXT
370
    -1
100
AcDbText
 10
2697677.740150694
 20
-714262.924005417
 30
0.0
 40
420.0
  1

 41
0.7
  7
STYLE1
100
AcDbText
1001
ACAD
1000
MTEXTBEGIN
1070
    73
1070
     1
1070
    44
1040
1.0
1070
    74
1070
     0
1000
MTEXTEND
  0
TEXT
  5
1759B
330
2
100
AcDbEntity
  8
PUB_TEXT
370
    -1
100
AcDbText
 10
2722515.531912551
 20
-676739.852503393
 30
0.0
 40
350.0
  1

 41
0.75
100
AcDbText
  0
TEXT
  5
41EB8
330
2
100
AcDbEntity
  8
PUB_TEXT
370
    -1
100
AcDbText
 10
2727639.463804851
 20
-721376.8827180738
 30
0.0
 40
420.0
  1

 41
0.7
  7
STYLE1
100
AcDbText
  0
TEXT
  5
41F1A
330
2
100
AcDbEntity
  8
PUB_TEXT
370
    -1
100
AcDbText
 10
2715974.867903514
 20
-722504.2106416508
 30
0.0
 40
420.0
  1

 41
0.7
  7
STYLE1
100
AcDbText
  0
TEXT
  5
4254A
330
2
100
AcDbEntity
  8
PUB_TEXT
370
    -1
100
AcDbText
 10
2695710.263158737
 20
-684140.0866647698
 30
0.0
 40
420.0
  1

 41
0.7
  7
STYLE1
100
AcDbText
  0
TEXT
  5
4254B
330
2
100
AcDbEntity
  8
PUB_TEXT
370
    -1
100
AcDbText
 10
2695926.296914009
 20
-684140.0866647699
 30
0.0
 40
420.0
  1

 41
0.7
  7
STYLE1
100
AcDbText
  0
TEXT
  5
4254C
330
2
100
AcDbEntity
  8
PUB_TEXT
370
    -1
100
AcDbText
 10
2696358.364424554
 20
-684140.0866647699
 30
0.0
 40
420.0
  1

 41
0.7
  7
STYLE1
100
AcDbText
  0
TEXT
  5
4254D
330
2
100
AcDbEntity
  8
PUB_TEXT
370
    -1
100
AcDbText
 10
2697006.465690387
 20
-684140.0866647699
 30
0.0
 40
420.0
  1

 41
0.7
  7
STYLE1
100
AcDbText
  0
TEXT
  5
4254E
330
2
100
AcDbEntity
  8
PUB_TEXT
370
    -1
100
AcDbText
 10
2700463.005774779
 20
-684140.0866647699
 30
0.0
 40
420.0
  1

 41
0.7
  7
STYLE1
100
AcDbText
  0
TEXT
  5
42551
330
2
100
AcDbEntity
  8
PUB_TEXT
370
    -1
100
AcDbText
 10
2684476.507884471
 20
-684815.0866647699
 30
0.0
 40
420.0
  1

 41
0.7
  7
STYLE1
100
AcDbText
  0
TEXT
  5
42552
330
2
100
AcDbEntity
  8
PUB_TEXT
370
    -1
100
AcDbText
 10
2691821.655563799
 20
-684815.0866647699
 30
0.0
 40
420.0
  1

 41
0.7
  7
STYLE1
100
AcDbText
  0
TEXT
  5
42553
330
2
100
AcDbEntity
  8
PUB_TEXT
370
    -1
100
AcDbText
 10
2692685.790584905
 20
-684815.0866647699
 30
0.0
 40
420.0
  1

 41
0.7
  7
STYLE1
100
AcDbText
  0
TEXT
  5
42EA4
330
2
100
AcDbEntity
  8
TEXT
  6
CONTINOUS
 62
     0
370
    -1
100
AcDbText
 10
2920062.816638889
 20
-284247.8979973836
 30
0.0000000026199528
 40
500.0
  1

 41
0.7
  7
标注
100
AcDbText
  0
TEXT
  5
470D7
330
2
100
AcDbEntity
  8
PUB_TEXT
370
    -1
100
AcDbText
 10
2697677.740150694
 20
-716791.621311424
 30
0.0
 40
420.0
  1

 41
0.7
  7
STYLE1
100
AcDbText
1001
ACAD
1000
MTEXTBEGIN
1070
    73
1070
     1
1070
    44
1040
1.0
1070
    74
1070
     0
1000
MTEXTEND
  0
TEXT
  5
4B14E
330
2
100
AcDbEntity
  8
TEXT
  6
CONTINOUS
 62
     0
370
    -1
100
AcDbText
 10
2912929.812384193
 20
-748263.6240161358
 30
0.0000000026199528
 40
500.0
  1

 41
0.7
  7
标注
100
AcDbText
  0
TEXT
  5
52809
330
2
100
AcDbEntity
  8
TEXT
  6
CONTINOUS
 62
     0
370
    -1
100
AcDbText
 10
2896479.694390188
 20
-818134.1780054006
 30
0.0000000026199528
 40
350.0
  1

 41
0.7
  7
标注
100
AcDbText
  0
TEXT
  5
55CD4
330
2
100
AcDbEntity
  8
PUB_TEXT
370
    -1
100
AcDbText
 10
2713754.868929839
 20
-621882.889631847
 30
0.0
 40
420.0
  1

 41
0.7
  7
STYLE1
100
AcDbText
  0
TEXT
  5
55D07
330
2
100
AcDbEntity
  8
PUB_TEXT
370
    -1
100
AcDbText
 10
2713235.037706217
 20
-623982.889631847
 30
0.0
 40
420.0
  1

 41
0.7
  7
STYLE1
100
AcDbText
  0
TEXT
  5
55E9B
330
2
100
AcDbEntity
  8
PUB_TEXT
370
    -1
100
AcDbText
 10
2615945.074277269
 20
-714357.1670563857
 30
0.0
 40
420.0
  1

 41
0.7
  7
STYLE1
100
AcDbText
  0
TEXT
  5
55E9C
330
2
100
AcDbEntity
  8
PUB_TEXT
370
    -1
100
AcDbText
 10
2616593.175543087
 20
-714357.1670563857
 30
0.0
 40
420.0
  1

 41
0.7
  7
STYLE1
100
AcDbText
  0
TEXT
  5
55EA3
330
2
100
AcDbEntity
  8
PUB_TEXT
370
    -1
100
AcDbText
 10
2729305.452376506
 20
-622470.6156654566
 30
0.0
 40
420.0
  1

 41
0.7
  7
STYLE1
100
AcDbText
  0
TEXT
  5
55EA4
330
2
100
AcDbEntity
  8
PUB_TEXT
370
    -1
100
AcDbText
 10
2729737.519887051
 20
-622470.6156654565
 30
0.0
 40
420.0
  1

 41
0.7
  7
STYLE1
100
AcDbText
  0
TEXT
  5
55EA8
330
2
100
AcDbEntity
  8
PUB_TEXT
370
    -1
100
AcDbText
 10
2735570.431279457
 20
-623145.6156654566
 30
0.0
 40
420.0
  1

 41
0.7
  7
STYLE1
100
AcDbText
  0
TEXT
  5
55EA9
330
2
100
AcDbEntity
  8
PUB_TEXT
370
    -1
100
AcDbText
 10
2735786.46503473
 20
-623145.6156654565
 30
0.0
 40
420.0
  1

 41
0.7
  7
STYLE1
100
AcDbText
  0
TEXT
  5
55EAF
330
2
100
AcDbEntity
  8
PUB_TEXT
370
    -1
100
AcDbText
 10
2729953.553642324
 20
-624495.6156654565
 30
0.0
 40
420.0
  1

 41
0.7
  7
STYLE1
100
AcDbText
  0
TEXT
  5
55EB0
330
2
100
AcDbEntity
  8
PUB_TEXT
370
    -1
100
AcDbText
 10
2730385.621152869
 20
-624495.6156654566
 30
0.0
 40
420.0
  1

 41
0.7
  7
STYLE1
100
AcDbText
  0
TEXT
  5
55EB1
330
2
100
AcDbEntity
  8
PUB_TEXT
370
    -1
100
AcDbText
 10
2730601.654908142
 20
-624495.6156654565
 30
0.0
 40
420.0
  1

 41
0.7
  7
STYLE1
100
AcDbText
  0
TEXT
  5
55EB2
330
2
100
AcDbEntity
  8
PUB_TEXT
370
    -1
100
AcDbText
 10
2731033.722418702
 20
-624495.6156654566
 30
0.0
 40
420.0
  1

 41
0.7
  7
STYLE1
100
AcDbText
  0
TEXT
  5
55EB3
330
2
100
AcDbEntity
  8
PUB_TEXT
370
    -1
100
AcDbText
 10
2731249.756173975
 20
-624495.6156654566
 30
0.0
 40
420.0
  1

 41
0.7
  7
STYLE1
100
AcDbText
  0
TEXT
  5
55EBE
330
2
100
AcDbEntity
  8
PUB_TEXT
370
    -1
100
AcDbText
 10
2618750.081829454
 20
-719232.3662043618
 30
0.0
 40
420.0
  1

 41
0.7
  7
STYLE1
100
AcDbText
  0
TEXT
  5
55ECC
330
2
100
AcDbEntity
  8
PUB_TEXT
370
    -1
100
AcDbText
 10
2730601.654908142
 20
-628545.6156654565
 30
0.0
 40
420.0
  1

 41
0.7
  7
STYLE1
100
AcDbText
  0
TEXT
  5
5623F
330
2
100
AcDbEntity
  8
PUB_TEXT
370
    -1
100
AcDbText
 10
2621538.675945285
 20
-726379.25567399
 30
0.0
 40
420.0
  1

 41
0.7
  7
STYLE1
100
AcDbText
  0
TEXT
  5
56240
330
2
100
AcDbEntity
  8
PUB_TEXT
370
    -1
100
AcDbText
 10
2621970.743455846
 20
-726379.25567399
 30
0.0
 40
420.0
  1

 41
0.7
  7
STYLE1
100
AcDbText
  0
TEXT
  5
56243
330
2
100
AcDbEntity
  8
PUB_TEXT
370
    -1
100
AcDbText
 10
2620674.540924195
 20
-727054.25567399
 30
0.0
 40
420.0
  1

 41
0.7
  7
STYLE1
100
AcDbText
  0
TEXT
  5
56244
330
2
100
AcDbEntity
  8
PUB_TEXT
370
    -1
100
AcDbText
 10
2621322.642190013
 20
-727054.25567399
 30
0.0
 40
420.0
  1

 41
0.7
  7
STYLE1
100
AcDbText
  0
TEXT
  5
5624B
330
2
100
AcDbEntity
  8
PUB_TEXT
370
    -1
100
AcDbText
 10
2619378.338392544
 20
-727729.2556739899
 30
0.0
 40
420.0
  1

 41
0.7
  7
STYLE1
100
AcDbText
  0
TEXT
  5
5624C
330
2
100
AcDbEntity
  8
PUB_TEXT
370
    -1
100
AcDbText
 10
2620026.439658377
 20
-727729.2556739899
 30
0.0
 40
420.0
  1

 41
0.7
  7
STYLE1
100
AcDbText
  0
TEXT
  5
5624D
330
2
100
AcDbEntity
  8
PUB_TEXT
370
    -1
100
AcDbText
 10
2624779.182274405
 20
-727729.25567399
 30
0.0
 40
420.0
  1

 41
0.7
  7
STYLE1
100
AcDbText
  0
TEXT
  5
5624E
330
2
100
AcDbEntity
  8
PUB_TEXT
370
    -1
100
AcDbText
 10
2625211.24978495
 20
-727729.2556739899
 30
0.0
 40
420.0
  1

 41
0.7
  7
STYLE1
100
AcDbText
  0
TEXT
  5
5625A
330
2
100
AcDbEntity
  8
PUB_TEXT
370
    -1
100
AcDbText
 10
2623266.945987481
 20
-729754.25567399
 30
0.0
 40
420.0
  1

 41
0.7
  7
STYLE1
100
AcDbText
  0
TEXT
  5
5625B
330
2
100
AcDbEntity
  8
PUB_TEXT
370
    -1
100
AcDbText
 10
2623482.979742754
 20
-729754.2556739899
 30
0.0
 40
420.0
  1

 41
0.7
  7
STYLE1
100
AcDbText
  0
TEXT
  5
5625C
330
2
100
AcDbEntity
  8
PUB_TEXT
370
    -1
100
AcDbText
 10
2623915.047253314
 20
-729754.25567399
 30
0.0
 40
420.0
  1

 41
0.7
  7
STYLE1
100
AcDbText
  0
TEXT
  5
5625D
330
2
100
AcDbEntity
  8
PUB_TEXT
370
    -1
100
AcDbText
 10
2624131.081008587
 20
-729754.25567399
 30
0.0
 40
420.0
  1

 41
0.7
  7
STYLE1
100
AcDbText
  0
TEXT
  5
56266
330
2
100
AcDbEntity
  8
PUB_TEXT
370
    -1
100
AcDbText
 10
2618514.203371454
 20
-731104.2556739899
 30
0.0
 40
420.0
  1

 41
0.7
  7
STYLE1
100
AcDbText
  0
TEXT
  5
56267
330
2
100
AcDbEntity
  8
PUB_TEXT
370
    -1
100
AcDbText
 10
2618730.237126726
 20
-731104.25567399
 30
0.0
 40
420.0
  1

 41
0.7
  7
STYLE1
100
AcDbText
  0
TEXT
  5
56268
330
2
100
AcDbEntity
  8
PUB_TEXT
370
    -1
100
AcDbText
 10
2620458.507168922
 20
-731104.25567399
 30
0.0
 40
420.0
  1

 41
0.7
  7
STYLE1
100
AcDbText
  0
TEXT
  5
56269
330
2
100
AcDbEntity
  8
PUB_TEXT
370
    -1
100
AcDbText
 10
2620674.540924195
 20
-731104.25567399
 30
0.0
 40
420.0
  1

 41
0.7
  7
STYLE1
100
AcDbText
  0
TEXT
  5
5626C
330
2
100
AcDbEntity
  8
PUB_TEXT
370
    -1
100
AcDbText
 10
2616595.451410143
 20
-729743.7611034432
 30
0.0
 40
420.0
  1

 41
0.7
  7
STYLE1
100
AcDbText
  0
TEXT
  5
5626D
330
2
100
AcDbEntity
  8
PUB_TEXT
370
    -1
100
AcDbText
 10
2617001.967084531
 20
-731779.25567399
 30
0.0
 40
420.0
  1

 41
0.7
  7
STYLE1
100
AcDbText
  0
TEXT
  5
5626E
330
2
100
AcDbEntity
  8
PUB_TEXT
370
    -1
100
AcDbText
 10
2619594.372147817
 20
-731779.25567399
 30
0.0
 40
420.0
  1

 41
0.7
  7
STYLE1
100
AcDbText
  0
TEXT
  5
5626F
330
2
100
AcDbEntity
  8
PUB_TEXT
370
    -1
100
AcDbText
 10
2620242.47341365
 20
-731779.25567399
 30
0.0
 40
420.0
  1

 41
0.7
  7
STYLE1
100
AcDbText
  0
TEXT
  5
56271
330
2
100
AcDbEntity
  8
PUB_TEXT
370
    -1
100
AcDbText
 10
2620890.574679468
 20
-731779.2556739899
 30
0.0
 40
420.0
  1

 41
0.7
  7
STYLE1
100
AcDbText
  0
TEXT
  5
56272
330
2
100
AcDbEntity
  8
PUB_TEXT
370
    -1
100
AcDbText
 10
2622186.777211119
 20
-731779.25567399
 30
0.0
 40
420.0
  1

 41
0.7
  7
STYLE1
100
AcDbText
  0
TEXT
  5
56273
330
2
100
AcDbEntity
  8
PUB_TEXT
370
    -1
100
AcDbText
 10
2622618.844721664
 20
-731779.2556739899
 30
0.0
 40
420.0
  1

 41
0.7
  7
STYLE1
100
AcDbText
  0
TEXT
  5
56276
330
2
100
AcDbEntity
  8
PUB_TEXT
370
    -1
100
AcDbText
 10
2620674.540924195
 20
-732454.25567399
 30
0.0
 40
420.0
  1

 41
0.7
  7
STYLE1
100
AcDbText
  0
TEXT
  5
56277
330
2
100
AcDbEntity
  8
PUB_TEXT
370
    -1
100
AcDbText
 10
2621322.642190013
 20
-732454.25567399
 30
0.0
 40
420.0
  1

 41
0.7
  7
STYLE1
100
AcDbText
  0
TEXT
  5
5627F
330
2
100
AcDbEntity
  8
PUB_TEXT
370
    -1
100
AcDbText
 10
2624312.161428843
 20
-716800.066470316
 30
0.0
 40
420.0
  1

 41
0.7
  7
STYLE1
100
AcDbText
  0
TEXT
  5
56296
330
2
100
AcDbEntity
  8
PUB_TEXT
370
    -1
100
AcDbText
 10
2634461.778906255
 20
-700756.8423680066
 30
0.0
 40
420.0
  1

 41
0.7
  7
STYLE1
100
AcDbText
  0
TEXT
  5
56297
330
2
100
AcDbEntity
  8
PUB_TEXT
370
    -1
100
AcDbText
 10
2634677.812661528
 20
-700756.8423680065
 30
0.0
 40
420.0
  1

 41
0.7
  7
STYLE1
100
AcDbText
  0
TEXT
  5
56299
330
2
100
AcDbEntity
  8
PUB_TEXT
370
    -1
100
AcDbText
 10
2635325.913927346
 20
-701431.8423680066
 30
0.0
 40
420.0
  1

 41
0.7
  7
STYLE1
100
AcDbText
  0
TEXT
  5
5629A
330
2
100
AcDbEntity
  8
PUB_TEXT
370
    -1
100
AcDbText
 10
2635757.981437906
 20
-701431.8423680066
 30
0.0
 40
420.0
  1

 41
0.7
  7
STYLE1
100
AcDbText
  0
TEXT
  5
562A4
330
2
100
AcDbEntity
  8
PUB_TEXT
370
    -1
100
AcDbText
 10
2633741.733280537
 20
-703684.0349397649
 30
0.0
 40
420.0
  1

 41
0.7
  7
STYLE1
100
AcDbText
  0
TEXT
  5
562AE
330
2
100
AcDbEntity
  8
PUB_TEXT
370
    -1
100
AcDbText
 10
2635253.96956746
 20
-705709.0349397649
 30
0.0
 40
420.0
  1

 41
0.7
  7
STYLE1
100
AcDbText
  0
TEXT
  5
562AF
330
2
100
AcDbEntity
  8
PUB_TEXT
370
    -1
100
AcDbText
 10
2635470.003322733
 20
-705709.0349397648
 30
0.0
 40
420.0
  1

 41
0.7
  7
STYLE1
100
AcDbText
  0
TEXT
  5
562B2
330
2
100
AcDbEntity
  8
PUB_TEXT
370
    -1
100
AcDbText
 10
2637846.374630747
 20
-705709.0349397649
 30
0.0
 40
420.0
  1

 41
0.7
  7
STYLE1
100
AcDbText
  0
TEXT
  5
562B3
330
2
100
AcDbEntity
  8
PUB_TEXT
370
    -1
100
AcDbText
 10
2638278.442141292
 20
-705709.0349397648
 30
0.0
 40
420.0
  1

 41
0.7
  7
STYLE1
100
AcDbText
  0
TEXT
  5
562CB
330
2
100
AcDbEntity
  8
PUB_TEXT
370
    -1
100
AcDbText
 10
2635443.737796366
 20
-710438.8232979159
 30
0.0
 40
381.355932203411
  1

 41
0.75
  7
TEXT
100
AcDbText
  0
TEXT
  5
56315
330
2
100
AcDbEntity
  8
PUB_TEXT
370
    -1
100
AcDbText
 10
2633689.336909012
 20
-721944.2135651204
 30
0.0
 40
420.0
  1

 41
0.7
  7
STYLE1
100
AcDbText
  0
TEXT
  5
56353
330
2
100
AcDbEntity
  8
PUB_TEXT
370
    -1
100
AcDbText
 10
2633733.957356085
 20
-729313.6894106836
 30
0.0
 40
420.0
  1

 41
0.7
  7
STYLE1
100
AcDbText
  0
TEXT
  5
56420
330
2
100
AcDbEntity
  8
PUB_TEXT
370
    -1
100
AcDbText
 10
2640071.840903177
 20
-729114.7789384666
 30
0.0
 40
420.0
  1

 41
0.8
  7
STYLE1
100
AcDbText
  0
TEXT
  5
592D4
330
2
100
AcDbEntity
  8
PUB_TEXT
370
    -1
100
AcDbText
 10
3184650.776053397
 20
-622688.1369022436
 30
0.0
 40
301.0
  1

 41
0.8
  7
_SIMPLEX
100
AcDbText
  0
TEXT
  5
5B1EA
330
2
100
AcDbEntity
  8
PUB_TEXT
370
    -1
100
AcDbText
 10
2679330.996532949
 20
-731400.8751869805
 30
0.0
 40
420.0
  1

 41
0.7
  7
STYLE1
100
AcDbText
  0
TEXT
  5
67699
330
2
100
AcDbEntity
  8
PUB_TEXT
370
    -1
100
AcDbText
 10
2688428.539865362
 20
-727459.1556430629
 30
0.0
 40
420.0
  1

 41
0.7
  7
STYLE1
100
AcDbText
  0
TEXT
  5
7A594
330
2
100
AcDbEntity
  8
PUB_TEXT
  6
CONTINOUS
100
AcDbText
 10
4789725.616054209
 20
125884.4152299935
 30
-0.0000000000000122
 40
3000.0
  1

 50
0.0000000348178192
 41
0.6
  7
黑体
100
AcDbText
  0
TEXT
  5
7A595
330
2
100
AcDbEntity
  8
PUB_TEXT
  6
CONTINOUS
100
AcDbText
 10
4777702.591957627
 20
125884.4152282212
 30
-0.0000000000000122
 40
3000.0
  1

 50
0.0000000348178192
 41
0.6
  7
黑体
100
AcDbText
  0
TEXT
  5
7AF2D
330
2
100
AcDbEntity
  8
PUB_TEXT
  6
CONTINOUS
100
AcDbText
 10
4903712.289077856
 20
-726909.0082240567
 30
-0.0000000000000122
 40
746.8354430379748
  1

 50
0.0000000348178192
 41
0.6
  7
黑体
100
AcDbText
  0
TEXT
  5
7AF2E
330
2
100
AcDbEntity
  8
PUB_TEXT
  6
CONTINOUS
100
AcDbText
 10
4899947.4783535
 20
-726909.008225829
 30
-0.0000000000000122
 40
746.8354430379748
  1

 50
0.0000000348178192
 41
0.6
  7
黑体
100
AcDbText
  0
TEXT
  5
7AF2F
330
2
100
AcDbEntity
  8
PUB_TEXT
  6
CONTINOUS
100
AcDbText
 10
4912426.699387994
 20
-923771.1264952586
 30
0.0000000014698118
 40
1194.93670886076
  1

 41
0.6
  7
黑体
100
AcDbText
  0
INSERT
  5
7AF30
330
2
100
AcDbEntity
  8
ASHADE
 62
     1
100
AcDbBlockReference
  2
AVE_RENDER
 10
1411748.495274251
 20
49810.37828175607
 30
0.0
1001
AVE_RENDER
1002
{
1070
     7
1000
Pref
1070
    30
1070
    20
1070
     1
1070
     0
1000

1070
    10
1070
     1
1070
    10
1040
1.0
1070
     1
1040
0.7
1040
1.0
1040
0.0
1040
10.0
1010
-1.0
1020
-1.0
1030
-1.0
1040
0.3
1070
    49
1070
     0
1070
     0
1010
1.0
1020
1.0
1030
1.0
1040
45.0
1070
     1
1070
     0
1000
WCS
1040
0.0
1070
     0
1040
1000.0
1002
}
  0
INSERT
  5
7AF31
330
2
100
AcDbEntity
  8
0
100
AcDbBlockReference
  2
AR3_INFO
 10
1411748.495274251
 20
49810.37828175607
 30
0.0
  0
TEXT
  5
7AF32
330
2
100
AcDbEntity
  8
TEXT
  6
CONTINOUS
 62
     0
100
AcDbText
 10
4101618.190711748
 20
-755452.5017700391
 30
0.0000000019368028
 40
500.0
  1

 50
359.9999999866598
 41
0.8
  7
_HZTXT
100
AcDbText
  0
TEXT
  5
7AF33
330
2
100
AcDbEntity
  8
TEXT
  6
CONTINOUS
 62
     0
100
AcDbText
 10
4024382.591465605
 20
-755248.330179309
 30
0.0000000019734642
 40
500.0
  1

 50
359.9999999866598
 41
0.8
  7
_HZTXT
100
AcDbText
  0
TEXT
  5
7AF3B
330
2
100
AcDbEntity
  8
TEXT
  6
CONTINOUS
 62
     0
100
AcDbText
 10
4240298.259167354
 20
-761910.9835261619
 30
0.0000000019368028
 40
500.0
  1

 50
359.9999999866598
 41
0.8
  7
_HZTXT
100
AcDbText
  0
TEXT
  5
7AF3C
330
2
100
AcDbEntity
  8
TEXT
  6
CONTINOUS
 62
     0
100
AcDbText
 10
4325182.445155964
 20
-759459.1954479353
 30
0.0000000019368028
 40
500.0
  1

 41
0.7
  7
标注
100
AcDbText
  0
TEXT
  5
7AF3D
330
2
100
AcDbEntity
  8
TEXT
  6
CONTINOUS
 62
     0
100
AcDbText
 10
4223262.922011841
 20
-767005.31295409
 30
0.0000000019368028
 40
500.0
  1

 41
0.7
  7
标注
100
AcDbText
  0
TEXT
  5
7AF3E
330
2
100
AcDbEntity
  8
TEXT
  6
CONTINOUS
 62
     0
100
AcDbText
 10
4249491.570965815
 20
-790708.0154810227
 30
0.0000000019734642
 40
700.0
  1

  7
黑体
100
AcDbText
  0
TEXT
  5
7AF3F
330
2
100
AcDbEntity
  8
TEXT
  6
CONTINOUS
 62
     0
100
AcDbText
 10
4238303.497736549
 20
-768337.6302724322
 30
0.0000000019368028
 40
500.0
  1

 41
0.7
  7
标注
100
AcDbText
  0
TEXT
  5
7AF41
330
2
100
AcDbEntity
  8
TEXT
  6
CONTINOUS
 62
     0
100
AcDbText
 10
4316336.024704495
 20
-790708.0154810227
 30
0.0000000019734642
 40
700.0
  1

  7
黑体
100
AcDbText
  0
TEXT
  5
7B114
330
2
100
AcDbEntity
  8
TEXT
  6
CONTINOUS
 62
     0
100
AcDbText
 10
4188482.263512458
 20
-789538.3568645678
 30
0.0000000026199528
 40
700.0
  1

  7
黑体
100
AcDbText
  0
TEXT
  5
7B14F
330
2
100
AcDbEntity
  8
TEXT
  6
CONTINOUS
 62
     0
100
AcDbText
 10
4193198.670502448
 20
-753031.5094235055
 30
0.0000000026199528
 40
500.0
  1

 41
0.7
  7
标注
100
AcDbText
  0
TEXT
  5
7B1C0
330
2
100
AcDbEntity
  8
TK
100
AcDbText
 10
4138499.149038646
 20
-779495.4972079254
 30
0.0000000013266451
 40
499.9999999999998
  1

 50
0.0000000667010661
 41
0.7
  7
ST
 72
     1
 11
4138499.149038646
 21
-779495.4972079254
 31
0.0000000013266451
100
AcDbText
  0
TEXT
  5
7B1C1
330
2
100
AcDbEntity
  8
TK
100
AcDbText
 10
4208938.252006877
 20
-733300.091489902
 30
0.0000000013266451
 40
499.9999999999998
  1

 50
0.0000000667010661
 41
0.7
  7
ST
 72
     1
 11
4208938.252006877
 21
-733300.091489902
 31
0.0000000013266451
100
AcDbText
  0
TEXT
  5
7B1C2
330
2
100
AcDbEntity
  8
TK
100
AcDbText
 10
4208938.252006877
 20
-779495.4972079254
 30
0.0000000013266451
 40
499.9999999999998
  1

 50
0.0000000667010661
 41
0.7
  7
ST
 72
     1
 11
4208938.252006877
 21
-779495.4972079254
 31
0.0000000013266451
100
AcDbText
  0
TEXT
  5
7B1C5
330
2
100
AcDbEntity
  8
TK
100
AcDbText
 10
4274339.300948048
 20
-779495.4972079254
 30
0.0000000013266451
 40
499.9999999999998
  1

 50
0.0000000667010661
 41
0.7
  7
ST
 72
     1
 11
4274339.300948048
 21
-779495.4972079254
 31
0.0000000013266451
100
AcDbText
  0
TEXT
  5
7B233
330
2
100
AcDbEntity
  8
PUB_TEXT
100
AcDbText
 10
4093966.991807199
 20
-637336.4589497067
 30
0.0
 40
350.0
  1

 41
0.75
100
AcDbText
  0
TEXT
  5
7B234
330
2
100
AcDbEntity
  8
PUB_TEXT
100
AcDbText
 10
4094829.491807199
 20
-637336.4589497067
 30
0.0
 40
350.0
  1

 41
0.75
100
AcDbText
  0
TEXT
  5
7B235
330
2
100
AcDbEntity
  8
PUB_TEXT
100
AcDbText
 10
4095908.628937933
 20
-668849.130345002
 30
0.0
 40
420.0
  1

 41
0.7
  7
STYLE1
100
AcDbText
  0
TEXT
  5
7B236
330
2
100
AcDbEntity
  8
PUB_TEXT
100
AcDbText
 10
4098371.128937933
 20
-668849.130345002
 30
0.0
 40
420.0
  1

 41
0.7
  7
STYLE1
100
AcDbText
  0
TEXT
  5
7B237
330
2
100
AcDbEntity
  8
PUB_TEXT
100
AcDbText
 10
4094116.991807199
 20
-638526.4589497067
 30
0.0
 40
350.0
  1

 41
0.75
100
AcDbText
  0
TEXT
  5
7B238
330
2
100
AcDbEntity
  8
PUB_TEXT
100
AcDbText
 10
4097116.991807199
 20
-672419.130345002
 30
0.0
 40
420.0
  1

 41
0.7
  7
STYLE1
100
AcDbText
  0
TEXT
  5
7B239
330
2
100
AcDbEntity
  8
PUB_TEXT
100
AcDbText
 10
4097754.491807199
 20
-672419.130345002
 30
0.0
 40
420.0
  1

 41
0.7
  7
STYLE1
100
AcDbText
  0
TEXT
  5
7B23A
330
2
100
AcDbEntity
  8
PUB_TEXT
100
AcDbText
 10
4099854.491807199
 20
-672419.130345002
 30
0.0
 40
420.0
  1

 41
0.7
  7
STYLE1
100
AcDbText
  0
TEXT
  5
7B23B
330
2
100
AcDbEntity
  8
PUB_TEXT
100
AcDbText
 10
4100066.991807199
 20
-672419.130345002
 30
0.0
 40
420.0
  1

 41
0.7
  7
STYLE1
100
AcDbText
  0
TEXT
  5
7B23C
330
2
100
AcDbEntity
  8
PUB_TEXT
100
AcDbText
 10
4094354.491807199
 20
-643872.8394523573
 30
0.0
 40
350.0
  1

 41
0.75
100
AcDbText
  0
TEXT
  5
7B23D
330
2
100
AcDbEntity
  8
PUB_TEXT
100
AcDbText
 10
4102116.991807199
 20
-644467.8394523573
 30
0.0
 40
350.0
  1

 41
0.75
100
AcDbText
  0
TEXT
  5
7B23E
330
2
100
AcDbEntity
  8
PUB_TEXT
100
AcDbText
 10
4102866.991807199
 20
-644467.8394523573
 30
0.0
 40
350.0
  1

 41
0.75
100
AcDbText
  0
TEXT
  5
7B23F
330
2
100
AcDbEntity
  8
PUB_TEXT
100
AcDbText
 10
4096504.491807199
 20
-649157.8394523573
 30
0.0
 40
350.0
  1

 41
0.75
100
AcDbText
  0
TEXT
  5
7B240
330
2
100
AcDbEntity
  8
PUB_TEXT
100
AcDbText
 10
4115618.301865297
 20
-636067.5190651907
 30
0.0
 40
350.0
  1

 41
0.75
100
AcDbText
  0
TEXT
  5
7B241
330
2
100
AcDbEntity
  8
PUB_TEXT
100
AcDbText
 10
4116243.301865297
 20
-636067.5190651907
 30
0.0
 40
350.0
  1

 41
0.75
100
AcDbText
  0
TEXT
  5
7B242
330
2
100
AcDbEntity
  8
PUB_TEXT
100
AcDbText
 10
4125430.801865297
 20
-636067.5190651907
 30
0.0
 40
350.0
  1

 41
0.75
100
AcDbText
  0
TEXT
  5
7B243
330
2
100
AcDbEntity
  8
PUB_TEXT
100
AcDbText
 10
4126068.301865297
 20
-636067.5190651907
 30
0.0
 40
350.0
  1

 41
0.75
100
AcDbText
  0
TEXT
  5
7B244
330
2
100
AcDbEntity
  8
PUB_TEXT
100
AcDbText
 10
4116659.054301748
 20
-670458.503991668
 30
0.0
 40
350.0
  1

 41
0.75
100
AcDbText
  0
TEXT
  5
7B245
330
2
100
AcDbEntity
  8
PUB_TEXT
100
AcDbText
 10
4117236.466828353
 20
-647129.2824590736
 30
0.0
 40
350.0
  1

 41
0.75
100
AcDbText
  0
TEXT
  5
7B246
330
2
100
AcDbEntity
  8
PUB_TEXT
100
AcDbText
 10
4119986.466828353
 20
-647129.2824590736
 30
0.0
 40
350.0
  1

 41
0.75
100
AcDbText
  0
TEXT
  5
7B247
330
2
100
AcDbEntity
  8
PUB_TEXT
100
AcDbText
 10
4121823.966828353
 20
-647129.2824590736
 30
0.0
 40
350.0
  1

 41
0.75
100
AcDbText
  0
TEXT
  5
7B248
330
2
100
AcDbEntity
  8
PUB_TEXT
100
AcDbText
 10
4122286.466828353
 20
-647129.2824590736
 30
0.0
 40
350.0
  1

 41
0.75
100
AcDbText
  0
TEXT
  5
7B249
330
2
100
AcDbEntity
  8
PUB_TEXT
100
AcDbText
 10
4112943.457949552
 20
-639925.8055013315
 30
0.0
 40
350.0
  1

 41
0.75
100
AcDbText
  0
TEXT
  5
7B24A
330
2
100
AcDbEntity
  8
PUB_TEXT
100
AcDbText
 10
4117143.457949552
 20
-639925.8055013315
 30
0.0
 40
350.0
  1

 41
0.75
100
AcDbText
  0
TEXT
  5
7B24B
330
2
100
AcDbEntity
  8
PUB_TEXT
100
AcDbText
 10
4133576.527186801
 20
-626329.4742216369
 30
0.0
 40
350.0
  1

 41
0.75
100
AcDbText
  0
TEXT
  5
7B24C
330
2
100
AcDbEntity
  8
PUB_TEXT
100
AcDbText
 10
4134264.027186801
 20
-626329.4742216369
 30
0.0
 40
350.0
  1

 41
0.75
100
AcDbText
  0
TEXT
  5
7B24D
330
2
100
AcDbEntity
  8
PUB_TEXT
100
AcDbText
 10
4129476.527186801
 20
-629314.4742216369
 30
0.0
 40
350.0
  1

 41
0.75
100
AcDbText
  0
TEXT
  5
7B24E
330
2
100
AcDbEntity
  8
PUB_TEXT
100
AcDbText
 10
4091079.491807199
 20
-633384.3254871294
 30
0.0
 40
350.0
  1

 41
0.75
100
AcDbText
  0
TEXT
  5
7B24F
330
2
100
AcDbEntity
  8
PUB_TEXT
100
AcDbText
 10
4091079.491807199
 20
-679790.4969052244
 30
0.0
 40
420.0
  1
 
 41
0.7
  7
STYLE1
100
AcDbText
  0
TEXT
  5
7B250
330
2
100
AcDbEntity
  8
PUB_TEXT
100
AcDbText
 10
4091079.491807199
 20
-680390.4969052244
 30
0.0
 40
420.0
  1

 41
0.7
  7
STYLE1
100
AcDbText
  0
TEXT
  5
7B251
330
2
100
AcDbEntity
  8
PUB_TEXT
100
AcDbText
 10
4086869.288917363
 20
-653158.7282052374
 30
0.0
 40
350.0
  1

 41
0.75
100
AcDbText
  0
TEXT
  5
7B252
330
2
100
AcDbEntity
  8
PUB_TEXT
100
AcDbText
 10
4110064.332099383
 20
-651244.2688796778
 30
0.0
 40
420.0
  1

 41
0.7
  7
STYLE1
100
AcDbText
  0
TEXT
  5
7B253
330
2
100
AcDbEntity
  8
PUB_TEXT
100
AcDbText
 10
4110064.332099383
 20
-651844.2688796778
 30
0.0
 40
420.0
  1

 41
0.7
  7
STYLE1
100
AcDbText
  0
TEXT
  5
7B254
330
2
100
AcDbEntity
  8
PUB_TEXT
100
AcDbText
 10
4110064.332099383
 20
-652444.2688796778
 30
0.0
 40
420.0
  1

 41
0.66
  7
STYLE1
100
AcDbText
  0
TEXT
  5
7B255
330
2
100
AcDbEntity
  8
PUB_TEXT
100
AcDbText
 10
4091079.491807199
 20
-680990.4969052244
 30
0.0
 40
420.0
  1

 41
0.7
  7
STYLE1
100
AcDbText
  0
TEXT
  5
7B256
330
2
100
AcDbEntity
  8
PUB_TEXT
100
AcDbText
 10
4109426.235424944
 20
-661466.0141396428
 30
0.0
 40
420.0
  1
        
 41
0.7
  7
STYLE1
100
AcDbText
1001
ACAD
1000
MTEXTBEGIN
1070
    73
1070
     1
1070
    44
1040
1.0
1070
    74
1070
     0
1000
MTEXTEND
  0
TEXT
  5
7B257
330
2
100
AcDbEntity
  8
PUB_TEXT
100
AcDbText
 10
4109426.235424944
 20
-662049.3474729762
 30
0.0
 40
420.0
  1
        
 41
0.7
  7
STYLE1
100
AcDbText
1001
ACAD
1000
MTEXTBEGIN
1070
    73
1070
     1
1070
    44
1040
1.0
1070
    74
1070
     0
1000
MTEXTEND
  0
TEXT
  5
7B258
330
2
100
AcDbEntity
  8
PUB_TEXT
100
AcDbText
 10
4109426.235424944
 20
-662632.6808063096
 30
0.0
 40
420.0
  1
        
 41
0.7
  7
STYLE1
100
AcDbText
1001
ACAD
1000
MTEXTBEGIN
1070
    73
1070
     1
1070
    44
1040
1.0
1070
    74
1070
     0
1000
MTEXTEND
  0
TEXT
  5
7B259
330
2
100
AcDbEntity
  8
PUB_TEXT
100
AcDbText
 10
4109426.235424944
 20
-663216.0141396428
 30
0.0
 40
420.0
  1

 41
0.7
  7
STYLE1
100
AcDbText
1001
ACAD
1000
MTEXTBEGIN
1070
    73
1070
     1
1070
    44
1040
1.0
1070
    74
1070
     0
1000
MTEXTEND
  0
TEXT
  5
7B25A
330
2
100
AcDbEntity
  8
PUB_TEXT
100
AcDbText
 10
4126059.187725975
 20
-638681.4758620317
 30
0.0
 40
350.0
  1

100
AcDbText
1001
ACAD
1000
MTEXTBEGIN
1070
    73
1070
     1
1070
    44
1040
1.0
1070
    74
1070
     0
1000
MTEXTEND
  0
TEXT
  5
7B25B
330
2
100
AcDbEntity
  8
PUB_TEXT
100
AcDbText
 10
4109426.235424944
 20
-664452.545723661
 30
0.0
 40
420.0
  1

 41
0.7
  7
STYLE1
100
AcDbText
1001
ACAD
1000
MTEXTBEGIN
1070
    73
1070
     1
1070
    44
1040
1.0
1070
    74
1070
     0
1000
MTEXTEND
  0
TEXT
  5
7B25C
330
2
100
AcDbEntity
  8
PUB_TEXT
100
AcDbText
 10
4134264.027186801
 20
-626929.4742216369
 30
0.0
 40
350.0
  1

 41
0.75
100
AcDbText
  0
TEXT
  5
7BB7D
330
2
100
AcDbEntity
  8
PUB_TEXT
100
AcDbText
 10
4139387.959079101
 20
-671566.5044363177
 30
0.0
 40
420.0
  1

 41
0.7
  7
STYLE1
100
AcDbText
  0
TEXT
  5
7BB7E
330
2
100
AcDbEntity
  8
PUB_TEXT
100
AcDbText
 10
4127723.363177764
 20
-672693.8323598948
 30
0.0
 40
420.0
  1

 41
0.7
  7
STYLE1
100
AcDbText
  0
TEXT
  5
7BB81
330
2
100
AcDbEntity
  8
PUB_TEXT
100
AcDbText
 10
4107458.758432987
 20
-634329.7083830137
 30
0.0
 40
420.0
  1

 41
0.7
  7
STYLE1
100
AcDbText
  0
TEXT
  5
7BB82
330
2
100
AcDbEntity
  8
PUB_TEXT
100
AcDbText
 10
4107674.79218826
 20
-634329.7083830138
 30
0.0
 40
420.0
  1

 41
0.7
  7
STYLE1
100
AcDbText
  0
TEXT
  5
7BB83
330
2
100
AcDbEntity
  8
PUB_TEXT
100
AcDbText
 10
4108106.859698805
 20
-634329.7083830138
 30
0.0
 40
420.0
  1

 41
0.7
  7
STYLE1
100
AcDbText
  0
TEXT
  5
7BB84
330
2
100
AcDbEntity
  8
PUB_TEXT
100
AcDbText
 10
4108754.960964638
 20
-634329.7083830138
 30
0.0
 40
420.0
  1

 41
0.7
  7
STYLE1
100
AcDbText
  0
TEXT
  5
7BB85
330
2
100
AcDbEntity
  8
PUB_TEXT
100
AcDbText
 10
4112211.501049029
 20
-634329.7083830138
 30
0.0
 40
420.0
  1

 41
0.7
  7
STYLE1
100
AcDbText
  0
TEXT
  5
7BB86
330
2
100
AcDbEntity
  8
PUB_TEXT
100
AcDbText
 10
4096225.003158721
 20
-635004.7083830138
 30
0.0
 40
420.0
  1

 41
0.7
  7
STYLE1
100
AcDbText
  0
TEXT
  5
7BB87
330
2
100
AcDbEntity
  8
PUB_TEXT
100
AcDbText
 10
4103570.15083805
 20
-635004.7083830138
 30
0.0
 40
420.0
  1

 41
0.7
  7
STYLE1
100
AcDbText
  0
TEXT
  5
7BB88
330
2
100
AcDbEntity
  8
PUB_TEXT
100
AcDbText
 10
4104434.285859155
 20
-635004.7083830138
 30
0.0
 40
420.0
  1

 41
0.7
  7
STYLE1
100
AcDbText
  0
TEXT
  5
7BB9F
330
2
100
AcDbEntity
  8
TEXT
  6
CONTINOUS
 62
     0
100
AcDbText
 10
4331811.311913139
 20
-234437.5197156276
 30
0.0000000026199528
 40
500.0
  1

 41
0.7
  7
标注
100
AcDbText
  0
TEXT
  5
7BC65
330
2
100
AcDbEntity
  8
PUB_TEXT
100
AcDbText
 10
4109426.235424944
 20
-666981.2430296679
 30
0.0
 40
420.0
  1

 41
0.7
  7
STYLE1
100
AcDbText
1001
ACAD
1000
MTEXTBEGIN
1070
    73
1070
     1
1070
    44
1040
1.0
1070
    74
1070
     0
1000
MTEXTEND
  0
TEXT
  5
7BCB3
330
2
100
AcDbEntity
  8
TEXT
  6
CONTINOUS
 62
     0
100
AcDbText
 10
4324678.307658443
 20
-698453.2457343797
 30
0.0000000026199528
 40
500.0
  1

 41
0.7
  7
标注
100
AcDbText
  0
TEXT
  5
7BD30
330
2
100
AcDbEntity
  8
TEXT
  6
CONTINOUS
 62
     0
100
AcDbText
 10
4308228.189664439
 20
-768323.7997236445
 30
0.0000000026199528
 40
350.0
  1

 41
0.7
  7
标注
100
AcDbText
  0
TEXT
  5
7BD42
330
2
100
AcDbEntity
  8
PUB_TEXT
100
AcDbText
 10
4125503.364204089
 20
-572072.511350091
 30
0.0
 40
420.0
  1

 41
0.7
  7
STYLE1
100
AcDbText
  0
TEXT
  5
7BD43
330
2
100
AcDbEntity
  8
PUB_TEXT
100
AcDbText
 10
4124983.532980467
 20
-574172.511350091
 30
0.0
 40
420.0
  1

 41
0.7
  7
STYLE1
100
AcDbText
  0
TEXT
  5
7BD44
330
2
100
AcDbEntity
  8
PUB_TEXT
100
AcDbText
 10
4027693.56955152
 20
-664546.7887746296
 30
0.0
 40
420.0
  1

 41
0.7
  7
STYLE1
100
AcDbText
  0
TEXT
  5
7BD45
330
2
100
AcDbEntity
  8
PUB_TEXT
100
AcDbText
 10
4028341.670817338
 20
-664546.7887746296
 30
0.0
 40
420.0
  1

 41
0.7
  7
STYLE1
100
AcDbText
  0
TEXT
  5
7BD46
330
2
100
AcDbEntity
  8
PUB_TEXT
100
AcDbText
 10
4141053.947650756
 20
-572660.2373837006
 30
0.0
 40
420.0
  1

 41
0.7
  7
STYLE1
100
AcDbText
  0
TEXT
  5
7BD47
330
2
100
AcDbEntity
  8
PUB_TEXT
100
AcDbText
 10
4141486.015161302
 20
-572660.2373837004
 30
0.0
 40
420.0
  1

 41
0.7
  7
STYLE1
100
AcDbText
  0
TEXT
  5
7BD48
330
2
100
AcDbEntity
  8
PUB_TEXT
100
AcDbText
 10
4147318.926553707
 20
-573335.2373837006
 30
0.0
 40
420.0
  1

 41
0.7
  7
STYLE1
100
AcDbText
  0
TEXT
  5
7BD49
330
2
100
AcDbEntity
  8
PUB_TEXT
100
AcDbText
 10
4147534.96030898
 20
-573335.2373837004
 30
0.0
 40
420.0
  1

 41
0.7
  7
STYLE1
100
AcDbText
  0
TEXT
  5
7BD4A
330
2
100
AcDbEntity
  8
PUB_TEXT
100
AcDbText
 10
4141702.048916574
 20
-574685.2373837004
 30
0.0
 40
420.0
  1

 41
0.7
  7
STYLE1
100
AcDbText
  0
TEXT
  5
7BD4B
330
2
100
AcDbEntity
  8
PUB_TEXT
100
AcDbText
 10
4142134.11642712
 20
-574685.2373837006
 30
0.0
 40
420.0
  1

 41
0.7
  7
STYLE1
100
AcDbText
  0
TEXT
  5
7BD4C
330
2
100
AcDbEntity
  8
PUB_TEXT
100
AcDbText
 10
4142350.150182392
 20
-574685.2373837004
 30
0.0
 40
420.0
  1

 41
0.7
  7
STYLE1
100
AcDbText
  0
TEXT
  5
7BD4D
330
2
100
AcDbEntity
  8
PUB_TEXT
100
AcDbText
 10
4142782.217692952
 20
-574685.2373837006
 30
0.0
 40
420.0
  1

 41
0.7
  7
STYLE1
100
AcDbText
  0
TEXT
  5
7BD4E
330
2
100
AcDbEntity
  8
PUB_TEXT
100
AcDbText
 10
4142998.251448225
 20
-574685.2373837006
 30
0.0
 40
420.0
  1

 41
0.7
  7
STYLE1
100
AcDbText
  0
TEXT
  5
7BD4F
330
2
100
AcDbEntity
  8
PUB_TEXT
100
AcDbText
 10
4030498.577103704
 20
-669421.9879226057
 30
0.0
 40
420.0
  1

 41
0.7
  7
STYLE1
100
AcDbText
  0
TEXT
  5
7BD50
330
2
100
AcDbEntity
  8
PUB_TEXT
100
AcDbText
 10
4142350.150182392
 20
-578735.2373837004
 30
0.0
 40
420.0
  1

 41
0.7
  7
STYLE1
100
AcDbText
  0
TEXT
  5
7BD51
330
2
100
AcDbEntity
  8
PUB_TEXT
100
AcDbText
 10
4033287.171219536
 20
-676568.8773922339
 30
0.0
 40
420.0
  1

 41
0.7
  7
STYLE1
100
AcDbText
  0
TEXT
  5
7BD52
330
2
100
AcDbEntity
  8
PUB_TEXT
100
AcDbText
 10
4033719.238730096
 20
-676568.8773922339
 30
0.0
 40
420.0
  1

 41
0.7
  7
STYLE1
100
AcDbText
  0
TEXT
  5
7BD53
330
2
100
AcDbEntity
  8
PUB_TEXT
100
AcDbText
 10
4032423.036198446
 20
-677243.8773922339
 30
0.0
 40
420.0
  1

 41
0.7
  7
STYLE1
100
AcDbText
  0
TEXT
  5
7BD54
330
2
100
AcDbEntity
  8
PUB_TEXT
100
AcDbText
 10
4033071.137464264
 20
-677243.8773922339
 30
0.0
 40
420.0
  1

 41
0.7
  7
STYLE1
100
AcDbText
  0
TEXT
  5
7BD55
330
2
100
AcDbEntity
  8
PUB_TEXT
100
AcDbText
 10
4031126.833666795
 20
-677918.8773922338
 30
0.0
 40
420.0
  1

 41
0.7
  7
STYLE1
100
AcDbText
  0
TEXT
  5
7BD56
330
2
100
AcDbEntity
  8
PUB_TEXT
100
AcDbText
 10
4031774.934932627
 20
-677918.8773922338
 30
0.0
 40
420.0
  1

 41
0.7
  7
STYLE1
100
AcDbText
  0
TEXT
  5
7BD57
330
2
100
AcDbEntity
  8
PUB_TEXT
100
AcDbText
 10
4036527.677548655
 20
-677918.8773922339
 30
0.0
 40
420.0
  1

 41
0.7
  7
STYLE1
100
AcDbText
  0
TEXT
  5
7BD58
330
2
100
AcDbEntity
  8
PUB_TEXT
100
AcDbText
 10
4036959.7450592
 20
-677918.8773922338
 30
0.0
 40
420.0
  1

 41
0.7
  7
STYLE1
100
AcDbText
  0
TEXT
  5
7BD59
330
2
100
AcDbEntity
  8
PUB_TEXT
100
AcDbText
 10
4035015.441261732
 20
-679943.8773922339
 30
0.0
 40
420.0
  1

 41
0.7
  7
STYLE1
100
AcDbText
  0
TEXT
  5
7BD5A
330
2
100
AcDbEntity
  8
PUB_TEXT
100
AcDbText
 10
4035231.475017004
 20
-679943.8773922338
 30
0.0
 40
420.0
  1

 41
0.7
  7
STYLE1
100
AcDbText
  0
TEXT
  5
7BD5B
330
2
100
AcDbEntity
  8
PUB_TEXT
100
AcDbText
 10
4035663.542527565
 20
-679943.8773922339
 30
0.0
 40
420.0
  1

 41
0.7
  7
STYLE1
100
AcDbText
  0
TEXT
  5
7BD5C
330
2
100
AcDbEntity
  8
PUB_TEXT
100
AcDbText
 10
4035879.576282837
 20
-679943.8773922339
 30
0.0
 40
420.0
  1

 41
0.7
  7
STYLE1
100
AcDbText
  0
TEXT
  5
7BD5D
330
2
100
AcDbEntity
  8
PUB_TEXT
100
AcDbText
 10
4030262.698645704
 20
-681293.8773922338
 30
0.0
 40
420.0
  1

 41
0.7
  7
STYLE1
100
AcDbText
  0
TEXT
  5
7BD5E
330
2
100
AcDbEntity
  8
PUB_TEXT
100
AcDbText
 10
4030478.732400977
 20
-681293.8773922339
 30
0.0
 40
420.0
  1

 41
0.7
  7
STYLE1
100
AcDbText
  0
TEXT
  5
7BD5F
330
2
100
AcDbEntity
  8
PUB_TEXT
100
AcDbText
 10
4032207.002443173
 20
-681293.8773922339
 30
0.0
 40
420.0
  1

 41
0.7
  7
STYLE1
100
AcDbText
  0
TEXT
  5
7BD60
330
2
100
AcDbEntity
  8
PUB_TEXT
100
AcDbText
 10
4032423.036198445
 20
-681293.8773922339
 30
0.0
 40
420.0
  1

 41
0.7
  7
STYLE1
100
AcDbText
  0
TEXT
  5
7BD61
330
2
100
AcDbEntity
  8
PUB_TEXT
100
AcDbText
 10
4028343.946684393
 20
-679933.3828216871
 30
0.0
 40
420.0
  1

 41
0.7
  7
STYLE1
100
AcDbText
  0
TEXT
  5
7BD62
330
2
100
AcDbEntity
  8
PUB_TEXT
100
AcDbText
 10
4028750.462358781
 20
-681968.8773922339
 30
0.0
 40
420.0
  1

 41
0.7
  7
STYLE1
100
AcDbText
  0
TEXT
  5
7BD63
330
2
100
AcDbEntity
  8
PUB_TEXT
100
AcDbText
 10
4031342.867422068
 20
-681968.8773922339
 30
0.0
 40
420.0
  1

 41
0.7
  7
STYLE1
100
AcDbText
  0
TEXT
  5
7BD64
330
2
100
AcDbEntity
  8
PUB_TEXT
100
AcDbText
 10
4031990.968687901
 20
-681968.8773922339
 30
0.0
 40
420.0
  1

 41
0.7
  7
STYLE1
100
AcDbText
  0
TEXT
  5
7BD65
330
2
100
AcDbEntity
  8
PUB_TEXT
100
AcDbText
 10
4032639.069953718
 20
-681968.8773922338
 30
0.0
 40
420.0
  1

 41
0.7
  7
STYLE1
100
AcDbText
  0
TEXT
  5
7BD66
330
2
100
AcDbEntity
  8
PUB_TEXT
100
AcDbText
 10
4033935.272485369
 20
-681968.8773922339
 30
0.0
 40
420.0
  1

 41
0.7
  7
STYLE1
100
AcDbText
  0
TEXT
  5
7BD67
330
2
100
AcDbEntity
  8
PUB_TEXT
100
AcDbText
 10
4034367.339995914
 20
-681968.8773922338
 30
0.0
 40
420.0
  1

 41
0.7
  7
STYLE1
100
AcDbText
  0
TEXT
  5
7BD68
330
2
100
AcDbEntity
  8
PUB_TEXT
100
AcDbText
 10
4032423.036198445
 20
-682643.8773922339
 30
0.0
 40
420.0
  1

 41
0.7
  7
STYLE1
100
AcDbText
  0
TEXT
  5
7BD69
330
2
100
AcDbEntity
  8
PUB_TEXT
100
AcDbText
 10
4033071.137464263
 20
-682643.8773922339
 30
0.0
 40
420.0
  1

 41
0.7
  7
STYLE1
100
AcDbText
  0
TEXT
  5
7BD6A
330
2
100
AcDbEntity
  8
PUB_TEXT
100
AcDbText
 10
4036060.656703094
 20
-666989.68818856
 30
0.0
 40
420.0
  1

 41
0.7
  7
STYLE1
100
AcDbText
  0
TEXT
  5
7BD6B
330
2
100
AcDbEntity
  8
PUB_TEXT
100
AcDbText
 10
4046210.274180506
 20
-650946.4640862505
 30
0.0
 40
420.0
  1

 41
0.7
  7
STYLE1
100
AcDbText
  0
TEXT
  5
7BD6C
330
2
100
AcDbEntity
  8
PUB_TEXT
100
AcDbText
 10
4046426.307935778
 20
-650946.4640862504
 30
0.0
 40
420.0
  1

 41
0.7
  7
STYLE1
100
AcDbText
  0
TEXT
  5
7BD6D
330
2
100
AcDbEntity
  8
PUB_TEXT
100
AcDbText
 10
4047074.409201597
 20
-651621.4640862505
 30
0.0
 40
420.0
  1

 41
0.7
  7
STYLE1
100
AcDbText
  0
TEXT
  5
7BD6E
330
2
100
AcDbEntity
  8
PUB_TEXT
100
AcDbText
 10
4047506.476712157
 20
-651621.4640862505
 30
0.0
 40
420.0
  1

 41
0.7
  7
STYLE1
100
AcDbText
  0
TEXT
  5
7BD6F
330
2
100
AcDbEntity
  8
PUB_TEXT
100
AcDbText
 10
4045490.228554787
 20
-653873.6566580088
 30
0.0
 40
420.0
  1

 41
0.7
  7
STYLE1
100
AcDbText
  0
TEXT
  5
7BD70
330
2
100
AcDbEntity
  8
PUB_TEXT
100
AcDbText
 10
4047002.464841711
 20
-655898.6566580088
 30
0.0
 40
420.0
  1

 41
0.7
  7
STYLE1
100
AcDbText
  0
TEXT
  5
7BD71
330
2
100
AcDbEntity
  8
PUB_TEXT
100
AcDbText
 10
4047218.498596983
 20
-655898.6566580087
 30
0.0
 40
420.0
  1

 41
0.7
  7
STYLE1
100
AcDbText
  0
TEXT
  5
7BD72
330
2
100
AcDbEntity
  8
PUB_TEXT
100
AcDbText
 10
4049594.869904997
 20
-655898.6566580088
 30
0.0
 40
420.0
  1

 41
0.7
  7
STYLE1
100
AcDbText
  0
TEXT
  5
7BD73
330
2
100
AcDbEntity
  8
PUB_TEXT
100
AcDbText
 10
4050026.937415542
 20
-655898.6566580087
 30
0.0
 40
420.0
  1

 41
0.7
  7
STYLE1
100
AcDbText
  0
TEXT
  5
7BD74
330
2
100
AcDbEntity
  8
PUB_TEXT
100
AcDbText
 10
4047192.233070616
 20
-660628.4450161598
 30
0.0
 40
381.355932203411
  1

 41
0.75
  7
TEXT
100
AcDbText
  0
TEXT
  5
7BD75
330
2
100
AcDbEntity
  8
PUB_TEXT
100
AcDbText
 10
4045437.832183263
 20
-672133.8352833643
 30
0.0
 40
420.0
  1

 41
0.7
  7
STYLE1
100
AcDbText
  0
TEXT
  5
7BD76
330
2
100
AcDbEntity
  8
PUB_TEXT
100
AcDbText
 10
4045482.452630336
 20
-679503.3111289275
 30
0.0
 40
420.0
  1

 41
0.7
  7
STYLE1
100
AcDbText
  0
TEXT
  5
7BD80
330
2
100
AcDbEntity
  8
PUB_TEXT
100
AcDbText
 10
4051820.336177428
 20
-679304.4006567105
 30
0.0
 40
420.0
  1

 41
0.8
  7
STYLE1
100
AcDbText
  0
TEXT
  5
7BDF3
330
2
100
AcDbEntity
  8
PUB_TEXT
100
AcDbText
 10
4596399.271327647
 20
-572877.7586204875
 30
0.0
 40
301.0
  1

 41
0.8
  7
_SIMPLEX
100
AcDbText
  0
TEXT
  5
7BE26
330
2
100
AcDbEntity
  8
PUB_TEXT
100
AcDbText
 10
4091079.491807199
 20
-681590.4969052244
 30
0.0
 40
420.0
  1

 41
0.7
  7
STYLE1
100
AcDbText
  0
TEXT
  5
7BE97
330
2
100
AcDbEntity
  8
PUB_TEXT
100
AcDbText
 10
4100177.035139612
 20
-677648.7773613068
 30
0.0
 40
420.0
  1

 41
0.7
  7
STYLE1
100
AcDbText
  0
INSERT
  5
C55F3
330
2
100
AcDbEntity
  8
DIM
 62
     8
100
AcDbBlockReference
 66
     1
  2
_axiso
 10
1771172.411717075
 20
-984786.5019103584
 30
-0.000000000058775
 41
799.999999999965
 42
800.0
 43
799.9999999999999
 50
1.418470928746684
  0
ATTRIB
  5
C55F4
330
C55F3
100
AcDbEntity
  8
AXIS_TEXT
100
AcDbText
 10
1770978.018003642
 20
-985015.3841599496
 30
-0.0000000000587866
 40
448.0
  1
C
 50
1.418470928645012
 41
1.250000000001346
  7
COMPLEX
 72
     5
 11
1771377.895428212
 21
-985005.4823762836
 31
-0.0000000000587866
100
AcDbAttribute
  2
A
 70
     0
280
     0
 71
     1
 72
     0
 11
1771377.895428212
 21
-985005.4823762836
 31
-0.0000000000587866
  0
SEQEND
  5
C55F5
330
C55F3
100
AcDbEntity
  8
DIM
  0
INSERT
  5
C55F6
330
2
100
AcDbEntity
  8
DIM
 62
     8
100
AcDbBlockReference
 66
     1
  2
_axiso
 10
1771386.852614525
 20
-991282.9630293162
 30
-0.0000000000587722
 41
799.999999999965
 42
800.0
 43
799.9999999999999
 50
1.418470928746684
  0
ATTRIB
  5
C55F7
330
C55F6
100
AcDbEntity
  8
AXIS_TEXT
100
AcDbText
 10
1771192.458901094
 20
-991511.8452789075
 30
-0.0000000000587842
 40
448.0
  1
B
 50
1.418470928664984
 41
1.102941176469217
  7
COMPLEX
 72
     5
 11
1771592.336325663
 21
-991501.9434952413
 31
-0.0000000000587842
100
AcDbAttribute
  2
A
 70
     0
280
     0
 71
     1
 72
     0
 11
1771592.336325663
 21
-991501.9434952413
 31
-0.0000000000587842
  0
SEQEND
  5
C55F8
330
C55F6
100
AcDbEntity
  8
DIM
  0
INSERT
  5
C55F9
330
2
100
AcDbEntity
  8
DIM
 62
     8
100
AcDbBlockReference
 66
     1
  2
_axiso
 10
1771492.423527918
 20
-994481.221114938
 30
-0.000000000058774
 41
799.999999999965
 42
800.0
 43
799.9999999999999
 50
1.418470928746684
  0
ATTRIB
  5
C55FA
330
C55F9
100
AcDbEntity
  8
AXIS_TEXT
100
AcDbText
 10
1771298.029814487
 20
-994710.1033645292
 30
-0.0000000000587862
 40
448.0
  1
A
 50
1.418470928661682
 41
1.041666666667796
  7
COMPLEX
 72
     5
 11
1771697.907239057
 21
-994700.201580863
 31
-0.0000000000587862
100
AcDbAttribute
  2
A
 70
     0
280
     0
 71
     1
 72
     0
 11
1771697.907239057
 21
-994700.201580863
 31
-0.0000000000587862
  0
SEQEND
  5
C55FB
330
C55F9
100
AcDbEntity
  8
DIM
  0
INSERT
  5
C55FC
330
2
100
AcDbEntity
  8
DIM
 62
     8
100
AcDbBlockReference
 66
     1
  2
_axiso
 10
1770957.970799243
 20
-978290.040173939
 30
-0.0000000000587757
 41
799.999999999965
 42
800.0
 43
799.9999999999999
 50
1.418470928746684
  0
ATTRIB
  5
C55FD
330
C55FC
100
AcDbEntity
  8
AXIS_TEXT
100
AcDbText
 10
1770763.577085811
 20
-978518.9224235304
 30
-0.0000000000587868
 40
448.0
  1
D
 50
1.418470928695022
 41
1.1029411764718
  7
COMPLEX
 72
     5
 11
1771163.454510381
 21
-978509.0206398641
 31
-0.0000000000587868
100
AcDbAttribute
  2
A
 70
     0
280
     0
 71
     1
 72
     0
 11
1771163.454510381
 21
-978509.0206398641
 31
-0.0000000000587868
  0
SEQEND
  5
C55FE
330
C55FC
100
AcDbEntity
  8
DIM
  0
INSERT
  5
C55FF
330
2
100
AcDbEntity
  8
DIM
 62
     8
100
AcDbBlockReference
 66
     1
  2
_axiso
 10
1770910.659901419
 20
-975097.2454494814
 30
0.0000000000000408
 41
799.999999999965
 42
800.0
 43
799.9999999999999
 50
1.418470928746684
  0
ATTRIB
  5
C5600
330
C55FF
100
AcDbEntity
  8
AXIS_TEXT
100
AcDbText
 10
1770716.266187986
 20
-975326.1276990728
 30
0.0000000000000299
 40
448.0
  1
E
 50
1.418470928661682
 41
1.17187500000127
  7
COMPLEX
 72
     5
 11
1771116.143612556
 21
-975316.2259154066
 31
0.0000000000000299
100
AcDbAttribute
  2
A
 70
     0
280
     0
 71
     1
 72
     0
 11
1771116.143612556
 21
-975316.2259154066
 31
0.0000000000000299
  0
SEQEND
  5
C5601
330
C55FF
100
AcDbEntity
  8
DIM
  0
DIMENSION
  5
C5602
330
2
100
AcDbEntity
  8
SHADE
  6
CONTINOUS
 62
     8
 48
5.0
100
AcDbDimension
280
     0
  2
*D64
 10
1773192.743551419
 20
-991216.754878794
 30
0.0
 11
1773520.37931235
 21
-992806.8114212347
 31
0.0
 70
    33
 71
     5
 42
3200.000000000233
 73
     0
 74
     0
 75
     0
  3
AXIS-G100
100
AcDbAlignedDimension
 13
1775048.404112609
 23
-994357.2444674108
 33
0.0
 14
1774942.833199214
 24
-991158.9863817889
 34
0.0
1001
ACAD
1000
DSTYLE
1002
{
1070
   176
1070
     8
1070
   177
1070
     8
1070
   178
1070
     8
1002
}
  0
DIMENSION
  5
C5603
330
2
100
AcDbEntity
  8
SHADE
  6
CONTINOUS
 62
     8
 48
5.0
100
AcDbDimension
280
     0
  2
*D65
 10
1773192.743551413
 20
-991216.7548787934
 30
0.0
 11
1773360.373396731
 21
-987959.4515102142
 31
0.0
 70
    33
 71
     5
 42
6500.000000000116
 73
     0
 74
     0
 75
     0
  3
AXIS-G100
100
AcDbAlignedDimension
 13
1774728.392281384
 23
-984662.5246453698
 33
0.0
 14
1774942.833199214
 24
-991158.986381789
 34
0.0
1001
ACAD
1000
DSTYLE
1002
{
1070
   176
1070
     8
1070
   177
1070
     8
1070
   178
1070
     8
1002
}
  0
DIMENSION
  5
C5604
330
2
100
AcDbEntity
  8
SHADE
  6
CONTINOUS
 62
     8
 48
5.0
100
AcDbDimension
280
     0
  2
*D66
 10
1772763.86171575
 20
-978223.8314059556
 30
0.0
 11
1773145.9324789
 21
-981462.9897737954
 31
0.0
 70
    33
 71
     5
 42
6500.000000000116
 73
     0
 74
     0
 75
     0
  3
AXIS-G100
100
AcDbAlignedDimension
 13
1774728.392281384
 23
-984662.5246453698
 33
0.0
 14
1774513.95136355
 24
-978166.0629089504
 34
0.0
1001
ACAD
1000
DSTYLE
1002
{
1070
   176
1070
     8
1070
   177
1070
     8
1070
   178
1070
     8
1002
}
  0
DIMENSION
  5
C5605
330
2
100
AcDbEntity
  8
SHADE
  6
CONTINOUS
 62
     8
 48
5.0
100
AcDbDimension
280
     0
  2
*D67
 10
1772763.861715748
 20
-978223.8314059546
 30
0.0
 11
1772985.926563285
 21
-976615.6298627742
 31
0.0
 70
    33
 71
     5
 42
3199.999999999767
 73
     0
 74
     0
 75
     0
  3
AXIS-G100
100
AcDbAlignedDimension
 13
1774408.380450157
 23
-974967.8048233289
 33
0.0
 14
1774513.95136355
 24
-978166.0629089504
 34
0.0
1001
ACAD
1000
DSTYLE
1002
{
1070
   176
1070
     8
1070
   177
1070
     8
1070
   178
1070
     8
1002
}
  0
DIMENSION
  5
C5606
330
2
100
AcDbEntity
  8
SHADE
  6
CONTINOUS
 62
     8
 48
5.0
100
AcDbDimension
280
     0
  2
*D68
 10
1772638.496256093
 20
-974425.8999292793
 30
0.0
 11
1772923.243833457
 21
-974716.6641244366
 31
0.0
 70
    33
 71
     5
 42
599.9999999998836
 73
     0
 74
     0
 75
     0
  3
AXIS-G100
100
AcDbAlignedDimension
 13
1774408.380450157
 23
-974967.8048233286
 33
0.0
 14
1774388.585903895
 24
-974368.1314322746
 34
0.0
1001
ACAD
1000
DSTYLE
1002
{
1070
   176
1070
     8
1070
   177
1070
     8
1070
   178
1070
     8
1002
}
  0
DIMENSION
  5
C5607
330
2
100
AcDbEntity
  8
SHADE
  6
CONTINOUS
 62
     8
 48
5.0
100
AcDbDimension
280
     0
  2
*D69
 10
1773318.10901107
 20
-995014.6863554642
 30
0.0
 11
1773583.062042174
 21
-994705.7771595686
 31
0.0
 70
    33
 71
     5
 42
599.9999999997672
 73
     0
 74
     0
 75
     0
  3
AXIS-G100
100
AcDbAlignedDimension
 13
1775048.404112609
 23
-994357.244467411
 33
0.0
 14
1775068.198658868
 24
-994956.917858465
 34
0.0
1001
ACAD
1000
DSTYLE
1002
{
1070
   176
1070
     8
1070
   177
1070
     8
1070
   178
1070
     8
1002
}
  0
DIMENSION
  5
C5608
330
2
100
AcDbEntity
  8
SHADE
  6
CONTINOUS
 62
     8
 48
5.0
100
AcDbDimension
280
     0
  2
*D70
 10
1772518.544489671
 20
-995041.0790838184
 30
0.0
 11
1772453.594150227
 21
-984737.7870754746
 31
0.0
 70
    33
 71
     5
 42
20599.65240054263
 73
     0
 74
     0
 75
     0
  3
AXIS-G100
100
AcDbAlignedDimension
 13
1773589.032850108
 23
-974394.8715708656
 33
0.0
 14
1774268.634137464
 24
-994983.3105868136
 34
0.0
1001
ACAD
1000
DSTYLE
1002
{
1070
   176
1070
     8
1070
   177
1070
     8
1070
   178
1070
     8
1002
}
  0
LINE
  5
C5609
330
2
100
AcDbEntity
  8
车站
  6
Continuous
 62
     8
100
AcDbLine
 10
1805567.759609316
 20
-998646.2712543316
 30
0.0
 11
1805567.759609316
 21
-969212.6712528928
 31
0.0
  0
LINE
  5
C560A
330
2
100
AcDbEntity
  8
DOTE
 62
     8
 48
0.1
100
AcDbLine
 10
1782972.705050131
 20
-1002126.722109602
 30
0.0000000000579038
 11
1782279.108259886
 21
-974735.5022824964
 31
0.0000000000596813
  0
LINE
  5
C560B
330
2
100
AcDbEntity
  8
DOTE
 62
     8
 48
0.1
100
AcDbLine
 10
1798035.35956021
 20
-1001872.47595103
 30
0.0000000000579038
 11
1797790.636726438
 21
-972873.5085429545
 31
0.0000000000597851
  0
INSERT
  5
C560C
330
2
100
AcDbEntity
  8
AXIS
  6
CONTINOUS
 62
     8
 48
5.0
100
AcDbBlockReference
 66
     1
  2
_axiso
 10
1782973.036314219
 20
-1002526.721972432
 30
0.0000000000579038
 41
-799.9999999999729
 42
800.0
 43
800.0
 50
0.0474496572902705
  0
ATTRIB
  5
C560D
330
C560C
100
AcDbEntity
  8
AXIS_TEXT
100
AcDbText
 10
1782773.221888997
 20
-1002750.887526149
 30
0.0000000000579038
 40
448.0000000000001
  1
4
 50
0.0474496572902751
 41
1.171874999998255
 51
0.0
  7
COMPLEX
 72
     5
 11
1783173.221751829
 21
-1002750.556265088
 31
0.0000000000579038
100
AcDbAttribute
  2
A
 70
     0
280
     0
 71
     1
 72
     0
 11
1783173.221751829
 21
-1002750.556265088
 31
0.0000000000579038
  0
SEQEND
  5
C560E
330
C560C
100
AcDbEntity
  8
AXIS
  6
CONTINOUS
 48
5.0
  0
INSERT
  5
C560F
330
2
100
AcDbEntity
  8
AXIS
  6
CONTINOUS
 62
     8
 48
5.0
100
AcDbBlockReference
 66
     1
  2
_axiso
 10
1798035.690824298
 20
-1002272.47581386
 30
0.0000000000579038
 41
-799.9999999999729
 42
800.0
 43
800.0
 50
0.0474496572902705
  0
ATTRIB
  5
C5610
330
C560F
100
AcDbEntity
  8
AXIS_TEXT
100
AcDbText
 10
1797835.876399075
 20
-1002496.641367577
 30
0.0000000000579038
 40
448.0000000000001
  1
5
 50
0.0474496572901646
 41
1.339285714286838
 51
0.0
  7
COMPLEX
 72
     5
 11
1798235.876261908
 21
-1002496.310106516
 31
0.0000000000579038
100
AcDbAttribute
  2
A
 70
     0
280
     0
 71
     1
 72
     0
 11
1798235.876261908
 21
-1002496.310106516
 31
0.0000000000579038
  0
SEQEND
  5
C5611
330
C560F
100
AcDbEntity
  8
AXIS
  6
CONTINOUS
 48
5.0
  0
LINE
  5
C5612
330
2
100
AcDbEntity
  8
DOTE
 62
     8
 48
0.1
100
AcDbLine
 10
1828162.814168499
 20
-1002126.722109602
 30
0.0000000000579038
 11
1828896.912961034
 21
-973136.0149957212
 31
0.0000000000597851
  0
LINE
  5
C5613
330
2
100
AcDbEntity
  8
DOTE
 62
     8
 48
0.1
100
AcDbLine
 10
1813100.159658422
 20
-1001872.47595103
 30
0.0000000000579038
 11
1813344.882492193
 21
-972873.5085429545
 31
0.0000000000597851
  0
INSERT
  5
C5614
330
2
100
AcDbEntity
  8
AXIS
  6
CONTINOUS
 62
     8
 48
5.0
100
AcDbBlockReference
 66
     1
  2
_axiso
 10
1828162.482904412
 20
-1002526.721972432
 30
0.0000000000579038
 41
799.9999999999729
 42
800.0
 43
800.0
 50
359.9525503427098
  0
ATTRIB
  5
C5615
330
C5614
100
AcDbEntity
  8
AXIS_TEXT
100
AcDbText
 10
1827962.297466801
 20
-1002750.556265088
 30
0.0000000000579038
 40
448.0000000000001
  1
7
 50
359.9525503427098
 41
1.339285714286838
 51
0.0
  7
COMPLEX
 72
     5
 11
1828362.297329634
 21
-1002750.887526149
 31
0.0000000000579038
100
AcDbAttribute
  2
A
 70
     0
280
     0
 71
     1
 72
     0
 11
1828362.297329634
 21
-1002750.887526149
 31
0.0000000000579038
  0
SEQEND
  5
C5616
330
C5614
100
AcDbEntity
  8
AXIS
  6
CONTINOUS
 48
5.0
  0
INSERT
  5
C5617
330
2
100
AcDbEntity
  8
AXIS
  6
CONTINOUS
 62
     8
 48
5.0
100
AcDbBlockReference
 66
     1
  2
_axiso
 10
1813099.828394334
 20
-1002272.47581386
 30
0.0000000000579038
 41
799.9999999999729
 42
800.0
 43
800.0
 50
359.9525503427098
  0
ATTRIB
  5
C5618
330
C5617
100
AcDbEntity
  8
AXIS_TEXT
100
AcDbText
 10
1812899.642956723
 20
-1002496.310106516
 30
0.0000000000579038
 40
448.0000000000001
  1
6
 50
359.9525503427097
 41
1.33928571428372
 51
0.0
  7
COMPLEX
 72
     5
 11
1813299.642819555
 21
-1002496.641367577
 31
0.0000000000579038
100
AcDbAttribute
  2
A
 70
     0
280
     0
 71
     1
 72
     0
 11
1813299.642819555
 21
-1002496.641367577
 31
0.0000000000579038
  0
SEQEND
  5
C5619
330
C5617
100
AcDbEntity
  8
AXIS
  6
CONTINOUS
 48
5.0
  0
ARC
  5
C561A
330
2
100
AcDbEntity
  8
SHADE
  6
CONTINOUS
 62
     8
 48
5.0
100
AcDbCircle
 10
1805634.835089441
 20
-999587.5382830604
 30
0.0
 40
795.0340883640932
100
AcDbArc
 50
46.43126909933849
 51
135.3940969527767
  0
DIMENSION
  5
C561B
330
2
100
AcDbEntity
  8
SHADE
  6
CONTINOUS
 62
     8
 48
5.0
100
AcDbDimension
280
     0
  2
*D71
 10
1813344.882492194
 20
-972873.508542955
 30
0.0000000000591239
 11
1805567.759609316
 21
-999268.4732997667
 31
0.0
 70
    34
  1
15200
 71
     5
 42
0.0168776371307484
 73
     0
 74
     0
 75
     0
  3
AXIS-G100
100
AcDb2LineAngularDimension
 13
1798035.35956021
 23
-1001872.47595103
 33
0.0000000000572635
 14
1797790.63672644
 24
-972873.5085429548
 34
0.0000000000591239
 15
1813100.159658423
 25
-1001872.475951031
 35
0.0000000000572635
 16
1808085.04804819
 26
-999547.0137921697
 36
0.0
1001
ACAD
1000
DSTYLE
1002
{
1070
   176
1070
     8
1070
   177
1070
     8
1070
   178
1070
     8
1002
}
  0
ARC
  5
C561C
330
2
100
AcDbEntity
  8
SHADE
  6
CONTINOUS
 62
     8
 48
5.0
100
AcDbCircle
 10
1790398.403860222
 20
-999716.118814032
 30
0.0
 40
795.0340883640932
100
AcDbArc
 50
45.57292044186605
 51
134.5357482716001
  0
ARC
  5
C561E
330
2
100
AcDbEntity
  8
SHADE
  6
CONTINOUS
 62
     8
 48
5.0
100
AcDbCircle
 10
1805634.835089441
 20
-1000583.938403991
 30
0.0
 40
795.0340883640932
100
AcDbArc
 50
46.43126909933849
 51
135.3940969527767
  0
LWPOLYLINE
  5
C5620
330
2
100
AcDbEntity
  8
DOTE
 62
     8
 48
0.1
100
AcDbPolyline
 90
        2
 70
     0
 43
0.0
 10
1839534.417706504
 20
-984774.6250071102
 42
0.018655300859955
 10
1771630.368208318
 20
-984773.5326689102
1001
LHB_YJ
1071
     4321
1002
{
1011
1841003.578638115
1021
-987132.4202216534
1031
0.0
1011
1741079.75999685
1021
-983229.7969807538
1031
0.0
1011
1652888.221704422
1021
-999369.211027934
1031
0.0
1011
1554312.067249007
1021
-1016184.138110622
1031
0.0
1041
188853.1508868336
1041
907999.9999999994
1011
1805567.759609317
1021
-1894440.693483729
1031
0.0
1002
}
1071
     1234
1002
{
1000
436BE
1000
43606
1000
436BF
1040
9633.803217036066
1040
9822.6563679229
1000
HY6
1000
YH6
1002
}
1071
     1111
1002
{
1000
402D2
1002
}
  0
LWPOLYLINE
  5
C5621
330
2
100
AcDbEntity
  8
DOTE
 62
     8
 48
0.1
100
AcDbPolyline
 90
        2
 70
     0
 43
0.0
 10
1839729.488021569
 20
-978277.38036107
 42
0.0186347467156259
 10
1771415.867030477
 20
-978277.0136572026
1001
LHB_YJ
1071
     4321
1002
{
1011
1841003.578638115
1021
-987132.4202216534
1031
0.0
1011
1741079.75999685
1021
-983229.7969807538
1031
0.0
1011
1652888.221704422
1021
-999369.211027934
1031
0.0
1011
1554312.067249007
1021
-1016184.138110622
1031
0.0
1041
188853.1508868336
1041
907999.9999999994
1011
1805567.759609317
1021
-1894440.693483729
1031
0.0
1002
}
1071
     1234
1002
{
1000
436BE
1000
43606
1000
436BF
1040
9633.803217036066
1040
9822.6563679229
1000
HY6
1000
YH6
1002
}
1071
     1111
1002
{
1000
402D2
1002
}
  0
LWPOLYLINE
  5
C5622
330
2
100
AcDbEntity
  8
AFC
 62
     8
100
AcDbPolyline
 90
        2
 70
     0
 43
0.0
 10
1802317.759609315
 20
-973846.430246902
 42
0.007337943858567
 10
1775302.447870169
 20
-974338.3236850782
 42
0.007337943858567
1001
LHB_YJ
1071
     4321
1002
{
1011
1841003.578638115
1021
-987132.4202216534
1031
0.0
1011
1741079.75999685
1021
-983229.7969807538
1031
0.0
1011
1652888.221704422
1021
-999369.211027934
1031
0.0
1011
1554312.067249007
1021
-1016184.138110622
1031
0.0
1041
188853.1508868336
1041
907999.9999999994
1011
1805567.759609317
1021
-1894440.693483729
1031
0.0
1002
}
1071
     1234
1002
{
1000
436BE
1000
43606
1000
436BF
1040
9633.803217036066
1040
9822.6563679229
1000
HY6
1000
YH6
1002
}
1071
     1111
1002
{
1000
402D2
1002
}
  0
LWPOLYLINE
  5
C5623
330
2
100
AcDbEntity
  8
DOTE
 62
     8
 48
0.1
100
AcDbPolyline
 90
        2
 70
     0
 43
0.0
 10
1839243.312635953
 20
-994470.5177954738
 42
0.0186865257572031
 10
1771950.470018491
 20
-994468.339552474
1001
LHB_YJ
1071
     4321
1002
{
1011
1841003.578638115
1021
-987132.4202216534
1031
0.0
1011
1741079.75999685
1021
-983229.7969807538
1031
0.0
1011
1652888.221704422
1021
-999369.211027934
1031
0.0
1011
1554312.067249007
1021
-1016184.138110622
1031
0.0
1041
188853.1508868336
1041
907999.9999999994
1011
1805567.759609317
1021
-1894440.693483729
1031
0.0
1002
}
1071
     1234
1002
{
1000
436BE
1000
43606
1000
436BF
1040
9633.803217036066
1040
9822.6563679229
1000
HY6
1000
YH6
1002
}
1071
     1111
1002
{
1000
402D2
1002
}
  0
LWPOLYLINE
  5
C5624
330
2
100
AcDbEntity
  8
DOTE
 62
     8
 48
0.1
100
AcDbPolyline
 90
        2
 70
     0
 43
0.0
 10
1839825.522611431
 20
-975078.7377351735
 42
0.0186247344625314
 10
1771310.266460696
 20
-975078.7276797864
1001
LHB_YJ
1071
     4321
1002
{
1011
1841003.578638115
1021
-987132.4202216534
1031
0.0
1011
1741079.75999685
1021
-983229.7969807538
1031
0.0
1011
1652888.221704422
1021
-999369.211027934
1031
0.0
1011
1554312.067249007
1021
-1016184.138110622
1031
0.0
1041
188853.1508868336
1041
907999.9999999994
1011
1805567.759609317
1021
-1894440.693483729
1031
0.0
1002
}
1071
     1234
1002
{
1000
436BE
1000
43606
1000
436BF
1040
9633.803217036066
1040
9822.6563679229
1000
HY6
1000
YH6
1002
}
1071
     1111
1002
{
1000
402D2
1002
}
  0
POINT
  5
C5627
330
2
100
AcDbEntity
  8
DOTE
 62
     8
100
AcDbPoint
 10
1815372.035967117
 20
-993571.66311815
 30
0.0000000000000064
  0
POINT
  5
C5628
330
2
100
AcDbEntity
  8
DOTE
 62
     8
100
AcDbPoint
 10
1815372.035967115
 20
-993571.6631181499
 30
0.0000000000000064
  0
INSERT
  5
C5629
330
2
100
AcDbEntity
  8
柱
  6
CONTINOUS
 62
     8
100
AcDbBlockReference
  2
A$C62AE10F8
 10
-231634.6069245944
 20
-775808.6984666396
 30
0.0000000000332903
 41
-0.5999999999882806
 42
0.6000000000931323
 43
0.6000000000000001
 50
359.357194299824
  0
TEXT
  5
C562A
330
2
100
AcDbEntity
  8
TEXT
  6
CONTINOUS
 62
     8
100
AcDbText
 10
1803955.824306011
 20
-968957.983667571
 30
0.0000000000001323
 40
500.0
  1
罗店站
 41
0.7
  7
标注
100
AcDbText
  0
LWPOLYLINE
  5
C562B
330
2
100
AcDbEntity
  8
SHADE
 62
     8
 48
0.1
100
AcDbPolyline
 90
        2
 70
     0
 43
0.0
 10
1800167.759609317
 20
-974256.5379993278
 42
0.0050286098367664
 10
1781661.267625132
 20
-974551.287280374
1001
LHB_YJ
1071
     4321
1002
{
1011
1841003.578638115
1021
-987132.4202216534
1031
0.0
1011
1741079.75999685
1021
-983229.7969807538
1031
0.0
1011
1652888.221704422
1021
-999369.211027934
1031
0.0
1011
1554312.067249007
1021
-1016184.138110622
1031
0.0
1041
188853.1508868336
1041
907999.9999999994
1011
1805567.759609317
1021
-1894440.693483729
1031
0.0
1002
}
1071
     1234
1002
{
1000
436BE
1000
43606
1000
436BF
1040
9633.803217036066
1040
9822.6563679229
1000
HY6
1000
YH6
1002
}
1071
     1111
1002
{
1000
402D2
1002
}
  0
LWPOLYLINE
  5
C562C
330
2
100
AcDbEntity
  8
SHADE
 62
     8
 48
0.1
100
AcDbPolyline
 90
        2
 70
     0
 43
0.0
 10
1800167.759609316
 20
-974156.5362776292
 42
0.0050287511598318
 10
1781658.736249424
 20
-974451.3193026312
1001
LHB_YJ
1071
     4321
1002
{
1011
1841003.578638115
1021
-987132.4202216534
1031
0.0
1011
1741079.75999685
1021
-983229.7969807538
1031
0.0
1011
1652888.221704422
1021
-999369.211027934
1031
0.0
1011
1554312.067249007
1021
-1016184.138110622
1031
0.0
1041
188853.1508868336
1041
907999.9999999994
1011
1805567.759609317
1021
-1894440.693483729
1031
0.0
1002
}
1071
     1234
1002
{
1000
436BE
1000
43606
1000
436BF
1040
9633.803217036066
1040
9822.6563679229
1000
HY6
1000
YH6
1002
}
1071
     1111
1002
{
1000
402D2
1002
}
  0
LWPOLYLINE
  5
C562D
330
2
100
AcDbEntity
  8
SHADE
 62
     8
 48
0.1
100
AcDbPolyline
 90
        2
 70
     0
 43
0.0
 10
1800167.759609316
 20
-974056.534556305
 42
0.0050288924521884
 10
1781656.204873716
 20
-974351.3513248938
1001
LHB_YJ
1071
     4321
1002
{
1011
1841003.578638115
1021
-987132.4202216534
1031
0.0
1011
1741079.75999685
1021
-983229.7969807538
1031
0.0
1011
1652888.221704422
1021
-999369.211027934
1031
0.0
1011
1554312.067249007
1021
-1016184.138110622
1031
0.0
1041
188853.1508868336
1041
907999.9999999994
1011
1805567.759609317
1021
-1894440.693483729
1031
0.0
1002
}
1071
     1234
1002
{
1000
436BE
1000
43606
1000
436BF
1040
9633.803217036066
1040
9822.6563679229
1000
HY6
1000
YH6
1002
}
1071
     1111
1002
{
1000
402D2
1002
}
  0
LINE
  5
C562E
330
2
100
AcDbEntity
  8
SHADE
 62
     8
100
AcDbLine
 10
1802317.759609315
 20
-997744.6103471374
 30
0.0
 11
1802317.759609315
 21
-994340.6934837291
 31
0.0
  0
LWPOLYLINE
  5
C562F
330
2
100
AcDbEntity
  8
SHADE
 62
     8
 48
20.0
100
AcDbPolyline
 90
        6
 70
     0
 43
0.0
 10
1810306.569673612
 20
-997744.6103471374
 10
1805607.469842031
 20
-997746.52609616
 10
1805485.557916084
 20
-997985.5605754968
 10
1805489.389414133
 20
-997505.5758677996
 10
1805367.477488182
 20
-997744.6103471374
 10
1800935.102515082
 20
-997744.6103471374
  0
LINE
  5
C5630
330
2
100
AcDbEntity
  8
SHADE
 62
     8
100
AcDbLine
 10
1802417.759609317
 20
-997744.6103471374
 30
0.0
 11
1802417.759609315
 21
-994340.6934837291
 31
0.0
  0
LWPOLYLINE
  5
C5631
330
2
100
AcDbEntity
  8
SHADE
 62
     8
 48
20.0
100
AcDbPolyline
 90
        6
 70
     0
 43
0.0
 10
1809206.768558789
 20
-970414.8294991676
 10
1805607.469842031
 20
-970416.2149508828
 10
1805485.557916084
 20
-970655.2494302196
 10
1805489.389414133
 20
-970175.2647225223
 10
1805367.477488182
 20
-970414.29920186
 10
1801993.779994388
 20
-970414.29920186
  0
LINE
  5
C5632
330
2
100
AcDbEntity
  8
SHADE
 62
     8
100
AcDbLine
 10
1802317.759609315
 20
-973940.6937192932
 30
0.0
 11
1802317.759609315
 21
-970414.29920186
 31
0.0
  0
LINE
  5
C5633
330
2
100
AcDbEntity
  8
SHADE
 62
     8
100
AcDbLine
 10
1802417.759609315
 20
-973940.6937192932
 30
0.0
 11
1802417.759609315
 21
-970414.29920186
 31
0.0
  0
LWPOLYLINE
  5
C5634
330
2
100
AcDbEntity
  8
AFC
 62
     8
100
AcDbPolyline
 90
        2
 70
     0
 43
0.0
 10
1808817.759609315
 20
-973846.430246902
 42
-0.0073379438584928
 10
1835833.071348185
 20
-974338.3236852504
 42
-0.0073379438584928
1001
LHB_YJ
1071
     4321
1002
{
1011
1770131.940580515
1021
-987132.4202216534
1031
0.0
1011
1870055.75922178
1021
-983229.7969807538
1031
0.0
1011
1958247.297514209
1021
-999369.211027934
1031
0.0
1011
2056823.451969624
1021
-1016184.138110622
1031
0.0
1041
188853.1508868336
1041
907999.9999999994
1011
1805567.759609313
1021
-1894440.693483729
1031
0.0
1002
}
1071
     1234
1002
{
1000
436BE
1000
43606
1000
436BF
1040
9633.803217036066
1040
9822.6563679229
1000
HY6
1000
YH6
1002
}
1071
     1111
1002
{
1000
402D2
1002
}
  0
LINE
  5
C5635
330
2
100
AcDbEntity
  8
SHADE
 62
     8
100
AcDbLine
 10
1831112.195403255
 20
-992823.6446312685
 30
-0.0000000000350218
 11
1831171.077236305
 21
-991124.6778067156
 31
0.0000000001414833
  0
LINE
  5
C5636
330
2
100
AcDbEntity
  8
SHADE
 62
     8
100
AcDbLine
 10
1830768.594697186
 20
-994076.495207319
 30
0.0000000000584228
 11
1833186.738357534
 21
-994160.3018652712
 31
0.0000000000581456
  0
LINE
  5
C5637
330
2
100
AcDbEntity
  8
SHADE
 62
     8
100
AcDbLine
 10
1830771.019262015
 20
-994006.5372093102
 30
0.0000000000584228
 11
1833239.696007043
 21
-994092.0952143822
 31
0.0000000000581397
  0
LINE
  5
C5638
330
2
100
AcDbEntity
  8
SHADE
 62
     8
100
AcDbLine
 10
1828543.744235346
 20
-991033.6211788132
 30
0.0000000001168203
 11
1835472.620026087
 21
-991273.7582549364
 31
0.0000000001997872
  0
LINE
  5
C5639
330
2
100
AcDbEntity
  8
SHADE
 62
     8
100
AcDbLine
 10
1830815.665062189
 20
-994214.2081993396
 30
0.0
 11
1830820.375645486
 21
-994078.2898022172
 31
0.0
  0
LINE
  5
C563A
330
2
100
AcDbEntity
  8
SHADE
 62
     8
100
AcDbLine
 10
1830822.800210365
 20
-994008.3318052083
 30
0.0
 11
1830825.190138673
 21
-993939.3732061771
 31
0.0
  0
LINE
  5
C563B
330
2
100
AcDbEntity
  8
SHADE
 62
     8
100
AcDbLine
 10
1831404.311645403
 20
-994234.6091812612
 30
0.0
 11
1831409.022228715
 21
-994098.6907836824
 31
0.0
  0
LINE
  5
C563C
330
2
100
AcDbEntity
  8
SHADE
 62
     8
100
AcDbLine
 10
1831411.44679358
 20
-994028.73278713
 30
0.0
 11
1831413.836721903
 21
-993959.7741876421
 31
0.0
  0
LINE
  5
C563D
330
2
100
AcDbEntity
  8
SHADE
 62
     8
100
AcDbLine
 10
1831443.277867244
 20
-993110.2842133105
 30
0.0
 11
1831445.667795568
 21
-993041.325613822
 31
0.0
  0
LINE
  5
C563E
330
2
100
AcDbEntity
  8
SHADE
 62
     8
100
AcDbLine
 10
1830854.631284027
 20
-993089.8832313886
 30
0.0
 11
1830857.021212334
 21
-993020.9246323575
 31
0.0
  0
LINE
  5
C563F
330
2
100
AcDbEntity
  8
SHADE
 62
     8
100
AcDbLine
 10
1830768.594695141
 20
-994076.4952081864
 30
0.0
 11
1830771.019260086
 21
-994006.537209248
 31
0.0
  0
LINE
  5
C5640
330
2
100
AcDbEntity
  8
SHADE
 62
     8
100
AcDbLine
 10
1830805.240261968
 20
-993019.130038325
 30
0.0
 11
1830807.664826913
 21
-992949.1720393874
 31
0.0
  0
LINE
  5
C5641
330
2
100
AcDbEntity
  8
SHADE
 62
     8
100
AcDbLine
 10
1830859.445777214
 20
-992950.9666353486
 30
0.0
 11
1830864.15636051
 21
-992815.0482382271
 31
0.0
  0
LINE
  5
C5642
330
2
100
AcDbEntity
  8
SHADE
 62
     8
100
AcDbLine
 10
1831448.092360432
 20
-992971.3676172704
 30
0.0
 11
1831452.802943745
 21
-992835.4492196916
 31
0.0
  0
LINE
  5
C5643
330
2
100
AcDbEntity
  8
SHADE
 62
     8
100
AcDbLine
 10
1831115.659067191
 20
-992723.7046371708
 30
0.0000000001518703
 11
1834220.590340381
 21
-992831.3135971274
 31
0.000000000189049
  0
LINE
  5
C5644
330
2
100
AcDbEntity
  8
SHADE
 62
     8
100
AcDbLine
 10
1833987.155402118
 20
-993129.407061577
 30
0.0
 11
1830805.240261966
 21
-993019.130038326
 31
0.0
  0
LINE
  5
C5645
330
2
100
AcDbEntity
  8
SHADE
 62
     8
100
AcDbLine
 10
1834040.113051613
 20
-993061.200410762
 30
0.0
 11
1830807.664826881
 21
-992949.1720403202
 31
0.0
  0
LINE
  5
C5646
330
2
100
AcDbEntity
  8
SHADE
 62
     8
100
AcDbLine
 10
1833934.954290471
 20
-993196.6393316706
 30
0.0
 11
1830854.631284024
 21
-993089.8832313886
 31
0.0
  0
LINE
  5
C5647
330
2
100
AcDbEntity
  8
SHADE
 62
     8
100
AcDbLine
 10
1833083.849209844
 20
-994292.817648726
 30
0.0
 11
1829564.604146046
 21
-994170.8496343516
 31
0.0
  0
LINE
  5
C5648
330
2
100
AcDbEntity
  8
SHADE
 62
     8
100
AcDbLine
 10
1833291.897118523
 20
-994024.8629491248
 30
0.0
 11
1830825.190138639
 21
-993939.3732071694
 31
0.0
  0
LINE
  5
C5649
330
2
100
AcDbEntity
  8
SHADE
 62
     8
100
AcDbLine
 10
1828646.220397584
 20
-990937.0995575698
 30
0.0000000001899147
 11
1835550.882801529
 21
-991176.3974611976
 31
0.0000000001905189
  0
LINE
  5
C564A
330
2
100
AcDbEntity
  8
SHADE
 62
     8
100
AcDbLine
 10
1834094.421840608
 20
-992927.0009615002
 30
0.0
 11
1829613.09544433
 21
-992771.6896742352
 31
0.0
  0
LINE
  5
C564B
330
2
100
AcDbEntity
  8
SHADE
 62
     8
100
AcDbLine
 10
1831415.479058761
 20
-992734.095626266
 30
-0.0000000000272348
 11
1831470.897227717
 21
-991135.0687992034
 31
0.0000000001440793
  0
LINE
  5
C564C
330
2
100
AcDbEntity
  8
SHADE
 62
     8
100
AcDbLine
 10
1833606.102398347
 20
-993620.1831667878
 30
0.0000000000583904
 11
1833621.158253811
 21
-993185.7639623294
 31
0.0000000000583904
  0
LINE
  5
C564D
330
2
100
AcDbEntity
  8
SHADE
 62
     8
100
AcDbLine
 10
1833021.518270542
 20
-993164.9819780722
 30
0.0
 11
1832992.077125061
 21
-994014.4719565656
 31
0.0
  0
LINE
  5
C564E
330
2
100
AcDbEntity
  8
SHADE
 62
     8
100
AcDbLine
 10
1832721.698279077
 20
-993154.590985949
 30
0.0
 11
1832692.257133608
 21
-994004.0809640762
 31
0.0
  0
LINE
  5
C564F
330
2
100
AcDbEntity
  8
SHADE
 62
     8
100
AcDbLine
 10
1832481.842285901
 20
-993146.278192324
 30
0.0
 11
1832452.401140445
 21
-993995.768170084
 31
0.0
  0
LINE
  5
C5650
330
2
100
AcDbEntity
  8
SHADE
 62
     8
100
AcDbLine
 10
1833321.338262008
 20
-993175.3729701954
 30
0.0
 11
1833291.897116514
 21
-994024.8629490556
 31
0.0
  0
LINE
  5
C5651
330
2
100
AcDbEntity
  8
SHADE
 62
     8
100
AcDbLine
 10
1831715.299050214
 20
-992744.486618756
 30
-0.0000000000272348
 11
1831770.717219171
 21
-991145.4597916933
 31
0.0000000001440793
  0
LINE
  5
C5652
330
2
100
AcDbEntity
  8
SHADE
 62
     8
100
AcDbLine
 10
1832015.119041668
 20
-992754.877611246
 30
-0.0000000000272348
 11
1832070.537210624
 21
-991155.8507841832
 31
0.0000000001440793
  0
LINE
  5
C5653
330
2
100
AcDbEntity
  8
SHADE
 62
     8
100
AcDbLine
 10
1832314.93903312
 20
-992765.268603736
 30
-0.0000000000272348
 11
1832370.357202077
 21
-991166.2417766732
 31
0.0000000001440793
  0
LINE
  5
C5654
330
2
100
AcDbEntity
  8
SHADE
 62
     8
100
AcDbLine
 10
1832614.759024575
 20
-992775.6595962258
 30
-0.0000000000272348
 11
1832670.17719353
 21
-991176.6327691632
 31
0.0000000001440793
  0
LINE
  5
C5655
330
2
100
AcDbEntity
  8
SHADE
 62
     8
100
AcDbLine
 10
1832914.579016027
 20
-992786.0505887158
 30
-0.0000000000272348
 11
1832969.997184984
 21
-991187.023761653
 31
0.0000000001440793
  0
LINE
  5
C5656
330
2
100
AcDbEntity
  8
SHADE
 62
     8
100
AcDbLine
 10
1833214.399007481
 20
-992796.4415812058
 30
-0.0000000000272348
 11
1833269.817176436
 21
-991197.414754143
 31
0.0000000001440793
  0
LINE
  5
C5657
330
2
100
AcDbEntity
  8
SHADE
 62
     8
100
AcDbLine
 10
1833514.218998935
 20
-992806.8325736956
 30
-0.0000000000272348
 11
1833569.637167891
 21
-991207.805746633
 31
0.0000000001440793
  0
LINE
  5
C5658
330
2
100
AcDbEntity
  8
SHADE
 62
     8
100
AcDbLine
 10
1833814.038990387
 20
-992817.2235661856
 30
-0.0000000000272348
 11
1833869.457159344
 21
-991218.1967391229
 31
0.0000000001440793
  0
LINE
  5
C5659
330
2
100
AcDbEntity
  8
SHADE
 62
     8
100
AcDbLine
 10
1834113.858981841
 20
-992827.6145586756
 30
-0.0000000000272348
 11
1834169.277150796
 21
-991228.5877316128
 31
0.0000000001440793
  0
LINE
  5
C565A
330
2
100
AcDbEntity
  8
SHADE
 62
     8
100
AcDbLine
 10
1834422.62140634
 20
-992579.9820435176
 30
0.000000000000409
 11
1834469.097142251
 21
-991238.9787241028
 31
0.0000000001440793
  0
LINE
  5
C565B
330
2
100
AcDbEntity
  8
SHADE
 62
     8
100
AcDbLine
 10
1834736.326835757
 20
-992189.7248690758
 30
0.000000000043333
 11
1834768.917133704
 21
-991249.3697165928
 31
0.0000000001440793
  0
LINE
  5
C565C
330
2
100
AcDbEntity
  8
SHADE
 62
     8
100
AcDbLine
 10
1831519.350090753
 20
-976228.633483084
 30
-0.0000000000677083
 11
1831460.468252167
 21
-977927.600307445
 31
0.0000000001087969
  0
LINE
  5
C565D
330
2
100
AcDbEntity
  8
SHADE
 62
     8
100
AcDbLine
 10
1830068.741430485
 20
-974777.5185550106
 30
0.0000000000257363
 11
1835333.359993644
 21
-974959.9767486315
 31
0.0000000000256702
  0
LINE
  5
C565E
330
2
100
AcDbEntity
  8
SHADE
 62
     8
100
AcDbLine
 10
1831263.310815038
 20
-974955.0009220946
 30
0.0000000000257363
 11
1835226.936596784
 21
-975092.3700394664
 31
0.0000000000252819
  0
LINE
  5
C565F
330
2
100
AcDbEntity
  8
SHADE
 62
     8
100
AcDbLine
 10
1831260.886250038
 20
-975024.9589200976
 30
0.0000000000257363
 11
1835172.15984852
 21
-975160.5136448948
 31
0.0000000000252878
  0
LINE
  5
C5660
330
2
100
AcDbEntity
  8
SHADE
 62
     8
100
AcDbLine
 10
1828877.8795924
 20
-977838.0944032077
 30
0.0000000001179818
 11
1832959.568209616
 21
-977979.5552700026
 31
0.0000000000715055
  0
LINE
  5
C5661
330
2
100
AcDbEntity
  8
SHADE
 62
     8
100
AcDbLine
 10
1831319.80234663
 20
-974820.877119989
 30
-0.0000000000338541
 11
1831315.091763335
 21
-974956.7955171114
 31
-0.0000000000338541
  0
LINE
  5
C5662
330
2
100
AcDbEntity
  8
SHADE
 62
     8
100
AcDbLine
 10
1831312.667198455
 20
-975026.7535141204
 30
-0.0000000000338541
 11
1831310.277270149
 21
-975095.7121131514
 31
-0.0000000000338541
  0
LINE
  5
C5663
330
2
100
AcDbEntity
  8
SHADE
 62
     8
100
AcDbLine
 10
1831908.448929844
 20
-974841.2781019066
 30
-0.0000000000338541
 11
1831903.738346533
 21
-974977.1964994854
 31
-0.0000000000338541
  0
LINE
  5
C5664
330
2
100
AcDbEntity
  8
SHADE
 62
     8
100
AcDbLine
 10
1831901.31378167
 20
-975047.1544960378
 30
-0.0000000000338541
 11
1831898.923853347
 21
-975116.1130955257
 31
-0.0000000000338541
  0
LINE
  5
C5665
330
2
100
AcDbEntity
  8
SHADE
 62
     8
100
AcDbLine
 10
1831869.482708018
 20
-975965.6030698578
 30
-0.0000000000338541
 11
1831867.092779695
 21
-976034.5616693462
 31
-0.0000000000338541
  0
LINE
  5
C5666
330
2
100
AcDbEntity
  8
SHADE
 62
     8
100
AcDbLine
 10
1831280.836124801
 20
-975945.2020879402
 30
-0.0000000000338541
 11
1831278.446196494
 21
-976014.1606869712
 31
-0.0000000000338541
  0
LINE
  5
C5667
330
2
100
AcDbEntity
  8
SHADE
 62
     8
100
AcDbLine
 10
1831263.310813059
 20
-974955.0009210876
 30
-0.0000000000338541
 11
1831260.886248111
 21
-975024.958920026
 31
-0.0000000000338541
  0
LINE
  5
C5668
330
2
100
AcDbEntity
  8
SHADE
 62
     8
100
AcDbLine
 10
1831226.665246196
 20
-976012.3660909478
 30
-0.0000000000338541
 11
1831224.240681249
 21
-976082.3240898855
 31
-0.0000000000338541
  0
LINE
  5
C5669
330
2
100
AcDbEntity
  8
SHADE
 62
     8
100
AcDbLine
 10
1831276.021631615
 20
-976084.1186839804
 30
-0.0000000000338541
 11
1831271.311048319
 21
-976220.0370811018
 31
-0.0000000000338541
  0
LINE
  5
C566A
330
2
100
AcDbEntity
  8
SHADE
 62
     8
100
AcDbLine
 10
1831864.668214833
 20
-976104.519665898
 30
-0.0000000000338541
 11
1831859.957631521
 21
-976240.4380634768
 31
-0.0000000000338541
  0
LINE
  5
C566B
330
2
100
AcDbEntity
  8
SHADE
 62
     8
100
AcDbLine
 10
1831515.886426575
 20
-976328.5734771732
 30
0.0000000001191838
 11
1834170.018833519
 21
-976420.5589043048
 31
0.0000000001509646
  0
LINE
  5
C566C
330
2
100
AcDbEntity
  8
SHADE
 62
     8
100
AcDbLine
 10
1831226.665246195
 20
-976012.3660909468
 30
0.0000000000257363
 11
1834501.195881172
 21
-976125.8529309168
 31
0.0000000000253589
  0
LINE
  5
C566D
330
2
100
AcDbEntity
  8
SHADE
 62
     8
100
AcDbLine
 10
1831224.240681281
 20
-976082.3240889526
 30
0.0000000000257363
 11
1834348.561767561
 21
-976190.6050509162
 31
0.0000000000253761
  0
LINE
  5
C566E
330
2
100
AcDbEntity
  8
SHADE
 62
     8
100
AcDbLine
 10
1831280.836124798
 20
-975945.20208794
 30
0.0000000000257357
 11
1834408.119532074
 21
-976053.585716361
 31
0.0000000000253732
  0
LINE
  5
C566F
330
2
100
AcDbEntity
  8
SHADE
 62
     8
100
AcDbLine
 10
1831310.277270181
 20
-975095.7121121594
 30
0.0000000000257357
 11
1835118.165630727
 21
-975227.6837634072
 31
0.0000000000256843
  0
LINE
  5
C5670
330
2
100
AcDbEntity
  8
SHADE
 62
     8
100
AcDbLine
 10
1828975.292119068
 20
-977941.5436541004
 30
0.0000000000538299
 11
1832883.904487723
 21
-978077.0061408743
 31
0.0000000001273983
  0
LINE
  5
C5671
330
2
100
AcDbEntity
  8
SHADE
 62
     8
100
AcDbLine
 10
1830020.250132206
 20
-976176.6785151266
 30
-0.0000000000338541
 11
1830068.741430483
 21
-974777.5185550104
 31
-0.0000000000338541
  0
LINE
  5
C5672
330
2
100
AcDbEntity
  8
SHADE
 62
     8
100
AcDbLine
 10
1834245.672620437
 20
-976323.1208294705
 30
-0.0000000000338541
 11
1830020.250132206
 21
-976176.6785151268
 31
-0.0000000000338541
  0
LINE
  5
C5673
330
2
100
AcDbEntity
  8
SHADE
 62
     8
100
AcDbLine
 10
1831815.70641791
 20
-976338.9644730556
 30
-0.0000000000599212
 11
1831760.288243578
 21
-977937.991299932
 31
0.0000000001113929
  0
LINE
  5
C5674
330
2
100
AcDbEntity
  8
SHADE
 62
     8
100
AcDbLine
 10
1832908.04712687
 20
-976001.5970529434
 30
-0.0000000000338541
 11
1832937.488273849
 21
-975152.107075236
 31
-0.0000000000338541
  0
LINE
  5
C5675
330
2
100
AcDbEntity
  8
SHADE
 62
     8
100
AcDbLine
 10
1834846.342219298
 20
-975218.2630650213
 30
0.000000000025695
 11
1834833.753374084
 21
-975581.4995193572
 31
0.000000000025695
  0
LINE
  5
C5676
330
2
100
AcDbEntity
  8
SHADE
 62
     8
100
AcDbLine
 10
1833447.723111128
 20
-976020.3008400355
 30
-0.0000000000338541
 11
1833477.164256604
 21
-975170.810861542
 31
-0.0000000000338541
  0
LINE
  5
C5677
330
2
100
AcDbEntity
  8
SHADE
 62
     8
100
AcDbLine
 10
1833147.903119686
 20
-976009.909847181
 30
-0.0000000000338541
 11
1833177.344265151
 21
-975160.4198690536
 31
-0.0000000000338541
  0
LINE
  5
C5678
330
2
100
AcDbEntity
  8
SHADE
 62
     8
100
AcDbLine
 10
1833747.543102569
 20
-976030.69183289
 30
-0.0000000000338541
 11
1833776.984248058
 21
-975181.2018540298
 31
-0.0000000000338541
  0
LINE
  5
C5679
330
2
100
AcDbEntity
  8
SHADE
 62
     8
100
AcDbLine
 10
1834047.36309401
 20
-976041.0828257455
 30
-0.0000000000338541
 11
1834076.804239512
 21
-975191.5928465181
 31
-0.0000000000338541
  0
LINE
  5
C567A
330
2
100
AcDbEntity
  8
SHADE
 62
     8
100
AcDbLine
 10
1834517.081080609
 20
-976057.3620478824
 30
-0.0000000000338541
 11
1834546.522226134
 21
-975207.872068081
 31
-0.0000000000338541
  0
LINE
  5
C567B
330
2
100
AcDbEntity
  8
SHADE
 62
     8
100
AcDbLine
 10
1834276.531355488
 20
-976049.0252106258
 30
-0.0000000000338541
 11
1834305.972501003
 21
-975199.5352311186
 31
-0.0000000000338541
  0
LINE
  5
C567C
330
2
100
AcDbEntity
  8
SHADE
 62
     8
100
AcDbLine
 10
1832115.526409363
 20
-976349.3554655435
 30
-0.0000000000599212
 11
1832060.108235033
 21
-977948.3822924196
 31
0.0000000001113929
  0
LINE
  5
C567D
330
2
100
AcDbEntity
  8
SHADE
 62
     8
100
AcDbLine
 10
1832415.346400817
 20
-976359.746458031
 30
-0.0000000000599212
 11
1832359.928226485
 21
-977958.7732849075
 31
0.0000000001113929
  0
LINE
  5
C567E
330
2
100
AcDbEntity
  8
SHADE
 62
     8
100
AcDbLine
 10
1832715.16639227
 20
-976370.1374505186
 30
-0.0000000000599212
 11
1832659.748217939
 21
-977969.1642773952
 31
0.0000000001113929
  0
LINE
  5
C567F
330
2
100
AcDbEntity
  8
SHADE
 62
     8
100
AcDbLine
 10
1833014.986383723
 20
-976380.5284430064
 30
-0.0000000000599212
 11
1832959.568209392
 21
-977979.5552698828
 31
0.0000000001113929
  0
LINE
  5
C5680
330
2
100
AcDbEntity
  8
SHADE
 62
     8
100
AcDbLine
 10
1833314.806375177
 20
-976390.9194354942
 30
-0.0000000000599212
 11
1833273.773490694
 21
-977574.8754907952
 31
0.0000000000669237
  0
LINE
  5
C5681
330
2
100
AcDbEntity
  8
SHADE
 62
     8
100
AcDbLine
 10
1833614.62636663
 20
-976401.310427982
 30
-0.0000000000599212
 11
1833587.978772012
 21
-977170.1957112108
 31
0.0000000000224544
  0
LINE
  5
C5682
330
2
100
AcDbEntity
  8
SHADE
 62
     8
100
AcDbLine
 10
1833914.446358084
 20
-976411.7014204698
 30
-0.0000000000599212
 11
1833902.184053331
 21
-976765.515931625
 31
-0.0000000000220148
  0
LWPOLYLINE
  5
C5683
330
2
100
AcDbEntity
  8
SHADE
 62
     8
 48
20.0
100
AcDbPolyline
 90
        6
 70
     0
 43
0.0
 10
1832647.77933285
 20
-994854.452575572
 10
1834088.74968959
 20
-992998.558989697
 10
1834220.33046595
 20
-993024.760121205
 10
1834030.762128979
 20
-992877.5736897034
 10
1834162.342905341
 20
-992903.7748212114
 10
1835785.640294568
 20
-990884.3534378848
  0
LWPOLYLINE
  5
C5684
330
2
100
AcDbEntity
  8
SHADE
 62
     8
 48
20.0
100
AcDbPolyline
 90
        6
 70
     0
 43
0.0
 38
0.0000000001371342
 10
1832656.943132795
 20
-978369.3203584906
 10
1834400.538566128
 20
-976123.6616841475
 10
1834532.119342489
 20
-976149.8628156557
 10
1834342.551005517
 20
-976002.6763841542
 10
1834474.131781879
 20
-976028.8775156622
 10
1835830.799533846
 20
-974341.1498777242
  0
LWPOLYLINE
  5
C5685
330
2
100
AcDbEntity
  8
SHADE
 62
     8
 48
0.1
100
AcDbPolyline
 90
        2
 70
     0
 43
0.0
 10
1810967.759609315
 20
-974256.5379993464
 42
-0.005026430367397
 10
1829466.232312155
 20
-974551.0789068998
1001
LHB_YJ
1071
     4321
1002
{
1011
1770131.940580515
1021
-987132.4202216534
1031
0.0
1011
1870055.75922178
1021
-983229.7969807538
1031
0.0
1011
1958247.297514209
1021
-999369.211027934
1031
0.0
1011
2056823.451969624
1021
-1016184.138110622
1031
0.0
1041
188853.1508868336
1041
907999.9999999994
1011
1805567.759609313
1021
-1894440.693483729
1031
0.0
1002
}
1071
     1234
1002
{
1000
436BE
1000
43606
1000
436BF
1040
9633.803217036066
1040
9822.6563679229
1000
HY6
1000
YH6
1002
}
1071
     1111
1002
{
1000
402D2
1002
}
  0
LWPOLYLINE
  5
C5686
330
2
100
AcDbEntity
  8
SHADE
 62
     8
 48
0.1
100
AcDbPolyline
 90
        2
 70
     0
 43
0.0
 10
1810967.759609316
 20
-974156.5362776486
 42
-0.0050265719272815
 10
1829468.763687848
 20
-974451.1109297404
1001
LHB_YJ
1071
     4321
1002
{
1011
1770131.940580515
1021
-987132.4202216534
1031
0.0
1011
1870055.75922178
1021
-983229.7969807538
1031
0.0
1011
1958247.297514209
1021
-999369.211027934
1031
0.0
1011
2056823.451969624
1021
-1016184.138110622
1031
0.0
1041
188853.1508868336
1041
907999.9999999994
1011
1805567.759609313
1021
-1894440.693483729
1031
0.0
1002
}
1071
     1234
1002
{
1000
436BE
1000
43606
1000
436BF
1040
9633.803217036066
1040
9822.6563679229
1000
HY6
1000
YH6
1002
}
1071
     1111
1002
{
1000
402D2
1002
}
  0
LWPOLYLINE
  5
C5687
330
2
100
AcDbEntity
  8
SHADE
 62
     8
 48
0.1
100
AcDbPolyline
 90
        2
 70
     0
 43
0.0
 10
1810967.759609316
 20
-974056.534556325
 42
-0.005026713456405
 10
1829471.295063542
 20
-974351.1429525862
1001
LHB_YJ
1071
     4321
1002
{
1011
1770131.940580515
1021
-987132.4202216534
1031
0.0
1011
1870055.75922178
1021
-983229.7969807538
1031
0.0
1011
1958247.297514209
1021
-999369.211027934
1031
0.0
1011
2056823.451969624
1021
-1016184.138110622
1031
0.0
1041
188853.1508868336
1041
907999.9999999994
1011
1805567.759609313
1021
-1894440.693483729
1031
0.0
1002
}
1071
     1234
1002
{
1000
436BE
1000
43606
1000
436BF
1040
9633.803217036066
1040
9822.6563679229
1000
HY6
1000
YH6
1002
}
1071
     1111
1002
{
1000
402D2
1002
}
  0
LINE
  5
C5688
330
2
100
AcDbEntity
  8
SHADE
 62
     8
100
AcDbLine
 10
1808817.759609315
 20
-997745.2173114911
 30
0.0
 11
1808817.759609315
 21
-994340.6934837291
 31
0.0
  0
LINE
  5
C5689
330
2
100
AcDbEntity
  8
SHADE
 62
     8
100
AcDbLine
 10
1808717.759609315
 20
-997745.258079919
 30
0.0
 11
1808717.759609315
 21
-994340.6934837291
 31
0.0
  0
LINE
  5
C568A
330
2
100
AcDbEntity
  8
SHADE
 62
     8
100
AcDbLine
 10
1808817.759609315
 20
-973940.6937192932
 30
0.0
 11
1808817.759609315
 21
-970414.906166214
 31
0.0
  0
LINE
  5
C568B
330
2
100
AcDbEntity
  8
SHADE
 62
     8
100
AcDbLine
 10
1808717.759609315
 20
-973940.6937192932
 30
0.0
 11
1808717.759609315
 21
-970414.9469346416
 31
0.0
  0
LINE
  5
C568C
330
2
100
AcDbEntity
  8
孔洞梁板
 62
     8
100
AcDbLine
 10
1815819.946290036
 20
-993039.0924208316
 30
-0.0000000000000039
 11
1815619.958876671
 21
-993036.848652726
 31
-0.0000000000000062
  0
LINE
  5
C568D
330
2
100
AcDbEntity
  8
孔洞梁板
 62
     8
100
AcDbLine
 10
1817416.19947379
 20
-993382.0221123951
 30
0.0000000000000145
 11
1816016.287580231
 21
-993366.3157356564
 31
-0.0000000000000016
  0
LINE
  5
C568E
330
2
100
AcDbEntity
  8
孔洞梁板
 62
     8
100
AcDbLine
 10
1815632.860543278
 20
-991886.9210258736
 30
-0.0000000000000062
 11
1815832.847956644
 21
-991889.164793979
 31
-0.0000000000000039
  0
LINE
  5
C568F
330
2
100
AcDbEntity
  8
孔洞梁板
 62
     8
100
AcDbLine
 10
1816036.818058397
 20
-991536.4309033606
 30
-0.0000000000000016
 11
1817436.729951957
 21
-991552.1372800994
 31
0.0000000000000145
  0
LINE
  5
C5690
330
2
100
AcDbEntity
  8
孔洞梁板
 62
     8
100
AcDbLine
 10
1817436.729951957
 20
-991552.1372800994
 30
0.0000000000000145
 11
1817416.19947379
 21
-993382.0221123951
 31
0.0000000000000145
  0
LINE
  5
C5691
330
2
100
AcDbEntity
  8
孔洞梁板
 62
     8
100
AcDbLine
 10
1815832.847956644
 20
-991889.164793979
 30
-0.0000000000000039
 11
1815819.946290036
 21
-993039.0924208316
 31
-0.0000000000000039
  0
LINE
  5
C5692
330
2
100
AcDbEntity
  8
孔洞梁板
 62
     8
100
AcDbLine
 10
1815619.958876671
 20
-993036.848652726
 30
-0.0000000000000062
 11
1815632.860543278
 21
-991886.9210258736
 31
-0.0000000000000062
  0
LINE
  5
C5693
330
2
100
AcDbEntity
  8
孔洞梁板
 62
     8
100
AcDbLine
 10
1816016.287580231
 20
-993366.3157356564
 30
-0.0000000000000016
 11
1816036.818058397
 21
-991536.4309033606
 31
-0.0000000000000016
  0
LINE
  5
C5694
330
2
100
AcDbEntity
  8
孔洞梁板
 62
     8
100
AcDbLine
 10
1816016.287580231
 20
-993366.3157356564
 30
-0.0000000000000016
 11
1817436.729951957
 21
-991552.1372800994
 31
0.0000000000000145
  0
LINE
  5
C5695
330
2
100
AcDbEntity
  8
孔洞梁板
 62
     8
100
AcDbLine
 10
1816036.818058397
 20
-991536.4309033606
 30
-0.0000000000000016
 11
1817416.19947379
 21
-993382.0221123951
 31
0.0000000000000145
  0
LINE
  5
C5696
330
2
100
AcDbEntity
  8
SHADE
 62
     8
100
AcDbLine
 10
1817764.935767441
 20
-993170.9212440132
 30
0.0000000000000185
 11
1817780.64214418
 21
-991771.0093504536
 31
0.0000000000000185
  0
LINE
  5
C5697
330
2
100
AcDbEntity
  8
SHADE
 62
     8
100
AcDbLine
 10
1817784.934508778
 20
-993171.1456208234
 30
0.0000000000000187
 11
1817800.640885517
 21
-991771.2337272638
 31
0.0000000000000187
  0
LWPOLYLINE
  5
C5698
330
2
100
AcDbEntity
  8
SHADE
 62
     8
 48
0.1
100
AcDbPolyline
 90
       14
 70
     0
 43
0.0
 10
1817700.647178835
 20
-991770.1118432112
 10
1817705.695657072
 20
-991320.1401631386
 10
1815505.83411005
 20
-991295.458713977
 10
1815480.030776835
 20
-993595.313967682
 10
1817679.892323858
 20
-993619.9954168436
 10
1817684.940802095
 20
-993170.0237367708
 10
1817884.92821546
 20
-993172.2675048764
 10
1817877.635969119
 20
-993822.2265983148
 10
1815277.799595365
 20
-993793.0576129422
 10
1815308.09046479
 20
-991093.2275325058
 10
1817907.926838543
 20
-991122.3965178784
 10
1817900.6345922
 20
-991772.3556113167
 10
1817700.647178835
 20
-991770.1118432112
 10
1817705.695657072
 20
-991320.1401631386
  0
LWPOLYLINE
  5
C5699
330
2
100
AcDbEntity
  8
Wall
 62
     8
100
AcDbPolyline
 90
        3
 70
     0
 43
0.0
 10
1815480.030776835
 20
-993595.313967682
 10
1817679.892323858
 20
-993619.9954168436
 10
1817684.940802095
 20
-993170.0237367708
  0
LINE
  5
C569A
330
2
100
AcDbEntity
  8
孔洞梁板
 62
     8
100
AcDbLine
 10
1815505.323581015
 20
-991296.0886720693
 30
-0.0000000000000078
 11
1817705.185128036
 21
-991320.7701212307
 31
0.0000000000000175
  0
LINE
  5
C569B
330
2
100
AcDbEntity
  8
梁__实线
 62
     8
100
AcDbLine
 10
1815479.5202478
 20
-993595.9439257744
 30
-0.0000000000000078
 11
1817679.381794822
 21
-993620.625374936
 31
0.0000000000000175
  0
LINE
  5
C569C
330
2
100
AcDbEntity
  8
梁__实线
 62
     8
100
AcDbLine
 10
1817679.381794822
 20
-993620.625374936
 30
0.0000000000000175
 11
1817705.191032655
 21
-991320.2438416864
 31
0.0000000000000175
  0
LINE
  5
C569D
330
2
100
AcDbEntity
  8
孔洞梁板
 62
     8
100
AcDbLine
 10
1815479.5202478
 20
-993595.9439257744
 30
-0.0000000000000078
 11
1815505.323581015
 21
-991296.0886720693
 31
-0.0000000000000078
  0
LINE
  5
C569E
330
2
100
AcDbEntity
  8
孔洞梁板
 62
     8
100
AcDbLine
 10
1815479.526152418
 20
-993595.41764623
 30
-0.0000000000000078
 11
1817679.38769944
 21
-993620.0990953913
 31
0.0000000000000175
  0
LINE
  5
C569F
330
2
100
AcDbEntity
  8
孔洞梁板
 62
     8
100
AcDbLine
 10
1817679.381796568
 20
-993620.6252191731
 30
0.0000000000000175
 11
1817705.191034401
 21
-991320.2436859236
 31
0.0000000000000175
  0
INSERT
  5
C56A0
330
2
100
AcDbEntity
  8
柱
  6
CONTINOUS
 62
     8
100
AcDbBlockReference
  2
A$C62AE10F8
 10
-234134.4495916656
 20
-775780.6513653205
 30
0.000000000033245
 41
-0.5999999999882806
 42
0.6000000000931323
 43
0.6000000000000001
 50
359.357194299824
  0
INSERT
  5
C56A1
330
2
100
AcDbEntity
  8
柱
  6
CONTINOUS
 62
     8
100
AcDbBlockReference
  2
A$C62AE10F8
 10
-231606.0021778401
 20
-773208.8345518193
 30
0.0000000000332909
 41
-0.5999999999882806
 42
0.6000000000931323
 43
0.6000000000000001
 50
359.357194299824
  0
INSERT
  5
C56A2
330
2
100
AcDbEntity
  8
柱
  6
CONTINOUS
 62
     8
100
AcDbBlockReference
  2
A$C62AE10F8
 10
-234105.8448449113
 20
-773180.7874505002
 30
0.0000000000332456
 41
-0.5999999999882806
 42
0.6000000000931323
 43
0.6000000000000001
 50
359.357194299824
  0
POINT
  5
C56A4
330
2
100
AcDbEntity
  8
DOTE
 62
     8
100
AcDbPoint
 10
1815578.128545535
 20
-974818.2653314476
 30
0.0000000000000064
  0
POINT
  5
C56A5
330
2
100
AcDbEntity
  8
DOTE
 62
     8
100
AcDbPoint
 10
1815578.128545533
 20
-974818.2653314478
 30
0.0000000000000064
  0
INSERT
  5
C56A6
330
2
100
AcDbEntity
  8
柱
  6
CONTINOUS
 62
     8
100
AcDbBlockReference
  2
A$C62AE10F8
 10
-235724.2335604998
 20
-1147489.988652927
 30
0.0000000000335452
 41
0.5999999999537513
 42
0.6000000000931323
 43
0.6000000000000001
 50
179.3820742139493
  0
LINE
  5
C56A7
330
2
100
AcDbEntity
  8
孔洞梁板
 62
     8
100
AcDbLine
 10
1816014.212745081
 20
-975360.562091466
 30
-0.0000000000000039
 11
1815814.224376244
 21
-975358.4051654075
 31
-0.0000000000000062
  0
LINE
  5
C56A8
330
2
100
AcDbEntity
  8
孔洞梁板
 62
     8
100
AcDbLine
 10
1817617.62470062
 20
-975052.8364005758
 30
0.0000000000000145
 11
1816217.706118763
 21
-975037.737918165
 31
-0.0000000000000016
  0
LINE
  5
C56A9
330
2
100
AcDbEntity
  8
孔洞梁板
 62
     8
100
AcDbLine
 10
1815801.822051407
 20
-976508.3382862186
 30
-0.0000000000000062
 11
1816001.810420243
 21
-976510.4952122772
 31
-0.0000000000000039
  0
LINE
  5
C56AA
330
2
100
AcDbEntity
  8
孔洞梁板
 62
     8
100
AcDbLine
 10
1816197.970245326
 20
-976867.6314930212
 30
-0.0000000000000016
 11
1817597.888827184
 21
-976882.7299754318
 31
0.0000000000000145
  0
LINE
  5
C56AB
330
2
100
AcDbEntity
  8
孔洞梁板
 62
     8
100
AcDbLine
 10
1817597.888827184
 20
-976882.7299754318
 30
0.0000000000000145
 11
1817617.62470062
 21
-975052.8364005758
 31
0.0000000000000145
  0
LINE
  5
C56AC
330
2
100
AcDbEntity
  8
孔洞梁板
 62
     8
100
AcDbLine
 10
1816001.810420243
 20
-976510.4952122772
 30
-0.0000000000000039
 11
1816014.212745081
 21
-975360.562091466
 31
-0.0000000000000039
  0
LINE
  5
C56AD
330
2
100
AcDbEntity
  8
孔洞梁板
 62
     8
100
AcDbLine
 10
1815814.224376244
 20
-975358.4051654075
 30
-0.0000000000000062
 11
1815801.822051407
 21
-976508.3382862186
 31
-0.0000000000000062
  0
LINE
  5
C56AE
330
2
100
AcDbEntity
  8
孔洞梁板
 62
     8
100
AcDbLine
 10
1816217.706118763
 20
-975037.737918165
 30
-0.0000000000000016
 11
1816197.970245326
 21
-976867.6314930212
 31
-0.0000000000000016
  0
LINE
  5
C56AF
330
2
100
AcDbEntity
  8
孔洞梁板
 62
     8
100
AcDbLine
 10
1816217.706118763
 20
-975037.737918165
 30
-0.0000000000000016
 11
1817597.888827184
 21
-976882.7299754318
 31
0.0000000000000145
  0
LINE
  5
C56B0
330
2
100
AcDbEntity
  8
孔洞梁板
 62
     8
100
AcDbLine
 10
1816197.970245326
 20
-976867.6314930212
 30
-0.0000000000000016
 11
1817617.62470062
 21
-975052.8364005758
 31
0.0000000000000145
  0
LINE
  5
C56B1
330
2
100
AcDbEntity
  8
SHADE
 62
     8
100
AcDbLine
 10
1817961.631902663
 20
-975271.5591110653
 30
0.0000000000000185
 11
1817946.533420253
 21
-976671.4776929223
 31
0.0000000000000185
  0
LINE
  5
C56B2
330
2
100
AcDbEntity
  8
SHADE
 62
     8
100
AcDbLine
 10
1817981.630739547
 20
-975271.7748036716
 30
0.0000000000000187
 11
1817966.532257136
 21
-976671.6933855286
 31
0.0000000000000187
  0
LWPOLYLINE
  5
C56B3
330
2
100
AcDbEntity
  8
SHADE
 62
     8
 48
0.1
100
AcDbPolyline
 90
       14
 70
     0
 43
0.0
 10
1817866.538072718
 20
-976670.6149224992
 10
1817861.684989087
 20
-977120.5887523819
 10
1815661.812931882
 20
-977096.8625657368
 10
1815686.617581556
 20
-974796.9963241144
 10
1817886.48963876
 20
-974820.7225107594
 10
1817881.636555128
 20
-975270.696340642
 10
1818081.624923964
 20
-975272.8532667006
 10
1818088.634933656
 20
-974622.8910679813
 10
1815488.786138778
 20
-974594.851029219
 10
1815459.667636986
 20
-977294.6940085148
 10
1818059.516431864
 20
-977322.7340472772
 10
1818066.526441555
 20
-976672.7718485577
 10
1817866.538072718
 20
-976670.6149224992
 10
1817861.684989087
 20
-977120.5887523819
  0
LWPOLYLINE
  5
C56B4
330
2
100
AcDbEntity
  8
Wall
 62
     8
100
AcDbPolyline
 90
        3
 70
     0
 43
0.0
 10
1815686.617581556
 20
-974796.9963241144
 10
1817886.48963876
 20
-974820.7225107594
 10
1817881.636555128
 20
-975270.696340642
  0
LINE
  5
C56B5
330
2
100
AcDbEntity
  8
孔洞梁板
 62
     8
100
AcDbLine
 10
1815661.316386859
 20
-977096.2215274114
 30
-0.0000000000000078
 11
1817861.188444064
 21
-977119.9477140562
 31
0.0000000000000175
  0
LINE
  5
C56B6
330
2
100
AcDbEntity
  8
梁__实线
 62
     8
100
AcDbLine
 10
1815686.121036533
 20
-974796.3552857888
 30
-0.0000000000000078
 11
1817885.993093738
 21
-974820.0814724338
 31
0.0000000000000175
  0
LINE
  5
C56B7
330
2
100
AcDbEntity
  8
梁__实线
 62
     8
100
AcDbLine
 10
1817885.993093738
 20
-974820.0814724338
 30
0.0000000000000175
 11
1817861.182767976
 21
-977120.473996115
 31
0.0000000000000175
  0
LINE
  5
C56B8
330
2
100
AcDbEntity
  8
孔洞梁板
 62
     8
100
AcDbLine
 10
1815686.121036533
 20
-974796.3552857888
 30
-0.0000000000000078
 11
1815661.316386859
 21
-977096.2215274114
 31
-0.0000000000000078
  0
LINE
  5
C56B9
330
2
100
AcDbEntity
  8
孔洞梁板
 62
     8
100
AcDbLine
 10
1815686.115360446
 20
-974796.8815678478
 30
-0.0000000000000078
 11
1817885.987417651
 21
-974820.6077544926
 31
0.0000000000000175
  0
LINE
  5
C56BA
330
2
100
AcDbEntity
  8
孔洞梁板
 62
     8
100
AcDbLine
 10
1817885.993092056
 20
-974820.0816281972
 30
0.0000000000000175
 11
1817861.182766295
 21
-977120.4741518786
 31
0.0000000000000175
  0
INSERT
  5
C56BB
330
2
100
AcDbEntity
  8
柱
  6
CONTINOUS
 62
     8
100
AcDbBlockReference
  2
A$C62AE10F8
 10
-238224.0881709596
 20
-1147463.027077194
 30
0.0000000000335
 41
0.5999999999537513
 42
0.6000000000931323
 43
0.6000000000000001
 50
179.3820742139493
  0
INSERT
  5
C56BC
330
2
100
AcDbEntity
  8
柱
  6
CONTINOUS
 62
     8
100
AcDbBlockReference
  2
A$C62AE10F8
 10
-235752.838307254
 20
-1150089.852567748
 30
0.0000000000335458
 41
0.5999999999537513
 42
0.6000000000931323
 43
0.6000000000000001
 50
179.3820742139493
  0
INSERT
  5
C56BD
330
2
100
AcDbEntity
  8
柱
  6
CONTINOUS
 62
     8
100
AcDbBlockReference
  2
A$C62AE10F8
 10
-238252.6929177139
 20
-1150062.890992014
 30
0.0000000000335005
 41
0.5999999999537513
 42
0.6000000000931323
 43
0.6000000000000001
 50
179.3820742139493
  0
LINE
  5
C56BF
330
2
100
AcDbEntity
  8
Wall
 62
     8
100
AcDbLine
 10
1808917.759609316
 20
-994040.6934837291
 30
0.0
 11
1808917.759609316
 21
-992140.6934837291
 31
0.0
  0
LINE
  5
C56C0
330
2
100
AcDbEntity
  8
Wall
 62
     8
100
AcDbLine
 10
1809117.759609315
 20
-993840.6934837291
 30
0.0
 11
1809117.759609315
 21
-992340.6934837291
 31
0.0
  0
LINE
  5
C56C1
330
2
100
AcDbEntity
  8
Wall
 62
     8
100
AcDbLine
 10
1810717.759609315
 20
-993840.6934837291
 30
0.0
 11
1810717.759609315
 21
-992340.6934837291
 31
0.0
  0
LINE
  5
C56C2
330
2
100
AcDbEntity
  8
Wall
 62
     8
100
AcDbLine
 10
1810917.759609315
 20
-994040.6934837291
 30
0.0
 11
1810917.759609315
 21
-992140.6934837291
 31
0.0
  0
LINE
  5
C56C3
330
2
100
AcDbEntity
  8
Wall
 62
     8
100
AcDbLine
 10
1809117.759609315
 20
-993840.6934837291
 30
0.0
 11
1810717.759609315
 21
-993840.6934837291
 31
0.0
  0
LINE
  5
C56C4
330
2
100
AcDbEntity
  8
Wall
 62
     8
100
AcDbLine
 10
1808917.759609316
 20
-994040.6934837291
 30
0.0
 11
1810917.759609315
 21
-994040.6934837291
 31
0.0
  0
LINE
  5
C56C5
330
2
100
AcDbEntity
  8
Wall
 62
     8
100
AcDbLine
 10
1809117.759609315
 20
-992340.6934837291
 30
0.0
 11
1809617.759609316
 21
-992340.6934837291
 31
0.0
  0
LINE
  5
C56C6
330
2
100
AcDbEntity
  8
Wall
 62
     8
100
AcDbLine
 10
1808917.759609316
 20
-992140.6934837291
 30
0.0
 11
1809617.759609316
 21
-992140.6934837291
 31
0.0
  0
LINE
  5
C56C7
330
2
100
AcDbEntity
  8
Wall
 62
     8
100
AcDbLine
 10
1810217.759609316
 20
-992340.6934837291
 30
0.0
 11
1810717.759609315
 21
-992340.6934837291
 31
0.0
  0
LINE
  5
C56C8
330
2
100
AcDbEntity
  8
Wall
 62
     8
100
AcDbLine
 10
1810217.759609316
 20
-992140.6934837291
 30
0.0
 11
1810917.759609315
 21
-992140.6934837291
 31
0.0
  0
LINE
  5
C56C9
330
2
100
AcDbEntity
  8
0
 62
     8
100
AcDbLine
 10
1810217.759609316
 20
-992240.6934837291
 30
0.0
 11
1809917.759609316
 21
-991721.0782414587
 31
0.0
  0
ARC
  5
C56CA
330
2
100
AcDbEntity
  8
0
 62
     8
100
AcDbCircle
 10
1810217.759609316
 20
-992240.6934837291
 30
0.0
 40
599.9999999997002
100
AcDbArc
 50
119.9999999969508
 51
180.0
  0
LINE
  5
C56CB
330
2
100
AcDbEntity
  8
Wall
 62
     8
100
AcDbLine
 10
1810217.759609316
 20
-992340.6934837291
 30
0.0
 11
1810217.759609316
 21
-992140.6934837291
 31
0.0
  0
LINE
  5
C56CC
330
2
100
AcDbEntity
  8
Wall
 62
     8
100
AcDbLine
 10
1809617.759609316
 20
-992340.6934837291
 30
0.0
 11
1809617.759609316
 21
-992140.6934837291
 31
0.0
  0
LINE
  5
C56CD
330
2
100
AcDbEntity
  8
GROUND
 62
     8
100
AcDbLine
 10
1809517.759609316
 20
-992340.6934837291
 30
0.0
 11
1810317.759609316
 21
-992340.6934837291
 31
0.0
  0
TEXT
  5
C56CE
330
2
100
AcDbEntity
  8
TEXT
  6
CONTINOUS
 62
     8
100
AcDbText
 10
1809392.215691037
 20
-993337.4814477494
 30
0.0000000026199528
 40
500.0
  1
电缆井
 41
0.7
  7
标注
100
AcDbText
  0
LINE
  5
C56D0
330
2
100
AcDbEntity
  8
Wall
 62
     8
100
AcDbLine
 10
1802217.759609315
 20
-994040.6934837291
 30
0.0
 11
1802217.759609315
 21
-992840.6934837291
 31
0.0
  0
LINE
  5
C56D1
330
2
100
AcDbEntity
  8
Wall
 62
     8
100
AcDbLine
 10
1802017.759609315
 20
-993840.6934837291
 30
0.0
 11
1802017.759609316
 21
-993040.6934837291
 31
0.0
  0
LINE
  5
C56D2
330
2
100
AcDbEntity
  8
Wall
 62
     8
100
AcDbLine
 10
1800417.759609315
 20
-993840.6934837291
 30
0.0
 11
1800417.759609315
 21
-993040.6934837291
 31
0.0
  0
LINE
  5
C56D3
330
2
100
AcDbEntity
  8
Wall
 62
     8
100
AcDbLine
 10
1800217.759609315
 20
-994040.6934837291
 30
0.0
 11
1800217.759609315
 21
-992840.6934837291
 31
0.0
  0
LINE
  5
C56D4
330
2
100
AcDbEntity
  8
Wall
 62
     8
100
AcDbLine
 10
1802017.759609315
 20
-993840.6934837291
 30
0.0
 11
1800417.759609315
 21
-993840.6934837291
 31
0.0
  0
LINE
  5
C56D5
330
2
100
AcDbEntity
  8
Wall
 62
     8
100
AcDbLine
 10
1802217.759609315
 20
-994040.6934837291
 30
0.0
 11
1800217.759609315
 21
-994040.6934837291
 31
0.0
  0
LINE
  5
C56D6
330
2
100
AcDbEntity
  8
Wall
 62
     8
100
AcDbLine
 10
1802017.759609316
 20
-993040.6934837291
 30
0.0
 11
1801517.759609315
 21
-993040.6934837291
 31
0.0
  0
LINE
  5
C56D7
330
2
100
AcDbEntity
  8
Wall
 62
     8
100
AcDbLine
 10
1802217.759609315
 20
-992840.6934837291
 30
0.0
 11
1801517.759609315
 21
-992840.6934837291
 31
0.0
  0
LINE
  5
C56D8
330
2
100
AcDbEntity
  8
Wall
 62
     8
100
AcDbLine
 10
1800917.759609315
 20
-993040.6934837291
 30
0.0
 11
1800417.759609315
 21
-993040.6934837291
 31
0.0
  0
LINE
  5
C56D9
330
2
100
AcDbEntity
  8
Wall
 62
     8
100
AcDbLine
 10
1800917.759609315
 20
-992840.6934837291
 30
0.0
 11
1800217.759609315
 21
-992840.6934837291
 31
0.0
  0
LINE
  5
C56DA
330
2
100
AcDbEntity
  8
0
 62
     8
100
AcDbLine
 10
1800917.759609315
 20
-992940.6934837291
 30
0.0
 11
1801217.759609315
 21
-992421.0782414587
 31
0.0
  0
ARC
  5
C56DB
330
2
100
AcDbEntity
  8
0
 62
     8
100
AcDbCircle
 10
1800917.759609315
 20
-992940.6934837291
 30
0.0
 40
599.9999999997002
100
AcDbArc
 50
0.0
 51
60.00000000304923
  0
LINE
  5
C56DC
330
2
100
AcDbEntity
  8
Wall
 62
     8
100
AcDbLine
 10
1800917.759609315
 20
-993040.6934837291
 30
0.0
 11
1800917.759609315
 21
-992840.6934837291
 31
0.0
  0
LINE
  5
C56DD
330
2
100
AcDbEntity
  8
Wall
 62
     8
100
AcDbLine
 10
1801517.759609315
 20
-993040.6934837291
 30
0.0
 11
1801517.759609315
 21
-992840.6934837291
 31
0.0
  0
LINE
  5
C56DE
330
2
100
AcDbEntity
  8
GROUND
 62
     8
100
AcDbLine
 10
1801617.759609315
 20
-993040.6934837291
 30
0.0
 11
1800817.759609315
 21
-993040.6934837291
 31
0.0
  0
TEXT
  5
C56DF
330
2
100
AcDbEntity
  8
TEXT
  6
CONTINOUS
 62
     8
100
AcDbText
 10
1800817.799980576
 20
-994654.1004557709
 30
0.0000000026199528
 40
500.0
  1
弱电井
 41
0.7
  7
标注
100
AcDbText
  0
TEXT
  5
C56E0
330
2
100
AcDbEntity
  8
TEXT
  6
CONTINOUS
 62
     8
100
AcDbText
 10
1804629.533630283
 20
-996273.854943571
 30
0.0000000026199528
 40
500.0
  1
过街天桥
 41
0.7
  7
标注
100
AcDbText
  0
TEXT
  5
C56E1
330
2
100
AcDbEntity
  8
TEXT
  6
CONTINOUS
 62
     8
100
AcDbText
 10
1803966.072561934
 20
-973587.4342262493
 30
0.0000000026199528
 40
500.0
  1
过街天桥接附属用房
 41
0.7
  7
标注
100
AcDbText
  0
LINE
  5
C56E2
330
2
100
AcDbEntity
  8
Wall
 62
     8
100
AcDbLine
 10
1808917.759609316
 20
-974240.6934837284
 30
0.0
 11
1808917.759609316
 21
-976140.6934837284
 31
0.0
  0
LINE
  5
C56E3
330
2
100
AcDbEntity
  8
Wall
 62
     8
100
AcDbLine
 10
1809117.759609315
 20
-974440.6934837284
 30
0.0
 11
1809117.759609315
 21
-975940.6934837284
 31
0.0
  0
LINE
  5
C56E4
330
2
100
AcDbEntity
  8
Wall
 62
     8
100
AcDbLine
 10
1810717.759609315
 20
-974440.6934837284
 30
0.0
 11
1810717.759609315
 21
-975940.6934837284
 31
0.0
  0
LINE
  5
C56E5
330
2
100
AcDbEntity
  8
Wall
 62
     8
100
AcDbLine
 10
1810917.759609315
 20
-974240.6934837284
 30
0.0
 11
1810917.759609315
 21
-976140.6934837284
 31
0.0
  0
LINE
  5
C56E6
330
2
100
AcDbEntity
  8
Wall
 62
     8
100
AcDbLine
 10
1809117.759609315
 20
-974440.6934837284
 30
0.0
 11
1810717.759609315
 21
-974440.6934837284
 31
0.0
  0
LINE
  5
C56E7
330
2
100
AcDbEntity
  8
Wall
 62
     8
100
AcDbLine
 10
1808917.759609316
 20
-974240.6934837284
 30
0.0
 11
1810917.759609315
 21
-974240.6934837284
 31
0.0
  0
LINE
  5
C56E8
330
2
100
AcDbEntity
  8
Wall
 62
     8
100
AcDbLine
 10
1809117.759609315
 20
-975940.6934837284
 30
0.0
 11
1809617.759609316
 21
-975940.6934837284
 31
0.0
  0
LINE
  5
C56E9
330
2
100
AcDbEntity
  8
Wall
 62
     8
100
AcDbLine
 10
1808917.759609316
 20
-976140.6934837284
 30
0.0
 11
1809617.759609316
 21
-976140.6934837284
 31
0.0
  0
LINE
  5
C56EA
330
2
100
AcDbEntity
  8
Wall
 62
     8
100
AcDbLine
 10
1810217.759609316
 20
-975940.6934837284
 30
0.0
 11
1810717.759609315
 21
-975940.6934837284
 31
0.0
  0
LINE
  5
C56EB
330
2
100
AcDbEntity
  8
Wall
 62
     8
100
AcDbLine
 10
1810217.759609316
 20
-976140.6934837284
 30
0.0
 11
1810917.759609315
 21
-976140.6934837284
 31
0.0
  0
LINE
  5
C56EC
330
2
100
AcDbEntity
  8
0
 62
     8
100
AcDbLine
 10
1810217.759609316
 20
-976040.6934837284
 30
0.0
 11
1809917.759609316
 21
-976560.3087259989
 31
0.0
  0
ARC
  5
C56ED
330
2
100
AcDbEntity
  8
0
 62
     8
100
AcDbCircle
 10
1810217.759609316
 20
-976040.6934837284
 30
0.0
 40
599.9999999997002
100
AcDbArc
 50
180.0
 51
240.0000000030492
  0
LINE
  5
C56EE
330
2
100
AcDbEntity
  8
Wall
 62
     8
100
AcDbLine
 10
1810217.759609316
 20
-975940.6934837284
 30
0.0
 11
1810217.759609316
 21
-976140.6934837284
 31
0.0
  0
LINE
  5
C56EF
330
2
100
AcDbEntity
  8
Wall
 62
     8
100
AcDbLine
 10
1809617.759609316
 20
-975940.6934837284
 30
0.0
 11
1809617.759609316
 21
-976140.6934837284
 31
0.0
  0
LINE
  5
C56F0
330
2
100
AcDbEntity
  8
GROUND
 62
     8
100
AcDbLine
 10
1809517.759609316
 20
-975940.6934837284
 30
0.0
 11
1810317.759609316
 21
-975940.6934837284
 31
0.0
  0
LWPOLYLINE
  5
C56F1
330
2
100
AcDbEntity
  8
孔洞梁板
 62
     8
100
AcDbPolyline
 90
        3
 70
     0
 43
0.0
 10
1809667.759609315
 20
-974440.6934837278
 10
1809263.355810861
 20
-974680.5587610458
 10
1809117.759609315
 20
-975940.6934837286
  0
TEXT
  5
C56F2
330
2
100
AcDbEntity
  8
TEXT
  6
CONTINOUS
 62
     8
100
AcDbText
 10
1809392.215691037
 20
-975447.8425275824
 30
0.0000000026199528
 40
500.0
  1
电缆井
 41
0.7
  7
标注
100
AcDbText
  0
LINE
  5
C56F3
330
2
100
AcDbEntity
  8
Wall
 62
     8
100
AcDbLine
 10
1802217.759609315
 20
-974240.6934837284
 30
0.0
 11
1802217.759609315
 21
-975440.6934837284
 31
0.0
  0
LINE
  5
C56F4
330
2
100
AcDbEntity
  8
Wall
 62
     8
100
AcDbLine
 10
1802017.759609315
 20
-974440.6934837284
 30
0.0
 11
1802017.759609316
 21
-975240.6934837284
 31
0.0
  0
LINE
  5
C56F5
330
2
100
AcDbEntity
  8
Wall
 62
     8
100
AcDbLine
 10
1800417.759609315
 20
-974440.6934837284
 30
0.0
 11
1800417.759609315
 21
-975240.6934837284
 31
0.0
  0
LINE
  5
C56F6
330
2
100
AcDbEntity
  8
Wall
 62
     8
100
AcDbLine
 10
1800217.759609315
 20
-974240.6934837284
 30
0.0
 11
1800217.759609315
 21
-975440.6934837284
 31
0.0
  0
LINE
  5
C56F7
330
2
100
AcDbEntity
  8
Wall
 62
     8
100
AcDbLine
 10
1802017.759609315
 20
-974440.6934837284
 30
0.0
 11
1800417.759609315
 21
-974440.6934837284
 31
0.0
  0
LINE
  5
C56F8
330
2
100
AcDbEntity
  8
Wall
 62
     8
100
AcDbLine
 10
1802217.759609315
 20
-974240.6934837284
 30
0.0
 11
1800217.759609315
 21
-974240.6934837284
 31
0.0
  0
LINE
  5
C56F9
330
2
100
AcDbEntity
  8
Wall
 62
     8
100
AcDbLine
 10
1802017.759609316
 20
-975240.6934837284
 30
0.0
 11
1801517.759609315
 21
-975240.6934837284
 31
0.0
  0
LINE
  5
C56FA
330
2
100
AcDbEntity
  8
Wall
 62
     8
100
AcDbLine
 10
1802217.759609315
 20
-975440.6934837284
 30
0.0
 11
1801517.759609315
 21
-975440.6934837284
 31
0.0
  0
LINE
  5
C56FB
330
2
100
AcDbEntity
  8
Wall
 62
     8
100
AcDbLine
 10
1800917.759609315
 20
-975240.6934837284
 30
0.0
 11
1800417.759609315
 21
-975240.6934837284
 31
0.0
  0
LINE
  5
C56FC
330
2
100
AcDbEntity
  8
Wall
 62
     8
100
AcDbLine
 10
1800917.759609315
 20
-975440.6934837284
 30
0.0
 11
1800217.759609315
 21
-975440.6934837284
 31
0.0
  0
LINE
  5
C56FD
330
2
100
AcDbEntity
  8
Wall
 62
     8
100
AcDbLine
 10
1800917.759609315
 20
-975240.6934837284
 30
0.0
 11
1800917.759609315
 21
-975440.6934837284
 31
0.0
  0
LINE
  5
C56FE
330
2
100
AcDbEntity
  8
Wall
 62
     8
100
AcDbLine
 10
1801517.759609315
 20
-975240.6934837284
 30
0.0
 11
1801517.759609315
 21
-975440.6934837284
 31
0.0
  0
LINE
  5
C56FF
330
2
100
AcDbEntity
  8
GROUND
 62
     8
100
AcDbLine
 10
1801617.759609315
 20
-975240.6934837284
 30
0.0
 11
1800817.759609315
 21
-975240.6934837284
 31
0.0
  0
LWPOLYLINE
  5
C5700
330
2
100
AcDbEntity
  8
孔洞梁板
 62
     8
100
AcDbPolyline
 90
        3
 70
     0
 43
0.0
 10
1800967.759609316
 20
-974440.6934837298
 10
1800566.372846609
 20
-974613.8149542667
 10
1800417.759609315
 20
-975240.6934837298
  0
TEXT
  5
C5701
330
2
100
AcDbEntity
  8
TEXT
  6
CONTINOUS
 62
     8
100
AcDbText
 10
1800773.901300843
 20
-974351.5660401772
 30
0.0000000026199528
 40
500.0
  1
弱电井
 41
0.7
  7
标注
100
AcDbText
  0
LWPOLYLINE
  5
C5702
330
2
100
AcDbEntity
  8
AFC
 62
     8
100
AcDbPolyline
 90
        4
 70
     1
 43
0.0
 10
1810917.759609315
 20
-992940.6934837291
 10
1812017.759609315
 20
-992940.6934837291
 10
1812017.759609315
 20
-992140.6934837291
 10
1810917.759609315
 20
-992140.6934837291
  0
LWPOLYLINE
  5
C5703
330
2
100
AcDbEntity
  8
AFC
 62
     8
100
AcDbPolyline
 90
        4
 70
     1
 43
0.0
 10
1812017.759609315
 20
-992940.6934837291
 10
1813117.759609315
 20
-992940.6934837291
 10
1813117.759609315
 20
-992140.6934837291
 10
1812017.759609315
 20
-992140.6934837291
  0
LWPOLYLINE
  5
C5704
330
2
100
AcDbEntity
  8
AFC
 62
     8
100
AcDbPolyline
 90
        4
 70
     1
 43
0.0
 10
1813117.759609315
 20
-992940.6934837291
 10
1814217.759609315
 20
-992940.6934837291
 10
1814217.759609315
 20
-992140.6934837291
 10
1813117.759609315
 20
-992140.6934837291
  0
LWPOLYLINE
  5
C5705
330
2
100
AcDbEntity
  8
AFC
 62
     8
100
AcDbPolyline
 90
        4
 70
     1
 43
0.0
 10
1795817.759609315
 20
-993240.6934837291
 10
1796917.759609315
 20
-993240.6934837291
 10
1796917.759609315
 20
-992440.6934837291
 10
1795817.759609315
 20
-992440.6934837291
  0
LWPOLYLINE
  5
C5706
330
2
100
AcDbEntity
  8
AFC
 62
     8
100
AcDbPolyline
 90
        4
 70
     1
 43
0.0
 10
1798017.759609315
 20
-993240.6934837291
 10
1799117.759609315
 20
-993240.6934837291
 10
1799117.759609315
 20
-992440.6934837291
 10
1798017.759609315
 20
-992440.6934837291
  0
LWPOLYLINE
  5
C5707
330
2
100
AcDbEntity
  8
AFC
 62
     8
100
AcDbPolyline
 90
        4
 70
     1
 43
0.0
 10
1799117.759609315
 20
-993240.6934837291
 10
1800217.759609315
 20
-993240.6934837291
 10
1800217.759609315
 20
-992440.6934837291
 10
1799117.759609315
 20
-992440.6934837291
  0
POINT
  5
C5708
330
2
100
AcDbEntity
  8
DOTE
 62
     8
100
AcDbPoint
 10
1813167.66940567
 20
-993872.7608039743
 30
0.0
  0
POINT
  5
C5709
330
2
100
AcDbEntity
  8
DOTE
 62
     8
100
AcDbPoint
 10
1813167.669405668
 20
-993872.7608039742
 30
0.0
  0
LINE
  5
C570A
330
2
100
AcDbEntity
  8
AFC
 62
     8
100
AcDbLine
 10
1793454.112021552
 20
-994122.1834318036
 30
0.0
 11
1793397.145042488
 21
-989922.914809985
 31
0.0
  0
LINE
  5
C570B
330
2
100
AcDbEntity
  8
AFC
 62
     8
100
AcDbLine
 10
1793354.121222003
 20
-994123.5398998692
 30
0.0
 11
1793297.154242941
 21
-989924.2712780504
 31
0.0
  0
LINE
  5
C570C
330
2
100
AcDbEntity
  8
AFC
 62
     8
100
AcDbLine
 10
1793152.008531569
 20
-979225.2582165746
 30
0.0
 11
1793081.467477705
 21
-974025.3891183814
 31
0.0
  0
LINE
  5
C570D
330
2
100
AcDbEntity
  8
AFC
 62
     8
100
AcDbLine
 10
1793251.999314562
 20
-979223.9005280228
 30
0.0
 11
1793181.458277254
 21
-974024.0326503158
 31
0.0
  0
LWPOLYLINE
  5
C570E
330
2
100
AcDbEntity
  8
AFC
 62
     8
100
AcDbPolyline
 90
        4
 70
     1
 43
0.0
 10
1817774.999407714
 20
-987223.1632302304
 10
1817770.930003516
 20
-987523.1356288766
 10
1819570.764395393
 20
-987547.5520540572
 10
1819574.83379959
 20
-987247.5796554114
  0
LWPOLYLINE
  5
C570F
330
2
100
AcDbEntity
  8
AFC
 62
     8
100
AcDbPolyline
 90
        4
 70
     1
 43
0.0
 10
1817764.147663188
 20
-988023.0896266202
 10
1817760.078258991
 20
-988323.0620252662
 10
1819559.912650868
 20
-988347.478450447
 10
1819563.982055064
 20
-988047.5060518008
  0
LINE
  5
C5710
330
2
100
AcDbEntity
  8
AFC
 62
     8
100
AcDbLine
 10
1818070.902402162
 20
-987527.2050330734
 30
0.0
 11
1818074.97180636
 21
-987227.2326344274
 31
0.0
  0
LINE
  5
C5711
330
2
100
AcDbEntity
  8
AFC
 62
     8
100
AcDbLine
 10
1818060.050657637
 20
-988327.131429463
 30
0.0
 11
1818064.120061834
 21
-988027.159030817
 31
0.0
  0
LINE
  5
C5712
330
2
100
AcDbEntity
  8
AFC
 62
     8
100
AcDbLine
 10
1819064.028057321
 20
-988040.7237114728
 30
0.0
 11
1819070.81039765
 21
-987540.769713729
 31
0.0
  0
LWPOLYLINE
  5
C5713
330
2
100
AcDbEntity
  8
AFC
 62
     8
100
AcDbPolyline
 90
        4
 70
     1
 43
0.0
 10
1817753.295918662
 20
-988823.0160230095
 10
1817749.226514466
 20
-989122.9884216558
 10
1819549.060906343
 20
-989147.4048468366
 10
1819553.130310539
 20
-988847.4324481906
  0
LINE
  5
C5714
330
2
100
AcDbEntity
  8
AFC
 62
     8
100
AcDbLine
 10
1818049.198913112
 20
-989127.0578258528
 30
0.0
 11
1818053.268317308
 21
-988827.0854272066
 31
0.0
  0
LINE
  5
C5715
330
2
100
AcDbEntity
  8
AFC
 62
     8
100
AcDbLine
 10
1819053.176312796
 20
-988840.6501078625
 30
0.0
 11
1819059.958653124
 21
-988340.6961101188
 31
0.0
  0
LWPOLYLINE
  5
C5716
330
2
100
AcDbEntity
  8
AFC
 62
     8
100
AcDbPolyline
 90
        4
 70
     1
 43
0.0
 10
1817742.444174136
 20
-989622.9424193994
 10
1817738.374769939
 20
-989922.9148180455
 10
1819538.209161817
 20
-989947.3312432262
 10
1819542.278566013
 20
-989647.3588445802
  0
LINE
  5
C5717
330
2
100
AcDbEntity
  8
AFC
 62
     8
100
AcDbLine
 10
1818038.347168586
 20
-989926.9842222421
 30
0.0
 11
1818042.416572783
 21
-989627.0118235964
 31
0.0
  0
LINE
  5
C5718
330
2
100
AcDbEntity
  8
AFC
 62
     8
100
AcDbLine
 10
1819042.324568271
 20
-989640.5765042522
 30
0.0
 11
1819049.106908598
 21
-989140.6225065084
 31
0.0
  0
SOLID
  5
C5719
330
2
100
AcDbEntity
  8
AFC
 62
     8
100
AcDbTrace
 10
1817274.318492726
 20
-988710.0675779762
 30
0.0
 11
1816974.318492726
 21
-988410.0675779762
 31
0.0
 12
1816974.318492726
 22
-989010.0675779762
 32
0.0
 13
1816974.318492726
 23
-989010.0675779762
 33
0.0
  0
LINE
  5
C571A
330
2
100
AcDbEntity
  8
AFC
 62
     8
100
AcDbLine
 10
1819270.791996749
 20
-987543.4826498555
 30
0.0
 11
1819274.861400943
 21
-987243.5102512094
 31
0.0
  0
LWPOLYLINE
  5
C571B
330
2
100
AcDbEntity
  8
AFC
 62
     8
100
AcDbPolyline
 90
        4
 70
     1
 43
0.0
 10
1819646.761686447
 20
-981948.0909489102
 10
1819650.834752103
 20
-981648.1185999574
 10
1817851.000658387
 20
-981623.680206024
 10
1817846.927592731
 20
-981923.6525549766
  0
LWPOLYLINE
  5
C571C
330
2
100
AcDbEntity
  8
AFC
 62
     8
100
AcDbPolyline
 90
        4
 70
     1
 43
0.0
 10
1819657.623194863
 20
-981148.1646850362
 10
1819661.696260519
 20
-980848.1923360836
 10
1817861.862166803
 20
-980823.7539421502
 10
1817857.789101147
 20
-981123.726291103
  0
LINE
  5
C571D
330
2
100
AcDbEntity
  8
AFC
 62
     8
100
AcDbLine
 10
1819350.86240315
 20
-981644.0455343015
 30
0.0
 11
1819346.789337495
 21
-981944.0178832544
 31
0.0
  0
LINE
  5
C571E
330
2
100
AcDbEntity
  8
AFC
 62
     8
100
AcDbLine
 10
1819361.723911566
 20
-980844.119270428
 30
0.0
 11
1819357.65084591
 21
-981144.0916193806
 31
0.0
  0
LINE
  5
C571F
330
2
100
AcDbEntity
  8
AFC
 62
     8
100
AcDbLine
 10
1818357.743016067
 20
-981130.5147338622
 30
0.0
 11
1818350.954573308
 21
-981630.4686487836
 31
0.0
  0
LWPOLYLINE
  5
C5720
330
2
100
AcDbEntity
  8
AFC
 62
     8
100
AcDbPolyline
 90
        4
 70
     1
 43
0.0
 10
1819668.484703279
 20
-980348.2384211624
 10
1819672.557768935
 20
-980048.2660722098
 10
1817872.723675218
 20
-980023.8276782763
 10
1817868.650609563
 20
-980323.800027229
  0
LINE
  5
C5721
330
2
100
AcDbEntity
  8
AFC
 62
     8
100
AcDbLine
 10
1819372.585419981
 20
-980044.193006554
 30
0.0
 11
1819368.512354326
 21
-980344.1653555068
 31
0.0
  0
LINE
  5
C5722
330
2
100
AcDbEntity
  8
AFC
 62
     8
100
AcDbLine
 10
1818368.604524483
 20
-980330.5884699884
 30
0.0
 11
1818361.816081723
 21
-980830.5423849098
 31
0.0
  0
LWPOLYLINE
  5
C5723
330
2
100
AcDbEntity
  8
AFC
 62
     8
100
AcDbPolyline
 90
        4
 70
     1
 43
0.0
 10
1819679.346211694
 20
-979548.3121572885
 10
1819683.41927735
 20
-979248.3398083362
 10
1817883.585183634
 20
-979223.9014144026
 10
1817879.512117979
 20
-979523.8737633554
  0
LINE
  5
C5724
330
2
100
AcDbEntity
  8
AFC
 62
     8
100
AcDbLine
 10
1819383.446928397
 20
-979244.2667426805
 30
0.0
 11
1819379.373862741
 21
-979544.239091633
 31
0.0
  0
LINE
  5
C5725
330
2
100
AcDbEntity
  8
AFC
 62
     8
100
AcDbLine
 10
1818379.466032897
 20
-979530.6622061146
 30
0.0
 11
1818372.677590139
 21
-980030.6161210358
 31
0.0
  0
LINE
  5
C5726
330
2
100
AcDbEntity
  8
AFC
 62
     8
100
AcDbLine
 10
1817979.438215205
 20
-979525.230573595
 30
0.0
 11
1818009.324469913
 21
-977322.1927140421
 31
0.0
  0
LINE
  5
C5727
330
2
100
AcDbEntity
  8
AFC
 62
     8
100
AcDbLine
 10
1817879.447432214
 20
-979523.8728850432
 30
0.0
 11
1817909.329899026
 21
-977321.1142468445
 31
0.0
  0
LWPOLYLINE
  5
C5728
330
2
100
AcDbEntity
  8
AFC
 62
     8
100
AcDbPolyline
 90
        5
 70
     0
 43
0.0
 10
1817673.882570916
 20
-987221.7914864238
 10
1819673.698561889
 20
-987248.9208477358
 10
1819714.392603858
 20
-984249.1968612748
 10
1817714.576612885
 20
-984222.067499963
 10
1817673.882570916
 20
-987221.7914864236
  0
LWPOLYLINE
  5
C5729
330
2
100
AcDbEntity
  8
AFC
 62
     8
100
AcDbPolyline
 90
        4
 70
     1
 43
0.0
 10
1817775.229838529
 20
-987123.1571549407
 10
1819575.064230406
 20
-987147.5735801216
 10
1819613.045336244
 20
-984347.8311927578
 10
1817813.210944367
 20
-984323.4147675772
  0
TEXT
  5
C572A
330
2
100
AcDbEntity
  8
TEXT
  6
CONTINOUS
 62
     8
100
AcDbText
 10
1818028.529223112
 20
-985223.211573952
 30
0.0000000026199528
 40
500.0
  1
客服中心
 41
0.7
  7
标注
100
AcDbText
  0
LINE
  5
C572B
330
2
100
AcDbEntity
  8
AFC
 62
     8
100
AcDbLine
 10
1817774.999407713
 20
-987223.1632302304
 30
0.0
 11
1819574.83379959
 21
-987247.5796554114
 31
0.0
  0
TEXT
  5
C572C
330
2
100
AcDbEntity
  8
TEXT
  6
CONTINOUS
 62
     8
100
AcDbText
 10
1818300.298734334
 20
-985727.2647890046
 30
0.0000000026199528
 40
500.0
  1
(定制)
 41
0.7
  7
标注
100
AcDbText
  0
LINE
  5
C572D
330
2
100
AcDbEntity
  8
AFC
 62
     8
100
AcDbLine
 10
1817738.374769939
 20
-989922.9148180455
 30
0.0
 11
1819538.209161817
 21
-989947.3312432262
 31
0.0
  0
LINE
  5
C572E
330
2
100
AcDbEntity
  8
AFC
 62
     8
100
AcDbLine
 10
1817722.130965422
 20
-991120.31197242
 30
0.0
 11
1817738.374769942
 21
-989922.9148180456
 31
0.0
  0
LINE
  5
C572F
330
2
100
AcDbEntity
  8
AFC
 62
     8
100
AcDbLine
 10
1817822.124947278
 20
-991121.4338595602
 30
0.0
 11
1817838.365569491
 21
-989924.271286111
 31
0.0
  0
LINE
  5
C5730
330
2
100
AcDbEntity
  8
AFC
 62
     8
100
AcDbLine
 10
1817883.585183634
 20
-979223.9014144026
 30
0.0
 11
1819683.41927735
 21
-979248.3398083372
 31
0.0
  0
LINE
  5
C5731
330
2
100
AcDbEntity
  8
AFC
 62
     8
100
AcDbLine
 10
1818346.881507653
 20
-981930.440997736
 30
0.0
 11
1818340.093064892
 21
-982430.3949126572
 31
0.0
  0
TEXT
  5
C5732
330
2
100
AcDbEntity
  8
TEXT
  6
CONTINOUS
 62
     8
100
AcDbText
 10
1811143.058652874
 20
-992819.0795058202
 30
0.0000000026199528
 40
500.0
  1
售票
 41
0.7
  7
标注
100
AcDbText
  0
TEXT
  5
C5733
330
2
100
AcDbEntity
  8
TEXT
  6
CONTINOUS
 62
     8
100
AcDbText
 10
1813407.564925536
 20
-992787.5567598236
 30
0.0000000026199528
 40
500.0
  1
加值
 41
0.7
  7
标注
100
AcDbText
  0
TEXT
  5
C5734
330
2
100
AcDbEntity
  8
TEXT
  6
CONTINOUS
 62
     8
100
AcDbText
 10
1799369.625920088
 20
-993119.0795058202
 30
0.0000000026199528
 40
500.0
  1
售票
 41
0.7
  7
标注
100
AcDbText
  0
TEXT
  5
C5735
330
2
100
AcDbEntity
  8
TEXT
  6
CONTINOUS
 62
     8
100
AcDbText
 10
1795969.292875772
 20
-993087.5567598236
 30
0.0000000026199528
 40
500.0
  1
加值
 41
0.7
  7
标注
100
AcDbText
  0
TEXT
  5
C5736
330
2
100
AcDbEntity
  8
TEXT
  6
CONTINOUS
 62
     8
100
AcDbText
 10
1798269.625920088
 20
-993119.0795058202
 30
0.0000000026199528
 40
500.0
  1
售票
 41
0.7
  7
标注
100
AcDbText
  0
TEXT
  5
C5737
330
2
100
AcDbEntity
  8
TEXT
  6
CONTINOUS
 62
     8
100
AcDbText
 10
1812243.058652874
 20
-992819.0795058202
 30
0.0000000026199528
 40
500.0
  1
售票
 41
0.7
  7
标注
100
AcDbText
  0
DIMENSION
  5
C573A
330
2
100
AcDbEntity
  8
SHADE
  6
CONTINOUS
 62
     8
 48
5.0
100
AcDbDimension
280
     0
  2
*D55
 10
1837942.77566722
 20
-991216.7548787942
 30
0.0
 11
1837615.139906289
 21
-992806.8114212354
 31
0.0
 70
    33
 71
     5
 42
3200.000000000117
 73
     0
 74
     0
 75
     0
  3
AXIS-G100
100
AcDbAlignedDimension
 13
1836087.115106023
 23
-994357.2444674108
 33
0.0
 14
1836192.686019418
 24
-991158.9863817889
 34
0.0
1001
ACAD
1000
DSTYLE
1002
{
1070
   176
1070
     8
1070
   177
1070
     8
1070
   178
1070
     8
1002
}
  0
DIMENSION
  5
C573B
330
2
100
AcDbEntity
  8
SHADE
  6
CONTINOUS
 62
     8
 48
5.0
100
AcDbDimension
280
     0
  2
*D56
 10
1837942.775667208
 20
-991216.754878793
 30
0.0
 11
1837775.14582189
 21
-987959.4515102134
 31
0.0
 70
    33
 71
     5
 42
6500.0
 73
     0
 74
     0
 75
     0
  3
AXIS-G100
100
AcDbAlignedDimension
 13
1836407.126937248
 23
-984662.5246453698
 33
0.0
 14
1836192.686019418
 24
-991158.986381789
 34
0.0
1001
ACAD
1000
DSTYLE
1002
{
1070
   176
1070
     8
1070
   177
1070
     8
1070
   178
1070
     8
1002
}
  0
DIMENSION
  5
C573C
330
2
100
AcDbEntity
  8
SHADE
  6
CONTINOUS
 62
     8
 48
5.0
100
AcDbDimension
280
     0
  2
*D57
 10
1838371.657502872
 20
-978223.8314059553
 30
0.0
 11
1837989.586739722
 21
-981462.9897737952
 31
0.0
 70
    33
 71
     5
 42
6500.000000000116
 73
     0
 74
     0
 75
     0
  3
AXIS-G100
100
AcDbAlignedDimension
 13
1836407.126937248
 23
-984662.5246453698
 33
0.0
 14
1836621.567855082
 24
-978166.0629089504
 34
0.0
1001
ACAD
1000
DSTYLE
1002
{
1070
   176
1070
     8
1070
   177
1070
     8
1070
   178
1070
     8
1002
}
  0
DIMENSION
  5
C573D
330
2
100
AcDbEntity
  8
SHADE
  6
CONTINOUS
 62
     8
 48
5.0
100
AcDbDimension
280
     0
  2
*D58
 10
1838371.657502876
 20
-978223.8314059544
 30
0.0
 11
1838149.59265534
 21
-976615.629862774
 31
0.0
 70
    33
 71
     5
 42
3199.999999999767
 73
     0
 74
     0
 75
     0
  3
AXIS-G100
100
AcDbAlignedDimension
 13
1836727.138768475
 23
-974967.8048233289
 33
0.0
 14
1836621.567855082
 24
-978166.0629089504
 34
0.0
1001
ACAD
1000
DSTYLE
1002
{
1070
   176
1070
     8
1070
   177
1070
     8
1070
   178
1070
     8
1002
}
  0
DIMENSION
  5
C573E
330
2
100
AcDbEntity
  8
SHADE
  6
CONTINOUS
 62
     8
 48
5.0
100
AcDbDimension
280
     0
  2
*D59
 10
1838497.022962536
 20
-974425.8999292793
 30
0.0
 11
1838212.275385172
 21
-974716.6641244366
 31
0.0
 70
    33
 71
     5
 42
599.9999999998836
 73
     0
 74
     0
 75
     0
  3
AXIS-G100
100
AcDbAlignedDimension
 13
1836727.138768475
 23
-974967.8048233286
 33
0.0
 14
1836746.933314736
 24
-974368.1314322746
 34
0.0
1001
ACAD
1000
DSTYLE
1002
{
1070
   176
1070
     8
1070
   177
1070
     8
1070
   178
1070
     8
1002
}
  0
DIMENSION
  5
C573F
330
2
100
AcDbEntity
  8
SHADE
  6
CONTINOUS
 62
     8
 48
5.0
100
AcDbDimension
280
     0
  2
*D60
 10
1837817.410207556
 20
-995014.6863554642
 30
0.0
 11
1837552.457176453
 21
-994705.777159568
 31
0.0
 70
    33
 71
     5
 42
599.9999999998836
 73
     0
 74
     0
 75
     0
  3
AXIS-G100
100
AcDbAlignedDimension
 13
1836087.115106023
 23
-994357.244467411
 33
0.0
 14
1836067.320559764
 24
-994956.917858465
 34
0.0
1001
ACAD
1000
DSTYLE
1002
{
1070
   176
1070
     8
1070
   177
1070
     8
1070
   178
1070
     8
1002
}
  0
DIMENSION
  5
C5740
330
2
100
AcDbEntity
  8
SHADE
  6
CONTINOUS
 62
     8
 48
5.0
100
AcDbDimension
280
     0
  2
*D61
 10
1838616.97472896
 20
-995041.0790838184
 30
0.0
 11
1838681.925068405
 21
-984737.7870754744
 31
0.0
 70
    33
 71
     5
 42
20599.65240054275
 73
     0
 74
     0
 75
     0
  3
AXIS-G100
100
AcDbAlignedDimension
 13
1837546.486368523
 23
-974394.8715708656
 33
0.0
 14
1836866.885081168
 24
-994983.3105868136
 34
0.0
1001
ACAD
1000
DSTYLE
1002
{
1070
   176
1070
     8
1070
   177
1070
     8
1070
   178
1070
     8
1002
}
  0
LWPOLYLINE
  5
C5741
330
2
100
AcDbEntity
  8
SHADE
 62
     8
 48
0.1
100
AcDbPolyline
 90
        2
 70
     0
 43
0.0
 10
1836087.115106022
 20
-994357.2444674108
 10
1839243.585303361
 20
-994461.4360094668
1001
LHB_YJ
1071
     4321
1002
{
1011
1722354.365417424
1021
-990362.7799459242
1031
0.0
1011
1821925.315251605
1021
-981109.3508986972
1031
0.0
1011
1910855.206733025
1021
-992498.0520219164
1031
0.0
1011
2010190.994444189
1021
-1004004.627525365
1031
0.0
1041
188853.1508868336
1041
907999.9999999994
1011
1806375.501167643
1021
-1894467.004439591
1031
0.0
1002
}
1071
     1234
1002
{
1000
436BE
1000
43606
1000
436BF
1040
9633.803217036066
1040
9822.6563679229
1000
HY6
1000
YH6
1002
}
1071
     1111
1002
{
1000
402D2
1002
}
  0
LWPOLYLINE
  5
C5742
330
2
100
AcDbEntity
  8
SHADE
 62
     8
 48
0.1
100
AcDbPolyline
 90
        2
 70
     0
 43
0.0
 10
1836727.171512936
 20
-974967.8059041866
 10
1839825.782319973
 20
-975070.087572643
1001
LHB_YJ
1071
     4321
1002
{
1011
1722354.365417424
1021
-990362.7799459242
1031
0.0
1011
1821925.315251605
1021
-981109.3508986972
1031
0.0
1011
1910855.206733025
1021
-992498.0520219164
1031
0.0
1011
2010190.994444189
1021
-1004004.627525365
1031
0.0
1041
188853.1508868336
1041
907999.9999999994
1011
1806375.501167643
1021
-1894467.004439591
1031
0.0
1002
}
1071
     1234
1002
{
1000
436BE
1000
43606
1000
436BF
1040
9633.803217036066
1040
9822.6563679229
1000
HY6
1000
YH6
1002
}
1071
     1111
1002
{
1000
402D2
1002
}
  0
INSERT
  5
C5747
330
2
100
AcDbEntity
  8
DIM
 62
     8
100
AcDbBlockReference
 66
     1
  2
_axiso
 10
1839963.107501557
 20
-984786.5019103584
 30
-0.0000000000587135
 41
-799.999999999965
 42
800.0
 43
799.9999999999999
 50
358.5815290712533
  0
ATTRIB
  5
C5748
330
C5747
100
AcDbEntity
  8
AXIS_TEXT
100
AcDbText
 10
1839757.623790418
 20
-985005.4823762836
 30
-0.0000000000587866
 40
448.0
  1
C
 50
358.581529071355
 41
1.250000000001346
  7
COMPLEX
 72
     5
 11
1840157.501214988
 21
-985015.3841599496
 31
-0.0000000000587866
100
AcDbAttribute
  2
A
 70
     0
280
     0
 71
     1
 72
     0
 11
1840157.501214988
 21
-985015.3841599496
 31
-0.0000000000587866
  0
SEQEND
  5
C5749
330
C5747
100
AcDbEntity
  8
DIM
  0
INSERT
  5
C574A
330
2
100
AcDbEntity
  8
DIM
 62
     8
100
AcDbBlockReference
 66
     1
  2
_axiso
 10
1839748.666604106
 20
-991282.9630293162
 30
-0.0000000000587107
 41
-799.999999999965
 42
800.0
 43
799.9999999999999
 50
358.5815290712533
  0
ATTRIB
  5
C574B
330
C574A
100
AcDbEntity
  8
AXIS_TEXT
100
AcDbText
 10
1839543.182892968
 20
-991501.9434952413
 30
-0.0000000000587842
 40
448.0
  1
B
 50
358.5815290713383
 41
1.102941176471784
  7
COMPLEX
 72
     5
 11
1839943.060317538
 21
-991511.8452789075
 31
-0.0000000000587842
100
AcDbAttribute
  2
A
 70
     0
280
     0
 71
     1
 72
     0
 11
1839943.060317538
 21
-991511.8452789075
 31
-0.0000000000587842
  0
SEQEND
  5
C574C
330
C574A
100
AcDbEntity
  8
DIM
  0
INSERT
  5
C574D
330
2
100
AcDbEntity
  8
DIM
 62
     8
100
AcDbBlockReference
 66
     1
  2
_axiso
 10
1839643.095690712
 20
-994481.221114938
 30
-0.0000000000587125
 41
-799.999999999965
 42
800.0
 43
799.9999999999999
 50
358.5815290712533
  0
ATTRIB
  5
C574E
330
C574D
100
AcDbEntity
  8
AXIS_TEXT
100
AcDbText
 10
1839437.611979573
 20
-994700.201580863
 30
-0.0000000000587862
 40
448.0
  1
A
 50
358.5815290713416
 41
1.041666666670221
  7
COMPLEX
 72
     5
 11
1839837.489404144
 21
-994710.1033645292
 31
-0.0000000000587862
100
AcDbAttribute
  2
A
 70
     0
280
     0
 71
     1
 72
     0
 11
1839837.489404144
 21
-994710.1033645292
 31
-0.0000000000587862
  0
SEQEND
  5
C574F
330
C574D
100
AcDbEntity
  8
DIM
  0
INSERT
  5
C5750
330
2
100
AcDbEntity
  8
DIM
 62
     8
100
AcDbBlockReference
 66
     1
  2
_axiso
 10
1840177.548419387
 20
-978290.040173939
 30
-0.0000000000587142
 41
-799.999999999965
 42
800.0
 43
799.9999999999999
 50
358.5815290712533
  0
ATTRIB
  5
C5751
330
C5750
100
AcDbEntity
  8
AXIS_TEXT
100
AcDbText
 10
1839972.064708251
 20
-978509.0206398641
 30
-0.0000000000587868
 40
448.0
  1
D
 50
358.5815290713016
 41
1.102941176469233
  7
COMPLEX
 72
     5
 11
1840371.94213282
 21
-978518.9224235304
 31
-0.0000000000587868
100
AcDbAttribute
  2
A
 70
     0
280
     0
 71
     1
 72
     0
 11
1840371.94213282
 21
-978518.9224235304
 31
-0.0000000000587868
  0
SEQEND
  5
C5752
330
C5750
100
AcDbEntity
  8
DIM
  0
INSERT
  5
C5753
330
2
100
AcDbEntity
  8
DIM
 62
     8
100
AcDbBlockReference
 66
     1
  2
_axiso
 10
1840224.859317213
 20
-975097.2454494814
 30
0.0000000000001024
 41
-799.999999999965
 42
800.0
 43
799.9999999999999
 50
358.5815290712533
  0
ATTRIB
  5
C5754
330
C5753
100
AcDbEntity
  8
AXIS_TEXT
100
AcDbText
 10
1840019.375606075
 20
-975316.2259154066
 30
0.0000000000000299
 40
448.0
  1
E
 50
358.5815290713383
 41
1.17187500000127
  7
COMPLEX
 72
     5
 11
1840419.253030645
 21
-975326.1276990728
 31
0.0000000000000299
100
AcDbAttribute
  2
A
 70
     0
280
     0
 71
     1
 72
     0
 11
1840419.253030645
 21
-975326.1276990728
 31
0.0000000000000299
  0
SEQEND
  5
C5755
330
C5753
100
AcDbEntity
  8
DIM
  0
LINE
  5
C5756
330
2
100
AcDbEntity
  8
车站
 62
     8
100
AcDbLine
 10
1802237.77361519
 20
-969212.6712528928
 30
0.0
 11
1808897.745603441
 21
-969212.6712528928
 31
0.0
  0
INSERT
  5
C5759
330
2
100
AcDbEntity
  8
SHADE
  6
CONTINOUS
 62
     8
 48
5.0
100
AcDbBlockReference
  2
_ARROW
 10
1777100.908036403
 20
-994290.7068917823
 30
0.0000000000766891
 41
-800.0000000000816
 42
800.0
 43
800.0
 50
269.6473716045268
  0
LINE
  5
C575B
330
2
100
AcDbEntity
  8
SHADE
 62
     8
 48
0.1
100
AcDbLine
 10
1829170.047004118
 20
-978151.2132109134
 30
0.0000000001579366
 11
1829369.935693025
 21
-978158.1408405486
 31
0.0000000001597991
  0
LINE
  5
C575C
330
2
100
AcDbEntity
  8
SHADE
 62
     8
 48
0.1
100
AcDbLine
 10
1829072.634144926
 20
-978047.7770920132
 30
0.0000000001189016
 11
1829372.467178285
 21
-978058.168536466
 31
0.0000000001247125
  0
ARC
  5
C575F
330
2
100
AcDbEntity
  8
SHADE
 62
     8
 48
0.1
100
AcDbCircle
 10
1805267.939617862
 20
-1894430.30249126
 30
0.0
 40
900400.0000000203
100
AcDbArc
 50
88.23776284465461
 51
88.45402417336445
1001
LHB_YJ
1071
     4321
1002
{
1011
1769832.120589062
1021
-987122.0292291637
1031
0.0
1011
1869755.939230328
1021
-983219.405988264
1031
0.0
1011
1957947.477522755
1021
-999358.8200354442
1031
0.0
1011
2056523.63197817
1021
-1016173.747118132
1031
0.0
1041
188853.1508868336
1041
907999.9999999994
1011
1805267.93961786
1021
-1894430.302491239
1031
0.0
1002
}
1071
     1234
1002
{
1000
436BE
1000
43606
1000
436BF
1040
9633.803217036066
1040
9822.6563679229
1000
HY6
1000
YH6
1002
}
1071
     1111
1002
{
1000
402D2
1002
}
  0
ARC
  5
C5760
330
2
100
AcDbEntity
  8
SHADE
 62
     8
 48
0.1
100
AcDbCircle
 10
1805267.939617862
 20
-1894430.302491174
 30
0.0
 40
900299.9999999347
100
AcDbArc
 50
88.24239772671326
 51
88.45401357753266
1001
LHB_YJ
1071
     4321
1002
{
1011
1769832.120589062
1021
-987122.0292291637
1031
0.0
1011
1869755.939230328
1021
-983219.405988264
1031
0.0
1011
1957947.477522755
1021
-999358.8200354442
1031
0.0
1011
2056523.63197817
1021
-1016173.747118132
1031
0.0
1041
188853.1508868336
1041
907999.9999999994
1011
1805267.93961786
1021
-1894430.302491239
1031
0.0
1002
}
1071
     1234
1002
{
1000
436BE
1000
43606
1000
436BF
1040
9633.803217036066
1040
9822.6563679229
1000
HY6
1000
YH6
1002
}
1071
     1111
1002
{
1000
402D2
1002
}
  0
ARC
  5
C5761
330
2
100
AcDbEntity
  8
SHADE
 62
     8
 48
0.1
100
AcDbCircle
 10
1805267.939617857
 20
-1894430.302491261
 30
0.0
 40
900200.0000000211
100
AcDbArc
 50
88.24703390526933
 51
88.45400296800561
1001
LHB_YJ
1071
     4321
1002
{
1011
1769832.120589062
1021
-987122.0292291637
1031
0.0
1011
1869755.939230328
1021
-983219.405988264
1031
0.0
1011
1957947.477522755
1021
-999358.8200354442
1031
0.0
1011
2056523.63197817
1021
-1016173.747118132
1031
0.0
1041
188853.1508868336
1041
907999.9999999994
1011
1805267.93961786
1021
-1894430.302491239
1031
0.0
1002
}
1071
     1234
1002
{
1000
436BE
1000
43606
1000
436BF
1040
9633.803217036066
1040
9822.6563679229
1000
HY6
1000
YH6
1002
}
1071
     1111
1002
{
1000
402D2
1002
}
  0
ARC
  5
C5762
330
2
100
AcDbEntity
  8
车站
 62
     8
 48
0.1
100
AcDbCircle
 10
1805567.759609312
 20
-1894440.693483729
 30
0.0
 40
899999.9999999999
100
AcDbArc
 50
88.27546953658737
 51
89.79309812594599
1001
LHB_YJ
1071
     4321
1002
{
1011
1770131.940580515
1021
-987132.4202216534
1031
0.0
1011
1870055.75922178
1021
-983229.7969807538
1031
0.0
1011
1958247.297514209
1021
-999369.211027934
1031
0.0
1011
2056823.451969624
1021
-1016184.138110622
1031
0.0
1041
188853.1508868336
1041
907999.9999999994
1011
1805567.759609313
1021
-1894440.693483729
1031
0.0
1002
}
1071
     1234
1002
{
1000
436BE
1000
43606
1000
436BF
1040
9633.803217036066
1040
9822.6563679229
1000
HY6
1000
YH6
1002
}
1071
     1111
1002
{
1000
402D2
1002
}
  0
LINE
  5
C5763
330
2
100
AcDbEntity
  8
SHADE
 62
     8
100
AcDbLine
 10
1828953.57705338
 20
-990650.3714089273
 30
0.0000000001903695
 11
1829053.521397831
 21
-990653.835223768
 31
0.0000000001913008
  0
LINE
  5
C5764
330
2
100
AcDbEntity
  8
SHADE
 62
     8
100
AcDbLine
 10
1828851.101223668
 20
-990746.879898169
 30
0.0000000001173706
 11
1829050.989912573
 21
-990753.807527851
 31
0.0000000001213813
  0
LINE
  5
C5765
330
2
100
AcDbEntity
  8
SHADE
 62
     8
100
AcDbLine
 10
1828748.625393956
 20
-990843.388387411
 30
0.0000000001885244
 11
1829048.458427313
 21
-990853.779831934
 31
0.0000000001913181
  0
LINE
  5
C5766
330
2
100
AcDbEntity
  8
SHADE
 62
     8
100
AcDbLine
 10
1828953.57705338
 20
-990650.3714089273
 30
0.0000000001903695
 11
1829072.736720466
 21
-985944.5701687584
 31
0.0000000001665681
  0
LINE
  5
C5767
330
2
100
AcDbEntity
  8
SHADE
 62
     8
100
AcDbLine
 10
1828851.101223668
 20
-990746.879898169
 30
0.0000000001173706
 11
1828972.768764901
 21
-985942.0387936116
 31
0.0000000001176824
  0
LINE
  5
C5768
330
2
100
AcDbEntity
  8
SHADE
 62
     8
100
AcDbLine
 10
1828748.625393956
 20
-990843.388387411
 30
0.0000000001885244
 11
1828872.800809336
 21
-985939.507418465
 31
0.0000000001176824
  0
LINE
  5
C5769
330
2
100
AcDbEntity
  8
SHADE
 62
     8
100
AcDbLine
 10
1828646.220397584
 20
-990937.0995575698
 30
0.0000000001899147
 11
1828772.832853771
 21
-985936.9760433182
 31
0.0000000001176824
  0
LINE
  5
C576A
330
2
100
AcDbEntity
  8
SHADE
 62
     8
100
AcDbLine
 10
1828543.744235346
 20
-991033.6211788132
 30
0.0000000001168203
 11
1828672.864898206
 21
-985934.4446681716
 31
0.0000000001176824
  0
LINE
  5
C576B
330
2
100
AcDbEntity
  8
SHADE
 62
     8
 48
0.1
100
AcDbLine
 10
1829267.459863312
 20
-978254.6493298138
 30
0.0000000001193053
 11
1829367.404207766
 21
-978258.1131446314
 31
0.0000000001213791
  0
LINE
  5
C576C
330
2
100
AcDbEntity
  8
SHADE
 62
     8
 48
0.1
100
AcDbLine
 10
1829148.677974866
 20
-982945.5315018052
 30
0.0000000001490673
 11
1829267.459863312
 21
-978254.6493298138
 31
0.0000000001193053
  0
LINE
  5
C576D
330
2
100
AcDbEntity
  8
SHADE
 62
     8
 48
0.1
100
AcDbLine
 10
1829048.710019301
 20
-982943.0001266584
 30
0.0000000001185841
 11
1829170.047004118
 21
-978151.2132109134
 31
0.0000000001180197
  0
LINE
  5
C576E
330
2
100
AcDbEntity
  8
SHADE
 62
     8
 48
0.1
100
AcDbLine
 10
1828948.742063736
 20
-982940.468751512
 30
0.0000000001185841
 11
1829072.634144926
 21
-978047.7770920132
 31
0.0000000001189016
  0
LINE
  5
C576F
330
2
100
AcDbEntity
  8
SHADE
 62
     8
100
AcDbLine
 10
1828848.774108171
 20
-982937.9373763652
 30
0.0000000001185841
 11
1828975.292119068
 21
-977941.5436541004
 31
0.0000000001188719
  0
LINE
  5
C5770
330
2
100
AcDbEntity
  8
SHADE
 62
     8
100
AcDbLine
 10
1828748.806152606
 20
-982935.4060012186
 30
0.0000000001185841
 11
1828877.8795924
 21
-977838.0944032077
 31
0.0000000001179818
  0
LWPOLYLINE
  5
C5771
102
{ACAD_REACTORS
330
C5A46
102
}
330
2
100
AcDbEntity
  8
柱
 62
     8
100
AcDbPolyline
 90
        4
 70
     1
 43
50.0
 10
1829375.183625006
 20
-977950.891815572
 10
1829360.01524673
 20
-978549.9147487952
 10
1829959.803087174
 20
-978565.8886031854
 10
1829974.991358397
 20
-977966.0800664526
  0
LWPOLYLINE
  5
C5772
102
{ACAD_REACTORS
330
C5A46
102
}
330
2
100
AcDbEntity
  8
柱
 62
     8
100
AcDbPolyline
 90
        4
 70
     1
 43
50.0
 10
1829337.212946833
 20
-979450.4131620148
 10
1829322.044568559
 20
-980049.4360952378
 10
1829921.832409001
 20
-980065.409949628
 10
1829937.020680224
 20
-979465.6014128954
  0
LWPOLYLINE
  5
C5773
102
{ACAD_REACTORS
330
C5A46
102
}
330
2
100
AcDbEntity
  8
柱
 62
     8
100
AcDbPolyline
 90
        4
 70
     1
 43
50.0
 10
1829476.015838555
 20
-974164.7121789848
 10
1829460.847460281
 20
-974763.735112208
 10
1830060.635300724
 20
-974779.7089665981
 10
1830075.823571947
 20
-974179.9004298653
  0
LINE
  5
C5774
330
2
100
AcDbEntity
  8
SHADE
 62
     8
 48
0.1
100
AcDbLine
 10
1829967.141107821
 20
-978276.0987144898
 30
0.0000000000743868
 11
1832656.943132955
 21
-978369.320358615
 31
0.0000000001301983
  0
LINE
  5
C5775
330
2
100
AcDbEntity
  8
SHADE
 62
     8
 48
0.1
100
AcDbLine
 10
1829969.672593081
 20
-978176.1264104072
 30
0.0000000001059519
 11
1832732.596917886
 21
-978271.8822860236
 31
0.0000000001316962
  0
LINE
  5
C5776
330
2
100
AcDbEntity
  8
SHADE
 62
     8
 48
0.1
100
AcDbLine
 10
1829972.204078339
 20
-978076.1541063244
 30
0.0000000000768993
 11
1832808.250702817
 21
-978174.4442134324
 31
0.0000000001318632
  0
LWPOLYLINE
  5
C5777
330
2
100
AcDbEntity
  8
SHADE
 62
     8
 48
0.1
100
AcDbPolyline
 90
        2
 70
     0
 43
0.0
 10
1830066.084757609
 20
-974564.5014085945
 42
-0.0014824034499228
 10
1835520.061789562
 20
-974727.7151796686
1001
LHB_YJ
1071
     4321
1002
{
1011
1769832.120589062
1021
-987122.0292291654
1031
0.0
1011
1869755.939230327
1021
-983219.4059882658
1031
0.0
1011
1957947.477522754
1021
-999358.8200354462
1031
0.0
1011
2056523.63197817
1021
-1016173.747118134
1031
0.0
1041
188853.1508868336
1041
907999.9999999994
1011
1805267.93961786
1021
-1894430.302491241
1031
0.0
1002
}
1071
     1234
1002
{
1000
436BE
1000
43606
1000
436BF
1040
9633.803217036066
1040
9822.6563679229
1000
HY6
1000
YH6
1002
}
1071
     1111
1002
{
1000
402D2
1002
}
  0
LWPOLYLINE
  5
C5778
330
2
100
AcDbEntity
  8
SHADE
 62
     8
 48
0.1
100
AcDbPolyline
 90
        2
 70
     0
 43
0.0
 10
1830068.616136141
 20
-974464.5333193578
 42
-0.0015028506932488
 10
1835598.415328182
 20
-974630.2414743602
1001
LHB_YJ
1071
     4321
1002
{
1011
1769832.120589062
1021
-987122.0292291654
1031
0.0
1011
1869755.939230327
1021
-983219.4059882658
1031
0.0
1011
1957947.477522754
1021
-999358.8200354462
1031
0.0
1011
2056523.63197817
1021
-1016173.747118134
1031
0.0
1041
188853.1508868336
1041
907999.9999999994
1011
1805267.93961786
1021
-1894430.302491241
1031
0.0
1002
}
1071
     1234
1002
{
1000
436BE
1000
43606
1000
436BF
1040
9633.803217036066
1040
9822.6563679229
1000
HY6
1000
YH6
1002
}
1071
     1111
1002
{
1000
402D2
1002
}
  0
LWPOLYLINE
  5
C5779
330
2
100
AcDbEntity
  8
SHADE
 62
     8
 48
0.1
100
AcDbPolyline
 90
        2
 70
     0
 43
0.0
 10
1830071.147514671
 20
-974364.5652301508
 42
-0.0015232922447697
 10
1835676.764065574
 20
-974532.7737418924
1001
LHB_YJ
1071
     4321
1002
{
1011
1769832.120589062
1021
-987122.0292291654
1031
0.0
1011
1869755.939230327
1021
-983219.4059882658
1031
0.0
1011
1957947.477522754
1021
-999358.8200354462
1031
0.0
1011
2056523.63197817
1021
-1016173.747118134
1031
0.0
1041
188853.1508868336
1041
907999.9999999994
1011
1805267.93961786
1021
-1894430.302491241
1031
0.0
1002
}
1071
     1234
1002
{
1000
436BE
1000
43606
1000
436BF
1040
9633.803217036066
1040
9822.6563679229
1000
HY6
1000
YH6
1002
}
1071
     1111
1002
{
1000
402D2
1002
}
  0
LWPOLYLINE
  5
C577A
102
{ACAD_REACTORS
330
C5A46
102
}
330
2
100
AcDbEntity
  8
柱
 62
     8
100
AcDbPolyline
 90
        4
 70
     1
 43
50.0
 10
1829061.292680367
 20
-990346.9351468548
 10
1829046.124302091
 20
-990945.9580800778
 10
1829645.912142535
 20
-990961.931934468
 10
1829661.100413758
 20
-990362.1233977354
  0
LWPOLYLINE
  5
C577B
102
{ACAD_REACTORS
330
C5A46
102
}
330
2
100
AcDbEntity
  8
柱
 62
     8
100
AcDbPolyline
 90
        4
 70
     1
 43
50.0
 10
1829099.263358538
 20
-988847.413800412
 10
1829084.094980264
 20
-989446.4367336351
 10
1829683.882820707
 20
-989462.4105880253
 10
1829699.07109193
 20
-988862.6020512925
  0
LWPOLYLINE
  5
C577C
102
{ACAD_REACTORS
330
C5A46
102
}
330
2
100
AcDbEntity
  8
柱
 62
     8
100
AcDbPolyline
 90
        4
 70
     1
 43
50.0
 10
1828965.100291754
 20
-994145.722712243
 10
1828949.931913479
 20
-994744.7456454661
 10
1829549.719753922
 20
-994760.7194998564
 10
1829564.908025145
 20
-994160.9109631235
  0
LINE
  5
C577D
330
2
100
AcDbEntity
  8
SHADE
 62
     8
100
AcDbLine
 10
1829653.258297882
 20
-990671.8207937652
 30
0.0000000001381606
 11
1835785.640294303
 21
-990884.353437671
 31
0.0000000001953009
  0
LINE
  5
C577E
330
2
100
AcDbEntity
  8
SHADE
 62
     8
100
AcDbLine
 10
1829650.726812623
 20
-990771.793097848
 30
0.0000000000746856
 11
1835707.387796703
 21
-990981.7014455243
 31
0.0000000001962116
  0
LINE
  5
C577F
330
2
100
AcDbEntity
  8
SHADE
 62
     8
100
AcDbLine
 10
1829648.195327364
 20
-990871.7654019312
 30
0.000000000138178
 11
1835629.135299103
 21
-991079.0494533776
 31
0.0000000001939072
  0
ARC
  5
C5780
330
2
100
AcDbEntity
  8
SHADE
 62
     8
 48
0.1
100
AcDbCircle
 10
1805567.759609315
 20
-1894440.69348375
 30
0.0
 40
900400.0000000203
100
AcDbArc
 50
88.51129371545669
 51
89.6563759787953
1001
LHB_YJ
1071
     4321
1002
{
1011
1770131.940580515
1021
-987132.4202216534
1031
0.0
1011
1870055.75922178
1021
-983229.7969807538
1031
0.0
1011
1958247.297514209
1021
-999369.211027934
1031
0.0
1011
2056823.451969624
1021
-1016184.138110622
1031
0.0
1041
188853.1508868336
1041
907999.9999999994
1011
1805567.759609313
1021
-1894440.693483729
1031
0.0
1002
}
1071
     1234
1002
{
1000
436BE
1000
43606
1000
436BF
1040
9633.803217036066
1040
9822.6563679229
1000
HY6
1000
YH6
1002
}
1071
     1111
1002
{
1000
402D2
1002
}
  0
ARC
  5
C5781
330
2
100
AcDbEntity
  8
SHADE
 62
     8
 48
0.1
100
AcDbCircle
 10
1805567.759609315
 20
-1894440.693483664
 30
0.0
 40
900299.9999999347
100
AcDbArc
 50
88.51128947158158
 51
89.65633781169156
1001
LHB_YJ
1071
     4321
1002
{
1011
1770131.940580515
1021
-987132.4202216534
1031
0.0
1011
1870055.75922178
1021
-983229.7969807538
1031
0.0
1011
1958247.297514209
1021
-999369.211027934
1031
0.0
1011
2056823.451969624
1021
-1016184.138110622
1031
0.0
1041
188853.1508868336
1041
907999.9999999994
1011
1805567.759609313
1021
-1894440.693483729
1031
0.0
1002
}
1071
     1234
1002
{
1000
436BE
1000
43606
1000
436BF
1040
9633.803217036066
1040
9822.6563679229
1000
HY6
1000
YH6
1002
}
1071
     1111
1002
{
1000
402D2
1002
}
  0
ARC
  5
C5782
330
2
100
AcDbEntity
  8
SHADE
 62
     8
 48
0.1
100
AcDbCircle
 10
1805567.75960931
 20
-1894440.693483751
 30
0.0
 40
900200.0000000211
100
AcDbArc
 50
88.51128522805304
 51
89.65629964466781
1001
LHB_YJ
1071
     4321
1002
{
1011
1770131.940580515
1021
-987132.4202216534
1031
0.0
1011
1870055.75922178
1021
-983229.7969807538
1031
0.0
1011
1958247.297514209
1021
-999369.211027934
1031
0.0
1011
2056823.451969624
1021
-1016184.138110622
1031
0.0
1041
188853.1508868336
1041
907999.9999999994
1011
1805567.759609313
1021
-1894440.693483729
1031
0.0
1002
}
1071
     1234
1002
{
1000
436BE
1000
43606
1000
436BF
1040
9633.803217036066
1040
9822.6563679229
1000
HY6
1000
YH6
1002
}
1071
     1111
1002
{
1000
402D2
1002
}
  0
ARC
  5
C5783
330
2
100
AcDbEntity
  8
SHADE
  6
CONTINOUS
 62
     8
 48
5.0
100
AcDbCircle
 10
1820737.11535841
 20
-999716.118814032
 30
0.0
 40
795.0340883640932
100
AcDbArc
 50
45.46425172839987
 51
134.427079558134
  0
DIMENSION
  5
C5784
330
2
100
AcDbEntity
  8
SHADE
  6
CONTINOUS
 62
     8
 48
5.0
100
AcDbDimension
280
     0
  2
*D62
 10
1828896.912961032
 20
-973136.0149957208
 30
0.0000000000591239
 11
1820675.434238792
 21
-999395.9672513616
 31
0.0
 70
    34
  1
15200
 71
     5
 42
0.0168776371308126
 73
     0
 74
     0
 75
     0
  3
AXIS-G100
100
AcDb2LineAngularDimension
 13
1813100.15965842
 23
-1001872.47595103
 33
0.0000000000572635
 14
1813344.88249219
 24
-972873.5085429548
 34
0.0000000000591239
 15
1828162.814168498
 25
-1002126.722109602
 35
0.0000000000572635
 16
1823187.663273365
 26
-999716.9519367348
 36
0.0
1001
ACAD
1000
DSTYLE
1002
{
1070
   176
1070
     8
1070
   177
1070
     8
1070
   178
1070
     8
1002
}
  0
DIMENSION
  5
C5785
330
2
100
AcDbEntity
  8
SHADE
  6
CONTINOUS
 62
     8
 48
5.0
100
AcDbDimension
280
     0
  2
*D63
 10
1782279.108259886
 20
-974735.5022824964
 30
0.0000000000596813
 11
1805567.759609315
 21
-1000546.832215817
 31
0.0
 70
    34
  1
45600
 71
     5
 42
0.0506329113923838
 73
     0
 74
     0
 75
     0
  3
AXIS-G100
100
AcDb2LineAngularDimension
 13
1828162.814168499
 23
-1002126.722109602
 33
0.0000000000579038
 14
1828896.912961034
 24
-973136.0149957212
 34
0.0000000000597851
 15
1782972.705050131
 25
-1002126.722109602
 35
0.0000000000579038
 16
1813108.757541756
 26
-1000853.650961322
 36
0.0
1001
ACAD
1000
DSTYLE
1002
{
1070
   176
1070
     8
1070
   177
1070
     8
1070
   178
1070
     8
1002
}
  0
LINE
  5
C5786
330
2
100
AcDbEntity
  8
SHADE
 62
     8
100
AcDbLine
 10
1780023.323815377
 20
-992823.6446312685
 30
-0.0000000000350218
 11
1779964.441982327
 21
-991124.6778067156
 31
0.0000000001414833
  0
LINE
  5
C5787
330
2
100
AcDbEntity
  8
SHADE
 62
     8
100
AcDbLine
 10
1780366.924521446
 20
-994076.495207319
 30
0.0000000000584228
 11
1777948.780861098
 21
-994160.3018652712
 31
0.0000000000581456
  0
LINE
  5
C5788
330
2
100
AcDbEntity
  8
SHADE
 62
     8
100
AcDbLine
 10
1780364.499956617
 20
-994006.5372093102
 30
0.0000000000584228
 11
1777895.823211589
 21
-994092.0952143822
 31
0.0000000000581397
  0
LINE
  5
C5789
330
2
100
AcDbEntity
  8
SHADE
 62
     8
100
AcDbLine
 10
1782591.774983286
 20
-991033.6211788132
 30
0.0000000001791045
 11
1775662.899192545
 21
-991273.7582549364
 31
0.0000000001997872
  0
LINE
  5
C578A
330
2
100
AcDbEntity
  8
SHADE
 62
     8
100
AcDbLine
 10
1780319.854156443
 20
-994214.2081993396
 30
0.0
 11
1780315.143573146
 21
-994078.2898022172
 31
0.0
  0
LINE
  5
C578B
330
2
100
AcDbEntity
  8
SHADE
 62
     8
100
AcDbLine
 10
1780312.719008266
 20
-994008.3318052083
 30
0.0
 11
1780310.329079959
 21
-993939.3732061771
 31
0.0
  0
LINE
  5
C578C
330
2
100
AcDbEntity
  8
SHADE
 62
     8
100
AcDbLine
 10
1779731.20757323
 20
-994234.6091812612
 30
0.0
 11
1779726.496989916
 21
-994098.6907836824
 31
0.0
  0
LINE
  5
C578D
330
2
100
AcDbEntity
  8
SHADE
 62
     8
100
AcDbLine
 10
1779724.072425052
 20
-994028.73278713
 30
0.0
 11
1779721.68249673
 21
-993959.7741876421
 31
0.0
  0
LINE
  5
C578E
330
2
100
AcDbEntity
  8
SHADE
 62
     8
100
AcDbLine
 10
1779692.241351388
 20
-993110.2842133105
 30
0.0
 11
1779689.851423065
 21
-993041.325613822
 31
0.0
  0
LINE
  5
C578F
330
2
100
AcDbEntity
  8
SHADE
 62
     8
100
AcDbLine
 10
1780280.887934606
 20
-993089.8832313886
 30
0.0
 11
1780278.498006299
 21
-993020.9246323575
 31
0.0
  0
LINE
  5
C5790
330
2
100
AcDbEntity
  8
SHADE
 62
     8
100
AcDbLine
 10
1780366.924523491
 20
-994076.4952081864
 30
0.0
 11
1780364.499958546
 21
-994006.537209248
 31
0.0
  0
LINE
  5
C5791
330
2
100
AcDbEntity
  8
SHADE
 62
     8
100
AcDbLine
 10
1780330.278956664
 20
-993019.130038325
 30
0.0
 11
1780327.85439172
 21
-992949.1720393874
 31
0.0
  0
LINE
  5
C5792
330
2
100
AcDbEntity
  8
SHADE
 62
     8
100
AcDbLine
 10
1780276.073441418
 20
-992950.9666353486
 30
0.0
 11
1780271.362858122
 21
-992815.0482382271
 31
0.0
  0
LINE
  5
C5793
330
2
100
AcDbEntity
  8
SHADE
 62
     8
100
AcDbLine
 10
1779687.426858201
 20
-992971.3676172704
 30
0.0
 11
1779682.716274888
 21
-992835.4492196916
 31
0.0
  0
LINE
  5
C5794
330
2
100
AcDbEntity
  8
SHADE
 62
     8
100
AcDbLine
 10
1780019.860151442
 20
-992723.7046371708
 30
0.0000000001518703
 11
1776914.928878251
 21
-992831.3135971274
 31
0.000000000189049
  0
LINE
  5
C5795
330
2
100
AcDbEntity
  8
SHADE
 62
     8
100
AcDbLine
 10
1777148.363816514
 20
-993129.407061577
 30
0.0
 11
1780330.278956666
 21
-993019.130038326
 31
0.0
  0
LINE
  5
C5796
330
2
100
AcDbEntity
  8
SHADE
 62
     8
100
AcDbLine
 10
1777095.406167019
 20
-993061.200410762
 30
0.0
 11
1780327.854391751
 21
-992949.1720403202
 31
0.0
  0
LINE
  5
C5797
330
2
100
AcDbEntity
  8
SHADE
 62
     8
100
AcDbLine
 10
1777200.56492816
 20
-993196.6393316706
 30
0.0
 11
1780280.887934608
 21
-993089.8832313886
 31
0.0
  0
LINE
  5
C5798
330
2
100
AcDbEntity
  8
SHADE
 62
     8
100
AcDbLine
 10
1778051.670008787
 20
-994292.817648726
 30
0.0
 11
1781570.915072586
 21
-994170.8496343516
 31
0.0
  0
LINE
  5
C5799
330
2
100
AcDbEntity
  8
SHADE
 62
     8
100
AcDbLine
 10
1777843.62210011
 20
-994024.8629491248
 30
0.0
 11
1780310.329079993
 21
-993939.3732071694
 31
0.0
  0
LINE
  5
C579A
330
2
100
AcDbEntity
  8
SHADE
 62
     8
100
AcDbLine
 10
1782489.298821047
 20
-990937.0995575698
 30
0.0000000001899147
 11
1775584.636417103
 21
-991176.3974611976
 31
0.0000000001905189
  0
LINE
  5
C579B
330
2
100
AcDbEntity
  8
SHADE
 62
     8
100
AcDbLine
 10
1781522.423774303
 20
-992771.6896742352
 30
0.0
 11
1781570.915072589
 21
-994170.8496343514
 31
0.0
  0
LINE
  5
C579C
330
2
100
AcDbEntity
  8
SHADE
 62
     8
100
AcDbLine
 10
1777041.097378024
 20
-992927.0009615002
 30
0.0
 11
1781522.423774301
 21
-992771.6896742352
 31
0.0
  0
LINE
  5
C579D
330
2
100
AcDbEntity
  8
SHADE
 62
     8
100
AcDbLine
 10
1779720.040159871
 20
-992734.095626266
 30
-0.0000000000272348
 11
1779664.621990916
 21
-991135.0687992034
 31
0.0000000001440793
  0
LINE
  5
C579E
330
2
100
AcDbEntity
  8
SHADE
 62
     8
100
AcDbLine
 10
1777529.416820285
 20
-993620.1831667878
 30
0.0000000000583904
 11
1777514.360964821
 21
-993185.7639623294
 31
0.0000000000583904
  0
LINE
  5
C579F
330
2
100
AcDbEntity
  8
SHADE
 62
     8
100
AcDbLine
 10
1778114.00094809
 20
-993164.9819780722
 30
0.0
 11
1778143.442093571
 21
-994014.4719565656
 31
0.0
  0
LINE
  5
C57A0
330
2
100
AcDbEntity
  8
SHADE
 62
     8
100
AcDbLine
 10
1778413.820939556
 20
-993154.590985949
 30
0.0
 11
1778443.262085024
 21
-994004.0809640762
 31
0.0
  0
LINE
  5
C57A1
330
2
100
AcDbEntity
  8
SHADE
 62
     8
100
AcDbLine
 10
1778653.676932731
 20
-993146.278192324
 30
0.0
 11
1778683.118078187
 21
-993995.768170084
 31
0.0
  0
LINE
  5
C57A2
330
2
100
AcDbEntity
  8
SHADE
 62
     8
100
AcDbLine
 10
1777814.180956624
 20
-993175.3729701954
 30
0.0
 11
1777843.622102118
 21
-994024.8629490556
 31
0.0
  0
LINE
  5
C57A3
330
2
100
AcDbEntity
  8
SHADE
 62
     8
100
AcDbLine
 10
1779420.220168419
 20
-992744.486618756
 30
-0.0000000000272348
 11
1779364.801999462
 21
-991145.4597916933
 31
0.0000000001440793
  0
LINE
  5
C57A4
330
2
100
AcDbEntity
  8
SHADE
 62
     8
100
AcDbLine
 10
1779120.400176964
 20
-992754.877611246
 30
-0.0000000000272348
 11
1779064.982008009
 21
-991155.8507841832
 31
0.0000000001440793
  0
LINE
  5
C57A5
330
2
100
AcDbEntity
  8
SHADE
 62
     8
100
AcDbLine
 10
1778820.580185512
 20
-992765.268603736
 30
-0.0000000000272348
 11
1778765.162016555
 21
-991166.2417766732
 31
0.0000000001440793
  0
LINE
  5
C57A6
330
2
100
AcDbEntity
  8
SHADE
 62
     8
100
AcDbLine
 10
1778520.760194058
 20
-992775.6595962258
 30
-0.0000000000272348
 11
1778465.342025102
 21
-991176.6327691632
 31
0.0000000001440793
  0
LINE
  5
C57A7
330
2
100
AcDbEntity
  8
SHADE
 62
     8
100
AcDbLine
 10
1778220.940202604
 20
-992786.0505887158
 30
-0.0000000000272348
 11
1778165.522033648
 21
-991187.023761653
 31
0.0000000001440793
  0
LINE
  5
C57A8
330
2
100
AcDbEntity
  8
SHADE
 62
     8
100
AcDbLine
 10
1777921.120211152
 20
-992796.4415812058
 30
-0.0000000000272348
 11
1777865.702042195
 21
-991197.414754143
 31
0.0000000001440793
  0
LINE
  5
C57A9
330
2
100
AcDbEntity
  8
SHADE
 62
     8
100
AcDbLine
 10
1777621.300219697
 20
-992806.8325736956
 30
-0.0000000000272348
 11
1777565.882050742
 21
-991207.805746633
 31
0.0000000001440793
  0
LINE
  5
C57AA
330
2
100
AcDbEntity
  8
SHADE
 62
     8
100
AcDbLine
 10
1777321.480228245
 20
-992817.2235661856
 30
-0.0000000000272348
 11
1777266.062059288
 21
-991218.1967391229
 31
0.0000000001440793
  0
LINE
  5
C57AB
330
2
100
AcDbEntity
  8
SHADE
 62
     8
100
AcDbLine
 10
1777021.660236792
 20
-992827.6145586756
 30
-0.0000000000272348
 11
1776966.242067836
 21
-991228.5877316128
 31
0.0000000001440793
  0
LINE
  5
C57AC
330
2
100
AcDbEntity
  8
SHADE
 62
     8
100
AcDbLine
 10
1776712.897812291
 20
-992579.9820435176
 30
0.000000000000409
 11
1776666.422076381
 21
-991238.9787241028
 31
0.0000000001440793
  0
LINE
  5
C57AD
330
2
100
AcDbEntity
  8
SHADE
 62
     8
100
AcDbLine
 10
1776399.192382875
 20
-992189.7248690758
 30
0.000000000043333
 11
1776366.602084929
 21
-991249.3697165928
 31
0.0000000001440793
  0
LINE
  5
C57AE
330
2
100
AcDbEntity
  8
SHADE
 62
     8
100
AcDbLine
 10
1779616.169127881
 20
-976228.6334830838
 30
-0.0000000000081178
 11
1779675.050966465
 21
-977927.600307445
 31
0.0000000001683873
  0
LINE
  5
C57AF
330
2
100
AcDbEntity
  8
SHADE
 62
     8
100
AcDbLine
 10
1781066.777788148
 20
-974777.5185550104
 30
0.0000000000853268
 11
1775802.159224988
 21
-974959.9767486315
 31
0.0000000000852606
  0
LINE
  5
C57B0
330
2
100
AcDbEntity
  8
SHADE
 62
     8
100
AcDbLine
 10
1779872.208403596
 20
-974955.0009220946
 30
0.0000000000853268
 11
1775908.582621849
 21
-975092.3700394664
 31
0.0000000000848724
  0
LINE
  5
C57B1
330
2
100
AcDbEntity
  8
SHADE
 62
     8
100
AcDbLine
 10
1779874.632968595
 20
-975024.9589200974
 30
0.0000000000853268
 11
1775963.359370114
 21
-975160.5136448948
 31
0.0000000000848783
  0
LINE
  5
C57B2
330
2
100
AcDbEntity
  8
SHADE
 62
     8
100
AcDbLine
 10
1782257.639626231
 20
-977838.0944032077
 30
0.0000000000042038
 11
1778175.951009018
 21
-977979.5552700025
 31
0.0000000000715055
  0
LINE
  5
C57B3
330
2
100
AcDbEntity
  8
SHADE
 62
     8
100
AcDbLine
 10
1779815.716872002
 20
-974820.877119989
 30
0.0000000000257363
 11
1779820.427455298
 21
-974956.7955171114
 31
0.0000000000257363
  0
LINE
  5
C57B4
330
2
100
AcDbEntity
  8
SHADE
 62
     8
100
AcDbLine
 10
1779822.852020177
 20
-975026.7535141202
 30
0.0000000000257363
 11
1779825.241948485
 21
-975095.7121131514
 31
0.0000000000257363
  0
LINE
  5
C57B5
330
2
100
AcDbEntity
  8
SHADE
 62
     8
100
AcDbLine
 10
1779227.07028879
 20
-974841.2781019064
 30
0.0000000000257363
 11
1779231.7808721
 21
-974977.1964994854
 31
0.0000000000257363
  0
LINE
  5
C57B6
330
2
100
AcDbEntity
  8
SHADE
 62
     8
100
AcDbLine
 10
1779234.205436963
 20
-975047.1544960378
 30
0.0000000000257363
 11
1779236.595365285
 21
-975116.1130955254
 31
0.0000000000257363
  0
LINE
  5
C57B7
330
2
100
AcDbEntity
  8
SHADE
 62
     8
100
AcDbLine
 10
1779266.036510615
 20
-975965.6030698576
 30
0.0000000000257363
 11
1779268.426438938
 21
-976034.5616693462
 31
0.0000000000257363
  0
LINE
  5
C57B8
330
2
100
AcDbEntity
  8
SHADE
 62
     8
100
AcDbLine
 10
1779854.683093832
 20
-975945.2020879402
 30
0.0000000000257363
 11
1779857.07302214
 21
-976014.1606869712
 31
0.0000000000257363
  0
LINE
  5
C57B9
330
2
100
AcDbEntity
  8
SHADE
 62
     8
100
AcDbLine
 10
1779872.208405574
 20
-974955.0009210876
 30
0.0000000000257363
 11
1779874.632970523
 21
-975024.958920026
 31
0.0000000000257363
  0
LINE
  5
C57BA
330
2
100
AcDbEntity
  8
SHADE
 62
     8
100
AcDbLine
 10
1779908.853972436
 20
-976012.3660909476
 30
0.0000000000257363
 11
1779911.278537385
 21
-976082.3240898852
 31
0.0000000000257363
  0
LINE
  5
C57BB
330
2
100
AcDbEntity
  8
SHADE
 62
     8
100
AcDbLine
 10
1779859.497587019
 20
-976084.1186839804
 30
0.0000000000257363
 11
1779864.208170315
 21
-976220.0370811016
 31
0.0000000000257363
  0
LINE
  5
C57BC
330
2
100
AcDbEntity
  8
SHADE
 62
     8
100
AcDbLine
 10
1779270.851003801
 20
-976104.5196658978
 30
0.0000000000257363
 11
1779275.561587111
 21
-976240.4380634766
 31
0.0000000000257363
  0
LINE
  5
C57BD
330
2
100
AcDbEntity
  8
SHADE
 62
     8
100
AcDbLine
 10
1779619.632792059
 20
-976328.573477173
 30
0.0000000001787743
 11
1776965.500385114
 21
-976420.5589043048
 31
0.0000000002105551
  0
LINE
  5
C57BE
330
2
100
AcDbEntity
  8
SHADE
 62
     8
100
AcDbLine
 10
1779908.853972438
 20
-976012.3660909468
 30
0.0000000000853268
 11
1776634.323337461
 21
-976125.8529309168
 31
0.0000000000849494
  0
LINE
  5
C57BF
330
2
100
AcDbEntity
  8
SHADE
 62
     8
100
AcDbLine
 10
1779911.278537352
 20
-976082.3240889526
 30
0.0000000000853268
 11
1776786.957451073
 21
-976190.605050916
 31
0.0000000000849666
  0
LINE
  5
C57C0
330
2
100
AcDbEntity
  8
SHADE
 62
     8
100
AcDbLine
 10
1779854.683093836
 20
-975945.20208794
 30
0.0000000000853262
 11
1776727.399686559
 21
-976053.585716361
 31
0.0000000000849636
  0
LINE
  5
C57C1
330
2
100
AcDbEntity
  8
SHADE
 62
     8
100
AcDbLine
 10
1779825.241948451
 20
-975095.7121121592
 30
0.0000000000853262
 11
1776017.353587906
 21
-975227.6837634072
 31
0.0000000000852748
  0
LINE
  5
C57C2
330
2
100
AcDbEntity
  8
SHADE
 62
     8
100
AcDbLine
 10
1782160.227099563
 20
-977941.5436541004
 30
0.0000000001188499
 11
1778251.614730911
 21
-978077.0061408743
 31
0.0000000001273983
  0
LINE
  5
C57C3
330
2
100
AcDbEntity
  8
SHADE
 62
     8
100
AcDbLine
 10
1776889.846598196
 20
-976323.1208294705
 30
0.0000000000257363
 11
1781115.269086426
 21
-976176.6785151268
 31
0.0000000000257363
  0
LINE
  5
C57C4
330
2
100
AcDbEntity
  8
SHADE
 62
     8
100
AcDbLine
 10
1779319.812800723
 20
-976338.9644730554
 30
-0.0000000000003308
 11
1779375.230975055
 21
-977937.9912999318
 31
0.0000000001709834
  0
LINE
  5
C57C5
330
2
100
AcDbEntity
  8
SHADE
 62
     8
100
AcDbLine
 10
1778227.472091763
 20
-976001.5970529434
 30
0.0000000000257363
 11
1778198.030944784
 21
-975152.107075236
 31
0.0000000000257363
  0
LINE
  5
C57C6
330
2
100
AcDbEntity
  8
SHADE
 62
     8
100
AcDbLine
 10
1776289.176999336
 20
-975218.263065021
 30
0.0000000000852855
 11
1776301.765844549
 21
-975581.4995193572
 31
0.0000000000852855
  0
LINE
  5
C57C7
330
2
100
AcDbEntity
  8
SHADE
 62
     8
100
AcDbLine
 10
1777687.796107505
 20
-976020.3008400355
 30
0.0000000000257363
 11
1777658.354962029
 21
-975170.810861542
 31
0.0000000000257363
  0
LINE
  5
C57C8
330
2
100
AcDbEntity
  8
SHADE
 62
     8
100
AcDbLine
 10
1777987.616098946
 20
-976009.9098471808
 30
0.0000000000257363
 11
1777958.174953482
 21
-975160.4198690536
 31
0.0000000000257363
  0
LINE
  5
C57C9
330
2
100
AcDbEntity
  8
SHADE
 62
     8
100
AcDbLine
 10
1777387.976116064
 20
-976030.69183289
 30
0.0000000000257363
 11
1777358.534970575
 21
-975181.2018540296
 31
0.0000000000257363
  0
LINE
  5
C57CA
330
2
100
AcDbEntity
  8
SHADE
 62
     8
100
AcDbLine
 10
1777088.156124623
 20
-976041.0828257452
 30
0.0000000000257363
 11
1777058.714979121
 21
-975191.5928465181
 31
0.0000000000257363
  0
LINE
  5
C57CB
330
2
100
AcDbEntity
  8
SHADE
 62
     8
100
AcDbLine
 10
1776618.438138023
 20
-976057.3620478824
 30
0.0000000000257363
 11
1776588.9969925
 21
-975207.8720680808
 31
0.0000000000257363
  0
LINE
  5
C57CC
330
2
100
AcDbEntity
  8
SHADE
 62
     8
100
AcDbLine
 10
1776858.987863145
 20
-976049.0252106258
 30
0.0000000000257363
 11
1776829.54671763
 21
-975199.5352311186
 31
0.0000000000257363
  0
LINE
  5
C57CD
330
2
100
AcDbEntity
  8
SHADE
 62
     8
100
AcDbLine
 10
1779019.992809271
 20
-976349.3554655432
 30
-0.0000000000003308
 11
1779075.410983601
 21
-977948.3822924196
 31
0.0000000001709834
  0
LINE
  5
C57CE
330
2
100
AcDbEntity
  8
SHADE
 62
     8
100
AcDbLine
 10
1778720.172817816
 20
-976359.7464580308
 30
-0.0000000000003308
 11
1778775.590992147
 21
-977958.7732849075
 31
0.0000000001709834
  0
LINE
  5
C57CF
330
2
100
AcDbEntity
  8
SHADE
 62
     8
100
AcDbLine
 10
1778420.352826364
 20
-976370.1374505186
 30
-0.0000000000003308
 11
1778475.771000694
 21
-977969.1642773952
 31
0.0000000001709834
  0
LINE
  5
C57D0
330
2
100
AcDbEntity
  8
SHADE
 62
     8
100
AcDbLine
 10
1778120.532834909
 20
-976380.5284430064
 30
-0.0000000000003308
 11
1778175.951009241
 21
-977979.5552698828
 31
0.0000000001709834
  0
LINE
  5
C57D1
330
2
100
AcDbEntity
  8
SHADE
 62
     8
100
AcDbLine
 10
1777820.712843457
 20
-976390.9194354942
 30
-0.0000000000003308
 11
1777861.745727939
 21
-977574.8754907952
 31
0.0000000001265141
  0
LINE
  5
C57D2
330
2
100
AcDbEntity
  8
SHADE
 62
     8
100
AcDbLine
 10
1777520.892852003
 20
-976401.310427982
 30
-0.0000000000003308
 11
1777547.540446622
 21
-977170.1957112106
 31
0.0000000000820449
  0
LINE
  5
C57D3
330
2
100
AcDbEntity
  8
SHADE
 62
     8
100
AcDbLine
 10
1777221.07286055
 20
-976411.7014204698
 30
-0.0000000000003308
 11
1777233.335165303
 21
-976765.515931625
 31
0.0000000000375757
  0
LWPOLYLINE
  5
C57D4
330
2
100
AcDbEntity
  8
SHADE
 62
     8
 48
20.0
100
AcDbPolyline
 90
        6
 70
     0
 43
0.0
 10
1778487.739885782
 20
-994854.452575572
 10
1777046.769529042
 20
-992998.558989697
 10
1776915.188752682
 20
-993024.760121205
 10
1777104.757089653
 20
-992877.5736897034
 10
1776973.176313292
 20
-992903.7748212114
 10
1775349.878924064
 20
-990884.3534378848
  0
LWPOLYLINE
  5
C57D5
330
2
100
AcDbEntity
  8
SHADE
 62
     8
 48
20.0
100
AcDbPolyline
 90
        6
 70
     0
 43
0.0
 38
0.0000000001967246
 10
1778478.576085839
 20
-978369.3203584905
 10
1776734.980652505
 20
-976123.6616841475
 10
1776603.399876145
 20
-976149.8628156557
 10
1776792.968213116
 20
-976002.6763841542
 10
1776661.387436754
 20
-976028.8775156622
 10
1775304.719684787
 20
-974341.1498777242
  0
LINE
  5
C57D8
330
2
100
AcDbEntity
  8
SHADE
 62
     8
 48
0.1
100
AcDbLine
 10
1781965.472214514
 20
-978151.2132109136
 30
0.0000000001578782
 11
1781765.583525606
 21
-978158.1408405486
 31
0.0000000001597407
  0
LINE
  5
C57D9
330
2
100
AcDbEntity
  8
SHADE
 62
     8
 48
0.1
100
AcDbLine
 10
1782062.885073706
 20
-978047.7770920134
 30
0.0000000001188432
 11
1781763.052040347
 21
-978058.168536466
 31
0.0000000001246541
  0
ARC
  5
C57DC
330
2
100
AcDbEntity
  8
SHADE
 62
     8
 48
0.1
100
AcDbCircle
 10
1805867.57960077
 20
-1894430.30249126
 30
0.0
 40
900400.0000000203
100
AcDbArc
 50
91.54597250361223
 51
91.76223715534539
1001
LHB_YJ
1071
     4321
1002
{
1011
1841303.39862957
1021
-987122.0292291637
1031
0.0
1011
1741379.579988305
1021
-983219.405988264
1031
0.0
1011
1653188.041695877
1021
-999358.8200354442
1031
0.0
1011
1554611.887240461
1021
-1016173.747118132
1031
0.0
1041
188853.1508868336
1041
907999.9999999994
1011
1805867.579600771
1021
-1894430.302491239
1031
0.0
1002
}
1071
     1234
1002
{
1000
436BE
1000
43606
1000
436BF
1040
9633.803217036066
1040
9822.6563679229
1000
HY6
1000
YH6
1002
}
1071
     1111
1002
{
1000
402D2
1002
}
  0
ARC
  5
C57DD
330
2
100
AcDbEntity
  8
SHADE
 62
     8
 48
0.1
100
AcDbCircle
 10
1805867.57960077
 20
-1894430.302491174
 30
0.0
 40
900299.9999999347
100
AcDbArc
 50
91.545983099444
 51
91.75760227328674
1001
LHB_YJ
1071
     4321
1002
{
1011
1841303.39862957
1021
-987122.0292291637
1031
0.0
1011
1741379.579988305
1021
-983219.405988264
1031
0.0
1011
1653188.041695877
1021
-999358.8200354442
1031
0.0
1011
1554611.887240461
1021
-1016173.747118132
1031
0.0
1041
188853.1508868336
1041
907999.9999999994
1011
1805867.579600771
1021
-1894430.302491239
1031
0.0
1002
}
1071
     1234
1002
{
1000
436BE
1000
43606
1000
436BF
1040
9633.803217036066
1040
9822.6563679229
1000
HY6
1000
YH6
1002
}
1071
     1111
1002
{
1000
402D2
1002
}
  0
ARC
  5
C57DE
330
2
100
AcDbEntity
  8
SHADE
 62
     8
 48
0.1
100
AcDbCircle
 10
1805867.579600775
 20
-1894430.302491261
 30
0.0
 40
900200.0000000211
100
AcDbArc
 50
91.54599370897108
 51
91.75296609473067
1001
LHB_YJ
1071
     4321
1002
{
1011
1841303.39862957
1021
-987122.0292291637
1031
0.0
1011
1741379.579988305
1021
-983219.405988264
1031
0.0
1011
1653188.041695877
1021
-999358.8200354442
1031
0.0
1011
1554611.887240461
1021
-1016173.747118132
1031
0.0
1041
188853.1508868336
1041
907999.9999999994
1011
1805867.579600771
1021
-1894430.302491239
1031
0.0
1002
}
1071
     1234
1002
{
1000
436BE
1000
43606
1000
436BF
1040
9633.803217036066
1040
9822.6563679229
1000
HY6
1000
YH6
1002
}
1071
     1111
1002
{
1000
402D2
1002
}
  0
LINE
  5
C57DF
330
2
100
AcDbEntity
  8
SHADE
 62
     8
100
AcDbLine
 10
1782181.94216525
 20
-990650.3714089273
 30
0.0000000001903695
 11
1782081.997820799
 21
-990653.8352237683
 31
0.0000000001913008
  0
LINE
  5
C57E0
330
2
100
AcDbEntity
  8
SHADE
 62
     8
100
AcDbLine
 10
1782284.417994962
 20
-990746.879898169
 30
0.0000000001173706
 11
1782084.529306057
 21
-990753.807527851
 31
0.0000000001213813
  0
LINE
  5
C57E1
330
2
100
AcDbEntity
  8
SHADE
 62
     8
100
AcDbLine
 10
1782386.893824674
 20
-990843.388387411
 30
0.0000000001885244
 11
1782087.060791317
 21
-990853.779831934
 31
0.0000000001913181
  0
LINE
  5
C57E2
330
2
100
AcDbEntity
  8
SHADE
 62
     8
100
AcDbLine
 10
1782181.942165251
 20
-990650.3714089273
 30
0.0000000001903695
 11
1782062.782498164
 21
-985944.5701687584
 31
0.0000000001665681
  0
LINE
  5
C57E3
330
2
100
AcDbEntity
  8
SHADE
 62
     8
100
AcDbLine
 10
1782284.417994962
 20
-990746.879898169
 30
0.0000000001173706
 11
1782162.75045373
 21
-985942.0387936116
 31
0.0000000001176824
  0
LINE
  5
C57E4
330
2
100
AcDbEntity
  8
SHADE
 62
     8
100
AcDbLine
 10
1782386.893824674
 20
-990843.388387411
 30
0.0000000001885244
 11
1782262.718409295
 21
-985939.507418465
 31
0.0000000001176824
  0
LINE
  5
C57E5
330
2
100
AcDbEntity
  8
SHADE
 62
     8
100
AcDbLine
 10
1782489.298821047
 20
-990937.0995575698
 30
0.0000000001899147
 11
1782362.68636486
 21
-985936.9760433184
 31
0.0000000001176824
  0
LINE
  5
C57E6
330
2
100
AcDbEntity
  8
SHADE
 62
     8
100
AcDbLine
 10
1782591.774983286
 20
-991033.6211788132
 30
0.0000000001791045
 11
1782462.654320425
 21
-985934.4446681718
 31
0.0000000001176824
  0
LINE
  5
C57E7
330
2
100
AcDbEntity
  8
SHADE
 62
     8
 48
0.1
100
AcDbLine
 10
1781868.059355319
 20
-978254.6493298138
 30
0.0000000001192469
 11
1781768.115010864
 21
-978258.1131446314
 31
0.0000000001213207
  0
LINE
  5
C57E8
330
2
100
AcDbEntity
  8
SHADE
 62
     8
 48
0.1
100
AcDbLine
 10
1781986.841243766
 20
-982945.5315018052
 30
0.0000000001490089
 11
1781868.05935532
 21
-978254.6493298138
 31
0.0000000001192469
  0
LINE
  5
C57E9
330
2
100
AcDbEntity
  8
SHADE
 62
     8
 48
0.1
100
AcDbLine
 10
1782086.809199331
 20
-982943.0001266586
 30
0.0000000001185257
 11
1781965.472214514
 21
-978151.2132109136
 31
0.0000000001179613
  0
LINE
  5
C57EA
330
2
100
AcDbEntity
  8
SHADE
 62
     8
 48
0.1
100
AcDbLine
 10
1782186.777154896
 20
-982940.4687515122
 30
0.0000000001185257
 11
1782062.885073706
 21
-978047.7770920134
 31
0.0000000001188432
  0
LINE
  5
C57EB
330
2
100
AcDbEntity
  8
SHADE
 62
     8
100
AcDbLine
 10
1782286.745110461
 20
-982937.9373763654
 30
0.0000000001185257
 11
1782160.227099563
 21
-977941.5436541004
 31
0.0000000001188499
  0
LINE
  5
C57EC
330
2
100
AcDbEntity
  8
SHADE
 62
     8
100
AcDbLine
 10
1782386.713066026
 20
-982935.4060012188
 30
0.0000000001185257
 11
1782257.639626231
 21
-977838.0944032077
 31
0.000000000117861
  0
LWPOLYLINE
  5
C57ED
102
{ACAD_REACTORS
330
C5A45
102
}
330
2
100
AcDbEntity
  8
柱
 62
     8
100
AcDbPolyline
 90
        4
 70
     1
 43
50.0
 10
1781760.335593625
 20
-977950.8918155722
 10
1781775.503971901
 20
-978549.9147487952
 10
1781175.716131457
 20
-978565.8886031854
 10
1781160.527860235
 20
-977966.0800664529
  0
LWPOLYLINE
  5
C57EE
102
{ACAD_REACTORS
330
C5A45
102
}
330
2
100
AcDbEntity
  8
柱
 62
     8
100
AcDbPolyline
 90
        4
 70
     1
 43
50.0
 10
1781798.306271798
 20
-979450.4131620148
 10
1781813.474650073
 20
-980049.436095238
 10
1781213.68680963
 20
-980065.4099496282
 10
1781198.498538407
 20
-979465.6014128954
  0
LWPOLYLINE
  5
C57EF
102
{ACAD_REACTORS
330
C5A45
102
}
330
2
100
AcDbEntity
  8
柱
 62
     8
100
AcDbPolyline
 90
        4
 70
     1
 43
50.0
 10
1781651.545107854
 20
-974167.3298979827
 10
1781666.71348613
 20
-974766.3528312058
 10
1781066.925645686
 20
-974782.326685596
 10
1781051.737374463
 20
-974182.5181488632
  0
LINE
  5
C57F0
330
2
100
AcDbEntity
  8
SHADE
 62
     8
 48
0.1
100
AcDbLine
 10
1781168.378110811
 20
-978276.0987144898
 30
0.0000000001339773
 11
1778478.576085679
 21
-978369.320358615
 31
0.0000000001897888
  0
LINE
  5
C57F1
330
2
100
AcDbEntity
  8
SHADE
 62
     8
 48
0.1
100
AcDbLine
 10
1781165.846625551
 20
-978176.1264104072
 30
0.0000000001655423
 11
1778402.922300748
 21
-978271.8822860236
 31
0.0000000001912867
  0
LINE
  5
C57F2
330
2
100
AcDbEntity
  8
SHADE
 62
     8
 48
0.1
100
AcDbLine
 10
1781163.315140291
 20
-978076.1541063242
 30
0.0000000001364898
 11
1778327.268515815
 21
-978174.4442134321
 31
0.0000000001914537
  0
LWPOLYLINE
  5
C57F3
330
2
100
AcDbEntity
  8
SHADE
 62
     8
 48
0.1
100
AcDbPolyline
 90
        2
 70
     0
 43
0.0
 10
1781061.415378289
 20
-974564.7176255191
 42
0.0014802240284053
 10
1775615.45742907
 20
-974727.7151796684
1001
LHB_YJ
1071
     4321
1002
{
1011
1841303.398629572
1021
-987122.0292291654
1031
0.0000000000595905
1011
1741379.579988306
1021
-983219.4059882658
1031
0.0000000000595905
1011
1653188.041695878
1021
-999358.820035446
1031
0.0000000000595905
1011
1554611.887240463
1021
-1016173.747118134
1031
0.0000000000595905
1041
188853.1508868336
1041
907999.9999999994
1011
1805867.579600773
1021
-1894430.302491241
1031
0.0000000000595905
1002
}
1071
     1234
1002
{
1000
436BE
1000
43606
1000
436BF
1040
9633.803217036066
1040
9822.6563679229
1000
HY6
1000
YH6
1002
}
1071
     1111
1002
{
1000
402D2
1002
}
  0
LWPOLYLINE
  5
C57F4
330
2
100
AcDbEntity
  8
SHADE
 62
     8
 48
0.1
100
AcDbPolyline
 90
        2
 70
     0
 43
0.0
 10
1781058.883999721
 20
-974464.7495348534
 42
0.0015006715084154
 10
1775537.103890452
 20
-974630.2414743602
1001
LHB_YJ
1071
     4321
1002
{
1011
1841303.398629572
1021
-987122.0292291654
1031
0.0000000000595905
1011
1741379.579988306
1021
-983219.4059882658
1031
0.0000000000595905
1011
1653188.041695878
1021
-999358.820035446
1031
0.0000000000595905
1011
1554611.887240463
1021
-1016173.747118134
1031
0.0000000000595905
1041
188853.1508868336
1041
907999.9999999994
1011
1805867.579600773
1021
-1894430.302491241
1031
0.0000000000595905
1002
}
1071
     1234
1002
{
1000
436BE
1000
43606
1000
436BF
1040
9633.803217036066
1040
9822.6563679229
1000
HY6
1000
YH6
1002
}
1071
     1111
1002
{
1000
402D2
1002
}
  0
LWPOLYLINE
  5
C57F5
330
2
100
AcDbEntity
  8
SHADE
 62
     8
 48
0.1
100
AcDbPolyline
 90
        2
 70
     0
 43
0.0
 10
1781056.352621153
 20
-974364.7814442178
 42
0.0015211132965672
 10
1775458.755153058
 20
-974532.7737418924
1001
LHB_YJ
1071
     4321
1002
{
1011
1841303.398629572
1021
-987122.0292291654
1031
0.0000000000595905
1011
1741379.579988306
1021
-983219.4059882658
1031
0.0000000000595905
1011
1653188.041695878
1021
-999358.820035446
1031
0.0000000000595905
1011
1554611.887240463
1021
-1016173.747118134
1031
0.0000000000595905
1041
188853.1508868336
1041
907999.9999999994
1011
1805867.579600773
1021
-1894430.302491241
1031
0.0000000000595905
1002
}
1071
     1234
1002
{
1000
436BE
1000
43606
1000
436BF
1040
9633.803217036066
1040
9822.6563679229
1000
HY6
1000
YH6
1002
}
1071
     1111
1002
{
1000
402D2
1002
}
  0
LWPOLYLINE
  5
C57F6
102
{ACAD_REACTORS
330
C5A45
102
}
330
2
100
AcDbEntity
  8
柱
 62
     8
100
AcDbPolyline
 90
        4
 70
     1
 43
50.0
 10
1782074.226538264
 20
-990346.9351468548
 10
1782089.394916539
 20
-990945.9580800778
 10
1781489.607076095
 20
-990961.931934468
 10
1781474.418804872
 20
-990362.1233977356
  0
LWPOLYLINE
  5
C57F7
102
{ACAD_REACTORS
330
C5A45
102
}
330
2
100
AcDbEntity
  8
柱
 62
     8
100
AcDbPolyline
 90
        4
 70
     1
 43
50.0
 10
1782036.255860092
 20
-988847.413800412
 10
1782051.424238366
 20
-989446.4367336351
 10
1781451.636397924
 20
-989462.4105880253
 10
1781436.448126701
 20
-988862.6020512925
  0
LWPOLYLINE
  5
C57F8
102
{ACAD_REACTORS
330
C5A45
102
}
330
2
100
AcDbEntity
  8
柱
 62
     8
100
AcDbPolyline
 90
        4
 70
     1
 43
50.0
 10
1782170.400261159
 20
-994142.9235851984
 10
1782185.568639435
 20
-994741.9465184216
 10
1781585.780798992
 20
-994757.9203728118
 10
1781570.592527769
 20
-994158.111836079
  0
LINE
  5
C57F9
330
2
100
AcDbEntity
  8
SHADE
 62
     8
100
AcDbLine
 10
1781482.260920748
 20
-990671.8207937654
 30
0.0000000001381606
 11
1775349.87892433
 21
-990884.353437671
 31
0.0000000001953009
  0
LINE
  5
C57FA
330
2
100
AcDbEntity
  8
SHADE
 62
     8
100
AcDbLine
 10
1781484.792406007
 20
-990771.7930978482
 30
0.0000000000746856
 11
1775428.13142193
 21
-990981.7014455243
 31
0.0000000001962116
  0
LINE
  5
C57FB
330
2
100
AcDbEntity
  8
SHADE
 62
     8
100
AcDbLine
 10
1781487.323891267
 20
-990871.7654019312
 30
0.000000000138178
 11
1775506.383919529
 21
-991079.0494533776
 31
0.0000000001939072
  0
ARC
  5
C57FC
330
2
100
AcDbEntity
  8
车站
 62
     8
 48
0.1
100
AcDbCircle
 10
1805567.759609319
 20
-1894440.693483729
 30
0.0
 40
899999.9999999999
100
AcDbArc
 50
90.20690187405401
 51
91.72453046341262
1001
LHB_YJ
1071
     4321
1002
{
1011
1841003.578638115
1021
-987132.4202216534
1031
0.0
1011
1741079.75999685
1021
-983229.7969807538
1031
0.0
1011
1652888.221704422
1021
-999369.211027934
1031
0.0
1011
1554312.067249007
1021
-1016184.138110622
1031
0.0
1041
188853.1508868336
1041
907999.9999999994
1011
1805567.759609317
1021
-1894440.693483729
1031
0.0
1002
}
1071
     1234
1002
{
1000
436BE
1000
43606
1000
436BF
1040
9633.803217036066
1040
9822.6563679229
1000
HY6
1000
YH6
1002
}
1071
     1111
1002
{
1000
402D2
1002
}
  0
LINE
  5
C5835
330
2
100
AcDbEntity
  8
SHADE
 62
     8
100
AcDbLine
 10
1829613.095444329
 20
-992771.6896742352
 30
0.0
 11
1829564.604146043
 21
-994170.8496343514
 31
0.0
  0
LINE
  5
C5836
330
2
100
AcDbEntity
  8
SHADE
 62
     8
100
AcDbLine
 10
1781115.269086426
 20
-976176.6785151266
 30
-0.0000000000338541
 11
1781066.777788149
 21
-974777.5185550104
 31
-0.0000000000338541
  0
LINE
  5
C5837
330
2
100
AcDbEntity
  8
SHADE
 62
     8
100
AcDbLine
 10
1781522.423774303
 20
-992771.6896742352
 30
0.0
 11
1781570.915072589
 21
-994170.8496343514
 31
0.0
  0
LINE
  5
C5873
330
2
100
AcDbEntity
  8
车站
 62
     8
 48
0.1
100
AcDbLine
 10
1781489.597129622
 20
-990961.5391327132
 30
0.0000000000586303
 11
1781160.527860235
 21
-977966.0800664529
 31
0.0000000000594736
  0
LINE
  5
C5874
330
2
100
AcDbEntity
  8
车站
 62
     8
 48
0.1
100
AcDbLine
 10
1829645.912142535
 20
-990961.931934468
 30
0.0000000000586303
 11
1829974.991358396
 21
-977966.0800664524
 31
0.0000000000594736
  0
INSERT
  5
C5881
330
2
100
AcDbEntity
  8
SHADE
  6
CONTINOUS
 62
     8
 48
5.0
100
AcDbBlockReference
 66
     1
  2
_SECTION
 10
1774568.144153358
 20
-990135.8273568284
 30
0.0
 41
-500.0000000001245
 42
500.0
 43
500.0
 50
271.8096816022236
  0
ATTRIB
  5
C5882
330
C5881
100
AcDbEntity
  8
0
100
AcDbText
 10
1774297.894625336
 20
-988878.9447423482
 30
0.0
 40
500.0
  1
A
 50
358.0
  7
COMP
 72
     4
 11
1774520.77467673
 21
-988636.5754991726
 31
0.0
100
AcDbAttribute
  2
A
 70
     0
280
     0
 71
     1
 72
     0
 11
1774520.77467673
 21
-988636.5754991726
 31
0.0
  0
SEQEND
  5
C5883
330
C5881
100
AcDbEntity
  8
SHADE
  6
CONTINOUS
  0
INSERT
  5
C5884
330
2
100
AcDbEntity
  8
SHADE
  6
CONTINOUS
 62
     8
 48
5.0
100
AcDbBlockReference
 66
     1
  2
_SECTION
 10
1774568.144153358
 20
-992204.1436680704
 30
0.0
 41
-500.0000000001245
 42
500.0
 43
500.0
 50
271.8096816022236
  0
ATTRIB
  5
C5885
330
C5884
100
AcDbEntity
  8
0
100
AcDbText
 10
1774309.792135182
 20
-990947.6765237892
 30
0.0
 40
500.0
  1
B
 50
358.0
  7
COMP
 72
     4
 11
1774520.77467673
 21
-990704.8918104146
 31
0.0
100
AcDbAttribute
  2
A
 70
     0
280
     0
 71
     1
 72
     0
 11
1774520.77467673
 21
-990704.8918104146
 31
0.0
  0
SEQEND
  5
C5886
330
C5884
100
AcDbEntity
  8
SHADE
  6
CONTINOUS
  0
INSERT
  5
C5887
330
2
100
AcDbEntity
  8
SHADE
  6
CONTINOUS
 62
     8
 48
5.0
100
AcDbBlockReference
 66
     1
  2
_SECTION
 10
1836567.375065274
 20
-990135.8273568284
 30
0.0
 41
500.0000000001245
 42
500.0
 43
500.0
 50
88.19031839777645
  0
ATTRIB
  5
C5888
330
C5887
100
AcDbEntity
  8
0
100
AcDbText
 10
1836409.314238859
 20
-988893.9016695064
 30
0.0
 40
500.0
  1
A
 50
1.999999999999993
  7
COMP
 72
     4
 11
1836614.744541902
 21
-988636.5754991726
 31
0.0
100
AcDbAttribute
  2
A
 70
     0
280
     0
 71
     1
 72
     0
 11
1836614.744541902
 21
-988636.5754991726
 31
0.0
  0
SEQEND
  5
C5889
330
C5887
100
AcDbEntity
  8
SHADE
  6
CONTINOUS
  0
INSERT
  5
C588A
330
2
100
AcDbEntity
  8
SHADE
  6
CONTINOUS
 62
     8
 48
5.0
100
AcDbBlockReference
 66
     1
  2
_SECTION
 10
1836567.375065274
 20
-992204.1436680704
 30
0.0
 41
500.0000000001245
 42
500.0
 43
500.0
 50
88.19031839777645
  0
ATTRIB
  5
C588B
330
C588A
100
AcDbEntity
  8
0
100
AcDbText
 10
1836421.211748704
 20
-990961.8025105495
 30
0.0
 40
500.0
  1
B
 50
1.999999999999993
  7
COMP
 72
     4
 11
1836614.744541902
 21
-990704.8918104146
 31
0.0
100
AcDbAttribute
  2
A
 70
     0
280
     0
 71
     1
 72
     0
 11
1836614.744541902
 21
-990704.8918104146
 31
0.0
  0
SEQEND
  5
C588C
330
C588A
100
AcDbEntity
  8
SHADE
  6
CONTINOUS
  0
TEXT
  5
C5A05
330
2
100
AcDbEntity
  8
SHADE
  6
CONTINOUS
 62
     8
 48
5.0
100
AcDbText
 10
1773654.110789253
 20
-998650.2542125904
 30
0.0
 40
700.0
  1
N
 50
358.0383928285193
  7
黑体
 72
     1
 11
1773907.069809982
 21
-998658.9180303864
 31
0.0
100
AcDbText
  0
INSERT
  5
C5A06
330
2
100
AcDbEntity
  8
SHADE
  6
CONTINOUS
 62
     8
 48
5.0
100
AcDbBlockReference
  2
_NORTH
 10
1775307.596252659
 20
-999744.4083684004
 30
0.0
 50
131.8840387457449
  0
LINE
  5
C5A12
330
2
100
AcDbEntity
  8
孔洞梁板
 62
     8
100
AcDbLine
 10
1801467.759609315
 20
-974440.6934837286
 30
0.0
 11
1801467.759609316
 21
-975240.6934837286
 31
0.0
  0
LINE
  5
C5A13
330
2
100
AcDbEntity
  8
孔洞梁板
 62
     8
100
AcDbLine
 10
1800967.759609315
 20
-974440.693483729
 30
0.0
 11
1800967.759609316
 21
-975240.693483729
 31
0.0
  0
LWPOLYLINE
  5
C5A14
330
2
100
AcDbEntity
  8
孔洞梁板
 62
     8
100
AcDbPolyline
 90
        3
 70
     0
 43
0.0
 10
1802017.759609312
 20
-974440.6934837298
 10
1801666.372846606
 20
-974613.8149542668
 10
1801467.759609311
 20
-975240.6934837298
  0
LINE
  5
C5A15
330
2
100
AcDbEntity
  8
孔洞梁板
 62
     8
100
AcDbLine
 10
1809667.759609315
 20
-974440.6934837286
 30
0.0
 11
1809667.759609315
 21
-975940.6934837282
 31
0.0
  0
LINE
  5
C5A16
330
2
100
AcDbEntity
  8
孔洞梁板
 62
     8
100
AcDbLine
 10
1810167.759609315
 20
-974440.693483729
 30
0.0
 11
1810167.759609315
 21
-975940.6934837282
 31
0.0
  0
LWPOLYLINE
  5
C5A17
330
2
100
AcDbEntity
  8
孔洞梁板
 62
     8
100
AcDbPolyline
 90
        3
 70
     0
 43
0.0
 10
1810717.759609315
 20
-974440.6934837284
 10
1810363.355810861
 20
-974680.5587610462
 10
1810167.759609315
 20
-975940.693483729
  0
LWPOLYLINE
  5
C5A18
330
2
100
AcDbEntity
  8
孔洞梁板
 62
     8
100
AcDbPolyline
 90
        3
 70
     0
 43
0.0
 10
1809667.759609315
 20
-992340.693483729
 10
1809263.355810861
 20
-992580.5587610469
 10
1809117.759609315
 20
-993840.6934837296
  0
LWPOLYLINE
  5
C5A19
330
2
100
AcDbEntity
  8
孔洞梁板
 62
     8
100
AcDbPolyline
 90
        3
 70
     0
 43
0.0
 10
1800967.75960932
 20
-993040.6934837291
 10
1800566.372846613
 20
-993213.814954266
 10
1800417.759609319
 20
-993840.6934837291
  0
LINE
  5
C5A1A
330
2
100
AcDbEntity
  8
孔洞梁板
 62
     8
100
AcDbLine
 10
1801467.759609319
 20
-993040.6934837282
 30
0.0
 11
1801467.75960932
 21
-993840.6934837282
 31
0.0
  0
LINE
  5
C5A1B
330
2
100
AcDbEntity
  8
孔洞梁板
 62
     8
100
AcDbLine
 10
1800967.759609319
 20
-993040.6934837286
 30
0.0
 11
1800967.75960932
 21
-993840.6934837284
 31
0.0
  0
LWPOLYLINE
  5
C5A1C
330
2
100
AcDbEntity
  8
孔洞梁板
 62
     8
100
AcDbPolyline
 90
        3
 70
     0
 43
0.0
 10
1802017.759609316
 20
-993040.6934837291
 10
1801666.372846609
 20
-993213.8149542662
 10
1801467.759609315
 20
-993840.6934837291
  0
LINE
  5
C5A1D
330
2
100
AcDbEntity
  8
孔洞梁板
 62
     8
100
AcDbLine
 10
1809667.759609315
 20
-992340.6934837298
 30
0.0
 11
1809667.759609315
 21
-993840.6934837291
 31
0.0
  0
LINE
  5
C5A1E
330
2
100
AcDbEntity
  8
孔洞梁板
 62
     8
100
AcDbLine
 10
1810167.759609315
 20
-992340.69348373
 30
0.0
 11
1810167.759609315
 21
-993840.6934837291
 31
0.0
  0
LWPOLYLINE
  5
C5A1F
330
2
100
AcDbEntity
  8
孔洞梁板
 62
     8
100
AcDbPolyline
 90
        3
 70
     0
 43
0.0
 10
1810717.759609315
 20
-992340.6934837291
 10
1810363.355810861
 20
-992580.5587610472
 10
1810167.759609315
 20
-993840.69348373
  0
LINE
  5
C5A22
330
2
100
AcDbEntity
  8
孔洞梁板
 62
     8
100
AcDbLine
 10
1809767.759609315
 20
-993640.6934837291
 30
-0.0000000000345844
 11
1809767.759609315
 21
-993840.6934837291
 31
0.0
  0
LINE
  5
C5A23
330
2
100
AcDbEntity
  8
孔洞梁板
 62
     8
100
AcDbLine
 10
1810067.759609315
 20
-993640.6934837298
 30
-0.000000000003144
 11
1810067.759609315
 21
-993840.6934837291
 31
0.0
  0
LINE
  5
C5A24
330
2
100
AcDbEntity
  8
孔洞梁板
 62
     8
100
AcDbLine
 10
1809767.759609315
 20
-993640.6934837291
 30
-0.0000000000345844
 11
1810067.759609315
 21
-993640.6934837298
 31
-0.0000000001498659
  0
LINE
  5
C5A25
330
2
100
AcDbEntity
  8
孔洞梁板
 62
     8
100
AcDbLine
 10
1809767.759609315
 20
-993690.6934837291
 30
-0.0000000000345844
 11
1810067.759609314
 21
-993690.6934837298
 31
-0.0000000001498659
  0
LINE
  5
C5A26
330
2
100
AcDbEntity
  8
孔洞梁板
 62
     8
100
AcDbLine
 10
1801367.759609315
 20
-993640.6934837291
 30
-0.0000000000345844
 11
1801367.759609315
 21
-993840.6934837291
 31
0.0
  0
LINE
  5
C5A27
330
2
100
AcDbEntity
  8
孔洞梁板
 62
     8
100
AcDbLine
 10
1801067.759609315
 20
-993640.6934837298
 30
-0.000000000003144
 11
1801067.759609315
 21
-993840.6934837291
 31
0.0
  0
LINE
  5
C5A28
330
2
100
AcDbEntity
  8
孔洞梁板
 62
     8
100
AcDbLine
 10
1801367.759609315
 20
-993640.6934837291
 30
-0.0000000000345844
 11
1801067.759609315
 21
-993640.6934837298
 31
-0.0000000001498659
  0
LINE
  5
C5A29
330
2
100
AcDbEntity
  8
孔洞梁板
 62
     8
100
AcDbLine
 10
1801367.759609315
 20
-993690.6934837291
 30
-0.0000000000345844
 11
1801067.759609316
 21
-993690.6934837298
 31
-0.0000000001498659
  0
LINE
  5
C5A2A
330
2
100
AcDbEntity
  8
孔洞梁板
 62
     8
100
AcDbLine
 10
1809767.759609315
 20
-974640.6934837284
 30
-0.0000000000345844
 11
1809767.759609315
 21
-974440.6934837284
 31
0.0
  0
LINE
  5
C5A2B
330
2
100
AcDbEntity
  8
孔洞梁板
 62
     8
100
AcDbLine
 10
1810067.759609315
 20
-974640.6934837278
 30
-0.000000000003144
 11
1810067.759609315
 21
-974440.6934837284
 31
0.0
  0
LINE
  5
C5A2C
330
2
100
AcDbEntity
  8
孔洞梁板
 62
     8
100
AcDbLine
 10
1809767.759609315
 20
-974640.6934837284
 30
-0.0000000000345844
 11
1810067.759609315
 21
-974640.6934837278
 31
-0.0000000001498659
  0
LINE
  5
C5A2D
330
2
100
AcDbEntity
  8
孔洞梁板
 62
     8
100
AcDbLine
 10
1809767.759609315
 20
-974590.6934837284
 30
-0.0000000000345844
 11
1810067.759609314
 21
-974590.6934837278
 31
-0.0000000001498659
  0
LINE
  5
C5A2E
330
2
100
AcDbEntity
  8
孔洞梁板
 62
     8
100
AcDbLine
 10
1801367.759609315
 20
-974640.6934837284
 30
-0.0000000000345844
 11
1801367.759609315
 21
-974440.6934837284
 31
0.0
  0
LINE
  5
C5A2F
330
2
100
AcDbEntity
  8
孔洞梁板
 62
     8
100
AcDbLine
 10
1801067.759609315
 20
-974640.6934837278
 30
-0.000000000003144
 11
1801067.759609315
 21
-974440.6934837284
 31
0.0
  0
LINE
  5
C5A30
330
2
100
AcDbEntity
  8
孔洞梁板
 62
     8
100
AcDbLine
 10
1801367.759609315
 20
-974640.6934837284
 30
-0.0000000000345844
 11
1801067.759609315
 21
-974640.6934837278
 31
-0.0000000001498659
  0
LINE
  5
C5A31
330
2
100
AcDbEntity
  8
孔洞梁板
 62
     8
100
AcDbLine
 10
1801367.759609315
 20
-974590.6934837284
 30
-0.0000000000345844
 11
1801067.759609316
 21
-974590.6934837278
 31
-0.0000000001498659
  0
LINE
  5
C5A3F
330
2
100
AcDbEntity
  8
SHADE
  6
DASH8
 62
     8
 48
0.2
100
AcDbLine
 10
1808567.759609317
 20
-993801.200236335
 30
0.0
 11
1802567.759609315
 21
-993801.2002344735
 31
0.0
  0
TEXT
  5
C5A40
330
2
100
AcDbEntity
  8
TEXT
  6
CONTINOUS
 62
     8
100
AcDbText
 10
1804522.701363121
 20
-994145.885425796
 30
-0.0000000002234746
 40
350.0
  1
JM6024
 41
0.7
  7
标注
100
AcDbText
  0
LWPOLYLINE
  5
C5A41
102
{ACAD_REACTORS
330
C5A4A
102
}
330
2
100
AcDbEntity
  8
柱
  6
CONTINOUS
 62
     8
100
AcDbPolyline
 90
       13
 70
     1
 43
100.0
 10
1814095.744500072
 20
-984680.054459432
 10
1813897.392236544
 20
-984478.420187659
 10
1813902.315248912
 20
-983878.4403847082
 10
1814103.949520684
 20
-983680.0881211804
 10
1814112.154541295
 20
-982680.1217829286
 10
1812412.211766268
 20
-982666.1732478882
 10
1812404.006745655
 20
-983666.13958614
 10
1812602.359009183
 20
-983867.7738579126
 10
1812597.435996817
 20
-984467.7536608638
 10
1812395.801725044
 20
-984666.1059243918
 10
1812387.596704432
 20
-985666.0722626436
 10
1814087.539479461
 20
-985680.020797684
 10
1814095.744500072
 20
-984680.0544594323
  0
LWPOLYLINE
  5
C5A42
102
{ACAD_REACTORS
330
C5A4A
102
}
330
2
100
AcDbEntity
  8
柱
  6
CONTINOUS
 62
     8
100
AcDbPolyline
 90
       24
 70
     1
 43
100.0
 10
1829447.938909941
 20
-984953.75044115
 10
1829267.335005938
 20
-984763.7624591755
 42
-0.1989123673795119
 10
1829253.590014063
 20
-984728.0477382274
 10
1829267.729735026
 20
-984169.6480878348
 42
-0.1989123673796081
 10
1829283.264679433
 20
-984134.6747895014
 10
1829458.241981958
 20
-983968.3401423338
 42
0.1989123673796732
 10
1829473.776926366
 20
-983933.3668440006
 10
1829497.300725301
 20
-983004.3753076304
 42
0.4142135623727688
 10
1829448.582435091
 20
-982953.1256422746
 10
1827849.09514605
 20
-982912.6236399278
 42
0.4142135623731174
 10
1827797.845480694
 20
-982961.341930137
 10
1827774.321681759
 20
-983890.3334665066
 42
0.1989123673795968
 10
1827788.066673634
 20
-983926.0481874548
 10
1827954.401320803
 20
-984101.0254899802
 42
-0.1989123673798577
 10
1827968.14631268
 20
-984136.7402109283
 10
1827954.006591716
 20
-984695.139861321
 42
-0.198912367379164
 10
1827938.471647309
 20
-984730.1131596544
 10
1827763.494344783
 20
-984896.447806822
 42
0.1989123673795088
 10
1827747.959400376
 20
-984931.4211051553
 10
1827724.435601441
 20
-985860.4126415252
 42
0.4142135623729207
 10
1827773.15389165
 20
-985911.662306881
 10
1829372.641180692
 20
-985952.1643092276
 42
0.4142135623732423
 10
1829423.890846047
 20
-985903.4460190184
 10
1829447.938909941
 20
-984953.7504411502
  0
LWPOLYLINE
  5
C5A43
102
{ACAD_REACTORS
330
C5A4A
102
}
330
2
100
AcDbEntity
  8
柱
  6
CONTINOUS
 62
     8
100
AcDbPolyline
 90
       13
 70
     1
 43
100.0
 10
1797039.77471856
 20
-984680.054459432
 10
1797238.126982088
 20
-984478.420187659
 10
1797233.20396972
 20
-983878.4403847082
 10
1797031.569697948
 20
-983680.0881211804
 10
1797023.364677336
 20
-982680.1217829286
 10
1798723.307452364
 20
-982666.1732478882
 10
1798731.512472976
 20
-983666.13958614
 10
1798533.160209448
 20
-983867.7738579126
 10
1798538.083221815
 20
-984467.7536608638
 10
1798739.717493588
 20
-984666.1059243918
 10
1798747.9225142
 20
-985666.0722626436
 10
1797047.979739171
 20
-985680.020797684
 10
1797039.77471856
 20
-984680.0544594323
  0
LWPOLYLINE
  5
C5A44
102
{ACAD_REACTORS
330
C5A4A
102
}
330
2
100
AcDbEntity
  8
柱
  6
CONTINOUS
 62
     8
100
AcDbPolyline
 90
       24
 70
     1
 43
100.0
 10
1781687.580308691
 20
-984953.75044115
 10
1781868.184212693
 20
-984763.7624591755
 42
0.1989123673795119
 10
1781881.929204569
 20
-984728.0477382274
 10
1781867.789483606
 20
-984169.6480878348
 42
0.1989123673796081
 10
1781852.254539199
 20
-984134.6747895014
 10
1781677.277236673
 20
-983968.3401423338
 42
-0.1989123673796732
 10
1781661.742292266
 20
-983933.3668440006
 10
1781638.218493331
 20
-983004.3753076304
 42
-0.4142135623727688
 10
1781686.93678354
 20
-982953.1256422746
 10
1783286.424072582
 20
-982912.6236399278
 42
-0.4142135623731174
 10
1783337.673737938
 20
-982961.341930137
 10
1783361.197536873
 20
-983890.3334665066
 42
-0.1989123673795968
 10
1783347.452544998
 20
-983926.0481874548
 10
1783181.117897828
 20
-984101.0254899802
 42
0.1989123673798577
 10
1783167.372905952
 20
-984136.7402109283
 10
1783181.512626916
 20
-984695.139861321
 42
0.198912367379164
 10
1783197.047571323
 20
-984730.1131596544
 10
1783372.024873848
 20
-984896.447806822
 42
-0.1989123673795088
 10
1783387.559818256
 20
-984931.4211051553
 10
1783411.083617191
 20
-985860.4126415252
 42
-0.4142135623729207
 10
1783362.365326981
 20
-985911.662306881
 10
1781762.87803794
 20
-985952.1643092276
 42
-0.4142135623732423
 10
1781711.628372585
 20
-985903.4460190184
 10
1781687.580308691
 20
-984953.7504411502
  0
HATCH
  5
C5A45
330
2
100
AcDbEntity
  8
HATCH
 62
     8
100
AcDbHatch
 10
0.0
 20
0.0
 30
0.0
210
0.0
220
0.0
230
1.0
  2
SOLID
 70
     1
 71
     1
 91
        6
 92
        1
 93
        4
 72
     1
 10
1781651.545107854
 20
-974167.3298979827
 11
1781666.71348613
 21
-974766.3528312058
 72
     1
 10
1781666.71348613
 20
-974766.3528312058
 11
1781066.925645686
 21
-974782.326685596
 72
     1
 10
1781066.925645686
 20
-974782.326685596
 11
1781051.737374463
 21
-974182.5181488632
 72
     1
 10
1781051.737374463
 20
-974182.5181488632
 11
1781651.545107854
 21
-974167.3298979827
 97
        1
330
C57EF
 92
        1
 93
        4
 72
     1
 10
1781760.335593625
 20
-977950.8918155722
 11
1781775.503971901
 21
-978549.9147487952
 72
     1
 10
1781775.503971901
 20
-978549.9147487952
 11
1781175.716131457
 21
-978565.8886031854
 72
     1
 10
1781175.716131457
 20
-978565.8886031854
 11
1781160.527860235
 21
-977966.0800664529
 72
     1
 10
1781160.527860235
 20
-977966.0800664529
 11
1781760.335593625
 21
-977950.8918155722
 97
        1
330
C57ED
 92
        1
 93
        4
 72
     1
 10
1781798.306271798
 20
-979450.4131620148
 11
1781813.474650073
 21
-980049.436095238
 72
     1
 10
1781813.474650073
 20
-980049.436095238
 11
1781213.68680963
 21
-980065.4099496282
 72
     1
 10
1781213.68680963
 20
-980065.4099496282
 11
1781198.498538407
 21
-979465.6014128954
 72
     1
 10
1781198.498538407
 20
-979465.6014128954
 11
1781798.306271798
 21
-979450.4131620148
 97
        1
330
C57EE
 92
        1
 93
        4
 72
     1
 10
1782170.400261159
 20
-994142.9235851984
 11
1782185.568639435
 21
-994741.9465184216
 72
     1
 10
1782185.568639435
 20
-994741.9465184216
 11
1781585.780798992
 21
-994757.9203728118
 72
     1
 10
1781585.780798992
 20
-994757.9203728118
 11
1781570.592527769
 21
-994158.111836079
 72
     1
 10
1781570.592527769
 20
-994158.111836079
 11
1782170.400261159
 21
-994142.9235851984
 97
        1
330
C57F8
 92
        1
 93
        4
 72
     1
 10
1782074.226538264
 20
-990346.9351468548
 11
1782089.394916539
 21
-990945.9580800778
 72
     1
 10
1782089.394916539
 20
-990945.9580800778
 11
1781489.607076095
 21
-990961.931934468
 72
     1
 10
1781489.607076095
 20
-990961.931934468
 11
1781474.418804872
 21
-990362.1233977356
 72
     1
 10
1781474.418804872
 20
-990362.1233977356
 11
1782074.226538264
 21
-990346.9351468548
 97
        1
330
C57F6
 92
        1
 93
        4
 72
     1
 10
1782036.255860092
 20
-988847.413800412
 11
1782051.424238366
 21
-989446.4367336351
 72
     1
 10
1782051.424238366
 20
-989446.4367336351
 11
1781451.636397924
 21
-989462.4105880253
 72
     1
 10
1781451.636397924
 20
-989462.4105880253
 11
1781436.448126701
 21
-988862.6020512925
 72
     1
 10
1781436.448126701
 20
-988862.6020512925
 11
1782036.255860092
 21
-988847.413800412
 97
        1
330
C57F7
 75
     1
 76
     1
 98
        1
 10
-1105494.283172769
 20
-599859.0783452301
  0
HATCH
  5
C5A46
330
2
100
AcDbEntity
  8
HATCH
 62
     8
100
AcDbHatch
 10
0.0
 20
0.0
 30
0.0
210
0.0
220
0.0
230
1.0
  2
SOLID
 70
     1
 71
     1
 91
        6
 92
        1
 93
        4
 72
     1
 10
1829476.015838555
 20
-974164.7121789848
 11
1829460.847460281
 21
-974763.735112208
 72
     1
 10
1829460.847460281
 20
-974763.735112208
 11
1830060.635300724
 21
-974779.7089665981
 72
     1
 10
1830060.635300724
 20
-974779.7089665981
 11
1830075.823571947
 21
-974179.9004298653
 72
     1
 10
1830075.823571947
 20
-974179.9004298653
 11
1829476.015838555
 21
-974164.7121789848
 97
        1
330
C5773
 92
        1
 93
        4
 72
     1
 10
1829375.183625006
 20
-977950.891815572
 11
1829360.01524673
 21
-978549.9147487952
 72
     1
 10
1829360.01524673
 20
-978549.9147487952
 11
1829959.803087174
 21
-978565.8886031854
 72
     1
 10
1829959.803087174
 20
-978565.8886031854
 11
1829974.991358397
 21
-977966.0800664526
 72
     1
 10
1829974.991358397
 20
-977966.0800664526
 11
1829375.183625006
 21
-977950.891815572
 97
        1
330
C5771
 92
        1
 93
        4
 72
     1
 10
1829337.212946833
 20
-979450.4131620148
 11
1829322.044568559
 21
-980049.4360952378
 72
     1
 10
1829322.044568559
 20
-980049.4360952378
 11
1829921.832409001
 21
-980065.409949628
 72
     1
 10
1829921.832409001
 20
-980065.409949628
 11
1829937.020680224
 21
-979465.6014128954
 72
     1
 10
1829937.020680224
 20
-979465.6014128954
 11
1829337.212946833
 21
-979450.4131620148
 97
        1
330
C5772
 92
        1
 93
        4
 72
     1
 10
1829099.263358538
 20
-988847.413800412
 11
1829084.094980264
 21
-989446.4367336351
 72
     1
 10
1829084.094980264
 20
-989446.4367336351
 11
1829683.882820707
 21
-989462.4105880253
 72
     1
 10
1829683.882820707
 20
-989462.4105880253
 11
1829699.07109193
 21
-988862.6020512925
 72
     1
 10
1829699.07109193
 20
-988862.6020512925
 11
1829099.263358538
 21
-988847.413800412
 97
        1
330
C577B
 92
        1
 93
        4
 72
     1
 10
1829061.292680367
 20
-990346.9351468548
 11
1829046.124302091
 21
-990945.9580800778
 72
     1
 10
1829046.124302091
 20
-990945.9580800778
 11
1829645.912142535
 21
-990961.931934468
 72
     1
 10
1829645.912142535
 20
-990961.931934468
 11
1829661.100413758
 21
-990362.1233977354
 72
     1
 10
1829661.100413758
 20
-990362.1233977354
 11
1829061.292680367
 21
-990346.9351468548
 97
        1
330
C577A
 92
        1
 93
        4
 72
     1
 10
1828965.100291754
 20
-994145.722712243
 11
1828949.931913479
 21
-994744.7456454661
 72
     1
 10
1828949.931913479
 20
-994744.7456454661
 11
1829549.719753922
 21
-994760.7194998564
 72
     1
 10
1829549.719753922
 20
-994760.7194998564
 11
1829564.908025145
 21
-994160.9109631235
 72
     1
 10
1829564.908025145
 20
-994160.9109631235
 11
1828965.100291754
 21
-994145.722712243
 97
        1
330
C577C
 75
     1
 76
     1
 98
        1
 10
-1105494.283172769
 20
-599859.0783452301
  0
LWPOLYLINE
  5
C5A47
330
2
100
AcDbEntity
  8
SHADE
 62
     8
 48
0.1
100
AcDbPolyline
 90
        2
 70
     0
 43
0.0
 10
1800167.759609316
 20
-994256.890030235
 42
0.0049960949120098
 10
1782180.570046285
 20
-994544.5442729763
1001
LHB_YJ
1071
     4321
1002
{
1011
1841003.578638115
1021
-987132.4202216534
1031
0.0
1011
1741079.75999685
1021
-983229.7969807538
1031
0.0
1011
1652888.221704422
1021
-999369.211027934
1031
0.0
1011
1554312.067249007
1021
-1016184.138110622
1031
0.0
1041
188853.1508868336
1041
907999.9999999994
1011
1805567.759609317
1021
-1894440.693483729
1031
0.0
1002
}
1071
     1234
1002
{
1000
436BE
1000
43606
1000
436BF
1040
9633.803217036066
1040
9822.6563679229
1000
HY6
1000
YH6
1002
}
1071
     1111
1002
{
1000
402D2
1002
}
  0
LWPOLYLINE
  5
C5A48
330
2
100
AcDbEntity
  8
SHADE
 62
     8
 48
0.1
100
AcDbPolyline
 90
        2
 70
     0
 43
0.0
 10
1800167.759609316
 20
-994156.8882311856
 42
0.0049962429861875
 10
1782178.038670576
 20
-994444.5762952116
1001
LHB_YJ
1071
     4321
1002
{
1011
1841003.578638115
1021
-987132.4202216534
1031
0.0
1011
1741079.75999685
1021
-983229.7969807538
1031
0.0
1011
1652888.221704422
1021
-999369.211027934
1031
0.0
1011
1554312.067249007
1021
-1016184.138110622
1031
0.0
1041
188853.1508868336
1041
907999.9999999994
1011
1805567.759609317
1021
-1894440.693483729
1031
0.0
1002
}
1071
     1234
1002
{
1000
436BE
1000
43606
1000
436BF
1040
9633.803217036066
1040
9822.6563679229
1000
HY6
1000
YH6
1002
}
1071
     1111
1002
{
1000
402D2
1002
}
  0
LWPOLYLINE
  5
C5A49
330
2
100
AcDbEntity
  8
SHADE
 62
     8
 48
0.1
100
AcDbPolyline
 90
        2
 70
     0
 43
0.0
 10
1800167.759609316
 20
-994056.8864325364
 42
0.0049963910274731
 10
1782175.507294867
 20
-994344.6083174528
1001
LHB_YJ
1071
     4321
1002
{
1011
1841003.578638115
1021
-987132.4202216534
1031
0.0
1011
1741079.75999685
1021
-983229.7969807538
1031
0.0
1011
1652888.221704422
1021
-999369.211027934
1031
0.0
1011
1554312.067249007
1021
-1016184.138110622
1031
0.0
1041
188853.1508868336
1041
907999.9999999994
1011
1805567.759609317
1021
-1894440.693483729
1031
0.0
1002
}
1071
     1234
1002
{
1000
436BE
1000
43606
1000
436BF
1040
9633.803217036066
1040
9822.6563679229
1000
HY6
1000
YH6
1002
}
1071
     1111
1002
{
1000
402D2
1002
}
  0
HATCH
  5
C5A4A
330
2
100
AcDbEntity
  8
HATCH
 62
     8
100
AcDbHatch
 10
0.0
 20
0.0
 30
0.0
210
0.0
220
0.0
230
1.0
  2
SOLID
 70
     1
 71
     1
 91
        4
 92
        1
 93
       24
 72
     1
 10
1781687.580308691
 20
-984953.75044115
 11
1781868.184212693
 21
-984763.7624591755
 72
     2
 10
1781831.945226786
 20
-984729.3134258013
 40
49.99999999980328
 50
316.4505260644648
 51
1.450526064448526
 73
     1
 72
     1
 10
1781881.929204569
 20
-984728.0477382274
 11
1781867.789483606
 21
-984169.6480878348
 72
     2
 10
1781817.805505824
 20
-984170.913775408
 40
49.99999999998203
 50
1.450526063374884
 51
46.45052606332843
 73
     1
 72
     1
 10
1781852.254539199
 20
-984134.6747895014
 11
1781677.277236673
 21
-983968.3401423338
 72
     2
 10
1781711.726270048
 20
-983932.1011564274
 40
49.99999999994286
 50
133.5494739366715
 51
178.5494739366251
 73
     0
 72
     1
 10
1781661.742292266
 20
-983933.3668440006
 11
1781638.218493331
 21
-983004.3753076304
 72
     2
 10
1781688.202471113
 20
-983003.1096200574
 40
50.00000000021183
 50
178.5494739367652
 51
268.5494739367653
 73
     0
 72
     1
 10
1781686.93678354
 20
-982953.1256422746
 11
1783286.424072582
 21
-982912.6236399278
 72
     2
 10
1783287.689760155
 20
-982962.6076177104
 40
50.00000000010724
 50
268.5494739362284
 51
358.5494739362317
 73
     0
 72
     1
 10
1783337.673737938
 20
-982961.341930137
 11
1783361.197536873
 21
-983890.3334665066
 72
     2
 10
1783311.213559091
 20
-983891.5991540808
 40
49.99999999977285
 50
358.5494739355515
 51
43.54947393553519
 73
     0
 72
     1
 10
1783347.452544998
 20
-983926.0481874548
 11
1783181.117897828
 21
-984101.0254899802
 72
     2
 10
1783217.356883735
 20
-984135.4745233553
 40
49.99999999993869
 50
136.4505260631398
 51
181.4505260632415
 73
     1
 72
     1
 10
1783167.372905952
 20
-984136.7402109283
 11
1783181.512626916
 21
-984695.139861321
 72
     2
 10
1783231.496604698
 20
-984693.8741737478
 40
49.99999999998497
 50
181.4505260635082
 51
226.4505260633284
 73
     1
 72
     1
 10
1783197.047571323
 20
-984730.1131596544
 11
1783372.024873848
 21
-984896.447806822
 72
     2
 10
1783337.575840474
 20
-984932.6867927284
 40
49.99999999978244
 50
313.5494739364783
 51
358.549473936485
 73
     0
 72
     1
 10
1783387.559818256
 20
-984931.4211051553
 11
1783411.083617191
 21
-985860.4126415252
 72
     2
 10
1783361.099639408
 20
-985861.6783290982
 40
50.00000000021478
 50
358.5494739366318
 51
88.54947393676522
 73
     0
 72
     1
 10
1783362.365326981
 20
-985911.662306881
 11
1781762.87803794
 21
-985952.1643092276
 72
     2
 10
1781761.612350367
 20
-985902.1803314452
 40
49.99999999974632
 50
88.54947393675172
 51
178.5494739366184
 73
     0
 72
     1
 10
1781711.628372585
 20
-985903.4460190184
 11
1781687.580308691
 21
-984953.7504411502
 72
     1
 10
1781687.580308691
 20
-984953.7504411502
 11
1781687.580308691
 21
-984953.75044115
 97
        1
330
C5A44
 92
        1
 93
       13
 72
     1
 10
1797039.77471856
 20
-984680.054459432
 11
1797238.126982088
 21
-984478.420187659
 72
     1
 10
1797238.126982088
 20
-984478.420187659
 11
1797233.20396972
 21
-983878.4403847082
 72
     1
 10
1797233.20396972
 20
-983878.4403847082
 11
1797031.569697948
 21
-983680.0881211804
 72
     1
 10
1797031.569697948
 20
-983680.0881211804
 11
1797023.364677336
 21
-982680.1217829286
 72
     1
 10
1797023.364677336
 20
-982680.1217829286
 11
1798723.307452364
 21
-982666.1732478882
 72
     1
 10
1798723.307452364
 20
-982666.1732478882
 11
1798731.512472976
 21
-983666.13958614
 72
     1
 10
1798731.512472976
 20
-983666.13958614
 11
1798533.160209448
 21
-983867.7738579126
 72
     1
 10
1798533.160209448
 20
-983867.7738579126
 11
1798538.083221815
 21
-984467.7536608638
 72
     1
 10
1798538.083221815
 20
-984467.7536608638
 11
1798739.717493588
 21
-984666.1059243918
 72
     1
 10
1798739.717493588
 20
-984666.1059243918
 11
1798747.9225142
 21
-985666.0722626436
 72
     1
 10
1798747.9225142
 20
-985666.0722626436
 11
1797047.979739171
 21
-985680.020797684
 72
     1
 10
1797047.979739171
 20
-985680.020797684
 11
1797039.77471856
 21
-984680.0544594323
 72
     1
 10
1797039.77471856
 20
-984680.0544594323
 11
1797039.77471856
 21
-984680.054459432
 97
        1
330
C5A43
 92
        1
 93
       13
 72
     1
 10
1814095.744500072
 20
-984680.054459432
 11
1813897.392236544
 21
-984478.420187659
 72
     1
 10
1813897.392236544
 20
-984478.420187659
 11
1813902.315248912
 21
-983878.4403847082
 72
     1
 10
1813902.315248912
 20
-983878.4403847082
 11
1814103.949520684
 21
-983680.0881211804
 72
     1
 10
1814103.949520684
 20
-983680.0881211804
 11
1814112.154541295
 21
-982680.1217829286
 72
     1
 10
1814112.154541295
 20
-982680.1217829286
 11
1812412.211766268
 21
-982666.1732478882
 72
     1
 10
1812412.211766268
 20
-982666.1732478882
 11
1812404.006745655
 21
-983666.13958614
 72
     1
 10
1812404.006745655
 20
-983666.13958614
 11
1812602.359009183
 21
-983867.7738579126
 72
     1
 10
1812602.359009183
 20
-983867.7738579126
 11
1812597.435996817
 21
-984467.7536608638
 72
     1
 10
1812597.435996817
 20
-984467.7536608638
 11
1812395.801725044
 21
-984666.1059243918
 72
     1
 10
1812395.801725044
 20
-984666.1059243918
 11
1812387.596704432
 21
-985666.0722626436
 72
     1
 10
1812387.596704432
 20
-985666.0722626436
 11
1814087.539479461
 21
-985680.020797684
 72
     1
 10
1814087.539479461
 20
-985680.020797684
 11
1814095.744500072
 21
-984680.0544594323
 72
     1
 10
1814095.744500072
 20
-984680.0544594323
 11
1814095.744500072
 21
-984680.054459432
 97
        1
330
C5A41
 92
        1
 93
       24
 72
     1
 10
1829447.938909941
 20
-984953.75044115
 11
1829267.335005938
 21
-984763.7624591755
 72
     2
 10
1829303.573991845
 20
-984729.3134258013
 40
49.99999999980328
 50
136.4505260644648
 51
181.4505260644485
 73
     0
 72
     1
 10
1829253.590014063
 20
-984728.0477382274
 11
1829267.729735026
 21
-984169.6480878348
 72
     2
 10
1829317.713712808
 20
-984170.913775408
 40
49.99999999998203
 50
181.4505260633749
 51
226.4505260633285
 73
     0
 72
     1
 10
1829283.264679433
 20
-984134.6747895014
 11
1829458.241981958
 21
-983968.3401423338
 72
     2
 10
1829423.792948583
 20
-983932.1011564274
 40
49.99999999994286
 50
313.5494739366716
 51
358.5494739366251
 73
     1
 72
     1
 10
1829473.776926366
 20
-983933.3668440006
 11
1829497.300725301
 21
-983004.3753076304
 72
     2
 10
1829447.316747518
 20
-983003.1096200574
 40
50.00000000021183
 50
358.5494739367653
 51
88.54947393676522
 73
     1
 72
     1
 10
1829448.582435091
 20
-982953.1256422746
 11
1827849.09514605
 21
-982912.6236399278
 72
     2
 10
1827847.829458477
 20
-982962.6076177104
 40
50.00000000010724
 50
88.54947393622842
 51
178.5494739362318
 73
     1
 72
     1
 10
1827797.845480694
 20
-982961.341930137
 11
1827774.321681759
 21
-983890.3334665066
 72
     2
 10
1827824.305659541
 20
-983891.5991540808
 40
49.99999999977285
 50
178.5494739355515
 51
223.5494739355352
 73
     1
 72
     1
 10
1827788.066673634
 20
-983926.0481874548
 11
1827954.401320803
 21
-984101.0254899802
 72
     2
 10
1827918.162334897
 20
-984135.4745233553
 40
49.99999999993869
 50
316.4505260631398
 51
1.450526063241544
 73
     0
 72
     1
 10
1827968.14631268
 20
-984136.7402109283
 11
1827954.006591716
 21
-984695.139861321
 72
     2
 10
1827904.022613934
 20
-984693.8741737478
 40
49.99999999998497
 50
1.450526063508243
 51
46.45052606332845
 73
     0
 72
     1
 10
1827938.471647309
 20
-984730.1131596544
 11
1827763.494344783
 21
-984896.447806822
 72
     2
 10
1827797.943378158
 20
-984932.6867927284
 40
49.99999999978244
 50
133.5494739364782
 51
178.549473936485
 73
     1
 72
     1
 10
1827747.959400376
 20
-984931.4211051553
 11
1827724.435601441
 21
-985860.4126415252
 72
     2
 10
1827774.419579223
 20
-985861.6783290982
 40
50.00000000021478
 50
178.5494739366319
 51
268.5494739367653
 73
     1
 72
     1
 10
1827773.15389165
 20
-985911.662306881
 11
1829372.641180692
 21
-985952.1643092276
 72
     2
 10
1829373.906868265
 20
-985902.1803314452
 40
49.99999999974632
 50
268.5494739367517
 51
358.5494739366183
 73
     1
 72
     1
 10
1829423.890846047
 20
-985903.4460190184
 11
1829447.938909941
 21
-984953.7504411502
 72
     1
 10
1829447.938909941
 20
-984953.7504411502
 11
1829447.938909941
 21
-984953.75044115
 97
        1
330
C5A42
 75
     1
 76
     1
 98
        1
 10
-1105494.283172769
 20
-599859.0783452301
  0
LWPOLYLINE
  5
C5A4B
330
2
100
AcDbEntity
  8
幕墙
 62
     8
100
AcDbPolyline
 90
        6
 70
     0
 43
0.0
 10
1802217.759609315
 20
-993840.6934837291
 10
1802567.759609315
 20
-993840.6934837291
 10
1802567.759609315
 20
-994340.6934837291
 10
1800167.759609316
 20
-994340.6934837291
 10
1800167.759609317
 20
-993840.693483741
 10
1800217.759609315
 20
-993840.693483741
  0
LWPOLYLINE
  5
C5A4C
330
2
100
AcDbEntity
  8
幕墙
 62
     8
100
AcDbPolyline
 90
        6
 70
     0
 43
0.0
 10
1802217.759609315
 20
-993890.6934837291
 10
1802517.759609315
 20
-993890.6934837291
 10
1802517.759609315
 20
-994290.6934837291
 10
1800217.759609316
 20
-994290.6934837291
 10
1800217.759609317
 20
-993890.693483741
 10
1800217.759609315
 20
-993890.693483741
  0
LWPOLYLINE
  5
C5A4D
330
2
100
AcDbEntity
  8
幕墙
 62
     8
100
AcDbPolyline
 90
        6
 70
     0
 43
0.0
 10
1808917.759609317
 20
-993840.6934837291
 10
1808567.759609317
 20
-993840.6934837291
 10
1808567.759609317
 20
-994340.6934837291
 10
1810967.759609316
 20
-994340.6934837291
 10
1810967.759609315
 20
-993840.693483741
 10
1810917.759609317
 20
-993840.693483741
  0
LWPOLYLINE
  5
C5A4E
330
2
100
AcDbEntity
  8
幕墙
 62
     8
100
AcDbPolyline
 90
        6
 70
     0
 43
0.0
 10
1808917.759609317
 20
-993890.6934837291
 10
1808617.759609317
 20
-993890.6934837291
 10
1808617.759609317
 20
-994290.6934837291
 10
1810917.759609316
 20
-994290.6934837291
 10
1810917.759609315
 20
-993890.693483741
 10
1810917.759609317
 20
-993890.693483741
  0
CIRCLE
  5
C5A50
330
2
100
AcDbEntity
  8
柱
 62
     8
100
AcDbCircle
 10
1802567.759609316
 20
-996140.6936015112
 30
0.0
 40
150.0
  0
LWPOLYLINE
  5
C5A51
330
2
100
AcDbEntity
  8
柱
 62
     8
100
AcDbPolyline
 90
        2
 70
     1
 43
10.0
 10
1802422.759609316
 20
-996140.6936015112
 42
1.0
 10
1802712.759609316
 20
-996140.6936015112
 42
1.0
  0
LWPOLYLINE
  5
C5A52
330
2
100
AcDbEntity
  8
柱
 62
     8
100
AcDbPolyline
 90
        2
 70
     1
 43
25.0
 10
1802430.259609316
 20
-996140.6936015112
 42
1.0
 10
1802705.259609316
 20
-996140.6936015112
 42
1.0
  0
TEXT
  5
C5A53
330
2
100
AcDbEntity
  8
TEXT
  6
CONTINOUS
 62
     8
100
AcDbText
 10
1776854.262193769
 20
-988930.1199879172
 30
0.0000000026199528
 40
500.0
  1
玻璃幕墙
 41
0.7
  7
标注
100
AcDbText
  0
LINE
  5
C5A54
330
2
100
AcDbEntity
  8
TEXT
  6
CONTINOUS
 62
     8
100
AcDbLine
 10
1778350.519534163
 20
-988780.3968503952
 30
0.0
 11
1782107.579642042
 21
-987713.6793008113
 31
0.0000000001755161
  0
LINE
  5
C5A55
330
2
100
AcDbEntity
  8
TEXT
  6
CONTINOUS
 62
     8
100
AcDbLine
 10
1778350.519534163
 20
-988780.3968503952
 30
0.0
 11
1779613.823419845
 21
-990736.5760491084
 31
0.0000000001555703
  0
TEXT
  5
C5A56
330
2
100
AcDbEntity
  8
TEXT
  6
CONTINOUS
 62
     8
100
AcDbText
 10
1787602.619716914
 20
-995866.779585802
 30
0.0000000026199528
 40
500.0
  1
玻璃幕墙
 41
0.7
  7
标注
100
AcDbText
  0
LINE
  5
C5A57
330
2
100
AcDbEntity
  8
TEXT
  6
CONTINOUS
 62
     8
100
AcDbLine
 10
1787459.419932456
 20
-995628.3481032487
 30
0.0
 11
1786710.640815941
 21
-995628.3481032487
 31
0.0
  0
LINE
  5
C5A58
330
2
100
AcDbEntity
  8
TEXT
  6
CONTINOUS
 62
     8
100
AcDbLine
 10
1786710.640815941
 20
-995628.3481032487
 30
0.0
 11
1786685.682896582
 21
-994438.745053053
 31
0.0
  0
LWPOLYLINE
  5
C5A59
330
2
100
AcDbEntity
  8
柱
 62
     8
100
AcDbPolyline
 90
        2
 70
     1
 43
25.0
 10
1808705.259609316
 20
-996140.6936015112
 42
-1.0
 10
1808430.259609316
 20
-996140.6936015112
 42
-1.0
  0
TEXT
  5
C5A62
330
2
100
AcDbEntity
  8
TEXT
  6
CONTINOUS
 62
     8
100
AcDbText
 10
1803226.183317053
 20
-995691.2497034122
 30
0.0000000026199528
 40
500.0
  1
钢柱
 41
0.7
  7
标注
100
AcDbText
  0
LWPOLYLINE
  5
C5A63
330
2
100
AcDbEntity
  8
TEXT
  6
CONTINOUS
 62
     8
100
AcDbPolyline
 90
        3
 70
     0
 43
0.0
 10
1803172.966809799
 20
-995429.5320750822
 10
1802896.2508006
 20
-995429.5320750822
 10
1802630.659816712
 20
-996004.518846474
  0
LINE
  5
C5A64
330
2
100
AcDbEntity
  8
SHADE
  6
DASH8
 62
     8
 48
0.2
100
AcDbLine
 10
1808567.759609317
 20
-974480.1869666876
 30
0.0
 11
1802567.759609315
 21
-974480.186968549
 31
0.0
  0
TEXT
  5
C5A65
330
2
100
AcDbEntity
  8
TEXT
  6
CONTINOUS
 62
     8
100
AcDbText
 10
1804522.701363121
 20
-974879.1130953924
 30
-0.0000000002234746
 40
350.0
  1
JM6024
 41
0.7
  7
标注
100
AcDbText
  0
LWPOLYLINE
  5
C5A66
330
2
100
AcDbEntity
  8
幕墙
 62
     8
100
AcDbPolyline
 90
        6
 70
     0
 43
0.0
 10
1802217.759609315
 20
-974440.6937192932
 10
1802567.759609315
 20
-974440.6937192932
 10
1802567.759609315
 20
-973940.6937192932
 10
1800167.759609316
 20
-973940.6937192932
 10
1800167.759609317
 20
-974440.6937192813
 10
1800217.759609315
 20
-974440.6937192813
  0
LWPOLYLINE
  5
C5A67
330
2
100
AcDbEntity
  8
幕墙
 62
     8
100
AcDbPolyline
 90
        6
 70
     0
 43
0.0
 10
1802217.759609315
 20
-974390.6937192932
 10
1802517.759609315
 20
-974390.6937192935
 10
1802517.759609315
 20
-973990.6937192932
 10
1800217.759609316
 20
-973990.6937192935
 10
1800217.759609317
 20
-974390.6937192813
 10
1800217.759609315
 20
-974390.6937192813
  0
LWPOLYLINE
  5
C5A68
330
2
100
AcDbEntity
  8
幕墙
 62
     8
100
AcDbPolyline
 90
        6
 70
     0
 43
0.0
 10
1808917.759609317
 20
-974440.6937192932
 10
1808567.759609317
 20
-974440.6937192932
 10
1808567.759609317
 20
-973940.6937192932
 10
1810967.759609316
 20
-973940.6937192932
 10
1810967.759609315
 20
-974440.6937192813
 10
1810917.759609317
 20
-974440.6937192813
  0
LWPOLYLINE
  5
C5A69
330
2
100
AcDbEntity
  8
幕墙
 62
     8
100
AcDbPolyline
 90
        6
 70
     0
 43
0.0
 10
1808917.759609317
 20
-974390.6937192932
 10
1808617.759609317
 20
-974390.6937192935
 10
1808617.759609317
 20
-973990.6937192932
 10
1810917.759609316
 20
-973990.6937192935
 10
1810917.759609315
 20
-974390.6937192813
 10
1810917.759609317
 20
-974390.6937192813
  0
LINE
  5
C5A6A
330
2
100
AcDbEntity
  8
DOTE
 62
     8
 48
0.1
100
AcDbLine
 10
1801667.759609315
 20
-972140.6936015114
 30
0.0
 11
1809467.759609317
 21
-972140.6936015114
 31
0.0
  0
CIRCLE
  5
C5A6B
330
2
100
AcDbEntity
  8
柱
 62
     8
100
AcDbCircle
 10
1802567.759609316
 20
-972140.6936015114
 30
0.0
 40
150.0
  0
LWPOLYLINE
  5
C5A6C
330
2
100
AcDbEntity
  8
柱
 62
     8
100
AcDbPolyline
 90
        2
 70
     1
 43
10.0
 10
1802422.759609316
 20
-972140.6936015114
 42
-1.0
 10
1802712.759609316
 20
-972140.6936015114
 42
-1.0
  0
LWPOLYLINE
  5
C5A6D
330
2
100
AcDbEntity
  8
柱
 62
     8
100
AcDbPolyline
 90
        2
 70
     1
 43
25.0
 10
1802430.259609316
 20
-972140.6936015114
 42
-1.0
 10
1802705.259609316
 20
-972140.6936015114
 42
-1.0
  0
TEXT
  5
C5A6E
330
2
100
AcDbEntity
  8
TEXT
  6
CONTINOUS
 62
     8
100
AcDbText
 10
1803226.183317053
 20
-971691.2497034126
 30
0.0000000026199528
 40
500.0
  1
钢柱
 41
0.7
  7
标注
100
AcDbText
  0
LWPOLYLINE
  5
C5A6F
330
2
100
AcDbEntity
  8
TEXT
  6
CONTINOUS
 62
     8
100
AcDbPolyline
 90
        3
 70
     0
 43
0.0
 10
1803172.966809799
 20
-971429.5320750824
 10
1802896.2508006
 20
-971429.5320750824
 10
1802630.659816712
 20
-972004.518846474
  0
TEXT
  5
C5A70
330
2
100
AcDbEntity
  8
SHADE
  6
CONTINOUS
 62
     8
 48
5.0
100
AcDbText
 10
1805489.37660606
 20
-983754.5015190634
 30
-0.0000000003084659
 40
300.0
  1
13.540
 41
0.7
  7
标注
 72
     4
 11
1805961.87660606
 21
-983604.5015190634
 31
-0.0000000003084659
100
AcDbText
  0
LINE
  5
C5A71
330
2
100
AcDbEntity
  8
SHADE
  6
CONTINOUS
 62
     8
 48
5.0
100
AcDbLine
 10
1805582.403146468
 20
-984140.6936016188
 30
0.0000000000020434
 11
1805282.403146468
 21
-983840.6936016188
 31
0.0000000000020434
  0
LINE
  5
C5A72
330
2
100
AcDbEntity
  8
SHADE
  6
CONTINOUS
 62
     8
 48
5.0
100
AcDbLine
 10
1805882.403146468
 20
-983840.6936016188
 30
0.0000000000020434
 11
1805582.403146468
 21
-984140.6936016188
 31
0.0000000000020434
  0
LINE
  5
C5A73
330
2
100
AcDbEntity
  8
SHADE
  6
CONTINOUS
 62
     8
 48
5.0
100
AcDbLine
 10
1806807.384836925
 20
-983840.693601594
 30
0.0000000000020434
 11
1805282.403146468
 21
-983840.6936015954
 31
0.0000000000020434
  0
TEXT
  5
C5A74
330
2
100
AcDbEntity
  8
SHADE
  6
CONTINOUS
 62
     8
 48
5.0
100
AcDbText
 10
1829165.056482743
 20
-976486.4279483682
 30
-0.0000000003084659
 40
300.0
  1
13.540
 41
0.7
  7
标注
 72
     4
 11
1829637.556482743
 21
-976336.4279483682
 31
-0.0000000003084659
100
AcDbText
  0
LINE
  5
C5A75
330
2
100
AcDbEntity
  8
SHADE
  6
CONTINOUS
 62
     8
 48
5.0
100
AcDbLine
 10
1829258.08302315
 20
-976872.6200309236
 30
0.0000000000020434
 11
1828958.08302315
 21
-976572.6200309236
 31
0.0000000000020434
  0
LINE
  5
C5A76
330
2
100
AcDbEntity
  8
SHADE
  6
CONTINOUS
 62
     8
 48
5.0
100
AcDbLine
 10
1829558.08302315
 20
-976572.6200309236
 30
0.0000000000020434
 11
1829258.08302315
 21
-976872.6200309236
 31
0.0000000000020434
  0
LINE
  5
C5A77
330
2
100
AcDbEntity
  8
SHADE
  6
CONTINOUS
 62
     8
 48
5.0
100
AcDbLine
 10
1830483.064713607
 20
-976572.6200308988
 30
0.0000000000020434
 11
1828958.08302315
 21
-976572.6200309002
 31
0.0000000000020434
  0
TEXT
  5
C5A78
330
2
100
AcDbEntity
  8
SHADE
  6
CONTINOUS
 62
     8
 48
5.0
100
AcDbText
 10
1828731.007284965
 20
-992438.6769980888
 30
-0.0000000003105093
 40
300.0
  1
13.540
 41
0.7
  7
标注
 72
     4
 11
1829203.507284965
 21
-992288.6769980888
 31
-0.0000000003105093
100
AcDbText
  0
LINE
  5
C5A79
330
2
100
AcDbEntity
  8
SHADE
  6
CONTINOUS
 62
     8
 48
5.0
100
AcDbLine
 10
1828824.033825372
 20
-992824.8690806442
 30
0.0
 11
1828524.033825372
 21
-992524.8690806442
 31
0.0
  0
LINE
  5
C5A7A
330
2
100
AcDbEntity
  8
SHADE
  6
CONTINOUS
 62
     8
 48
5.0
100
AcDbLine
 10
1829124.033825372
 20
-992524.8690806442
 30
0.0
 11
1828824.033825372
 21
-992824.8690806442
 31
0.0
  0
LINE
  5
C5A7B
330
2
100
AcDbEntity
  8
SHADE
  6
CONTINOUS
 62
     8
 48
5.0
100
AcDbLine
 10
1830049.015515829
 20
-992524.8690806194
 30
0.0
 11
1828524.033825372
 21
-992524.8690806208
 31
0.0
  0
TEXT
  5
C5A7C
330
2
100
AcDbEntity
  8
SHADE
  6
CONTINOUS
 62
     8
 48
5.0
100
AcDbText
 10
1781534.08874718
 20
-976598.1634653067
 30
-0.0000000003105093
 40
300.0
  1
13.540
 41
0.7
  7
标注
 72
     4
 11
1782006.58874718
 21
-976448.1634653067
 31
-0.0000000003105093
100
AcDbText
  0
LINE
  5
C5A7D
330
2
100
AcDbEntity
  8
SHADE
  6
CONTINOUS
 62
     8
 48
5.0
100
AcDbLine
 10
1781627.115287587
 20
-976984.3555478622
 30
0.0
 11
1781327.115287587
 21
-976684.3555478622
 31
0.0
  0
LINE
  5
C5A7E
330
2
100
AcDbEntity
  8
SHADE
  6
CONTINOUS
 62
     8
 48
5.0
100
AcDbLine
 10
1781927.115287587
 20
-976684.3555478622
 30
0.0
 11
1781627.115287587
 21
-976984.3555478622
 31
0.0
  0
LINE
  5
C5A7F
330
2
100
AcDbEntity
  8
SHADE
  6
CONTINOUS
 62
     8
 48
5.0
100
AcDbLine
 10
1782852.096978044
 20
-976684.3555478374
 30
0.0
 11
1781327.115287587
 21
-976684.3555478388
 31
0.0
  0
TEXT
  5
C5A80
330
2
100
AcDbEntity
  8
SHADE
  6
CONTINOUS
 62
     8
 48
5.0
100
AcDbText
 10
1781792.577277408
 20
-992352.753527819
 30
-0.0000000003105093
 40
300.0
  1
13.540
 41
0.7
  7
标注
 72
     4
 11
1782265.077277408
 21
-992202.753527819
 31
-0.0000000003105093
100
AcDbText
  0
LINE
  5
C5A81
330
2
100
AcDbEntity
  8
SHADE
  6
CONTINOUS
 62
     8
 48
5.0
100
AcDbLine
 10
1781885.603817815
 20
-992738.9456103744
 30
0.0
 11
1781585.603817815
 21
-992438.9456103744
 31
0.0
  0
LINE
  5
C5A82
330
2
100
AcDbEntity
  8
SHADE
  6
CONTINOUS
 62
     8
 48
5.0
100
AcDbLine
 10
1782185.603817815
 20
-992438.9456103744
 30
0.0
 11
1781885.603817815
 21
-992738.9456103744
 31
0.0
  0
LINE
  5
C5A83
330
2
100
AcDbEntity
  8
SHADE
  6
CONTINOUS
 62
     8
 48
5.0
100
AcDbLine
 10
1783110.585508272
 20
-992438.9456103496
 30
0.0
 11
1781585.603817815
 21
-992438.945610351
 31
0.0
  0
LINE
  5
C5ACC
330
2
100
AcDbEntity
  8
SHADE
  6
DASH
 62
     8
 48
2.0
100
AcDbLine
 10
1802317.759609315
 20
-994446.561558415
 30
0.0
 11
1802317.759609315
 21
-973846.4302469026
 31
0.0
  0
LINE
  5
C5ACD
330
2
100
AcDbEntity
  8
SHADE
  6
DASH
 62
     8
 48
2.0
100
AcDbLine
 10
1808817.759609317
 20
-994446.561558415
 30
0.0
 11
1808817.759609317
 21
-973846.4302469026
 31
0.0
  0
TEXT
  5
C5ACE
330
2
100
AcDbEntity
  8
TEXT
  6
CONTINOUS
 62
     8
100
AcDbText
 10
1803166.548342241
 20
-979771.881352352
 30
0.0000000026199528
 40
500.0
  1
成品收缩缝
 41
0.7
  7
标注
100
AcDbText
  0
LINE
  5
C5ACF
330
2
100
AcDbEntity
  8
TEXT
  6
CONTINOUS
 62
     8
100
AcDbLine
 10
1803030.532414023
 20
-979512.6926628802
 30
0.0
 11
1802317.759609316
 21
-979512.6926628804
 31
0.0
  0
LINE
  5
C5AD0
330
2
100
AcDbEntity
  8
TEXT
  6
CONTINOUS
 62
     8
100
AcDbLine
 10
1805091.296988876
 20
-979549.6901048484
 30
0.0
 11
1808817.759609317
 21
-979549.6901048486
 31
0.0
  0
LINE
  5
C5AD1
330
2
100
AcDbEntity
  8
SHADE
 62
     8
 48
0.1
100
AcDbLine
 10
1802567.759609315
 20
-973940.6937192932
 30
0.0
 11
1808567.759609317
 21
-973940.6937192932
 31
0.0
  0
TEXT
  5
C5AD2
330
2
100
AcDbEntity
  8
SHADE
  6
CONTINOUS
 62
     8
 48
5.0
100
AcDbText
 10
1805489.37660606
 20
-975174.2800090954
 30
-0.0000000003084659
 40
300.0
  1
13.540
 41
0.7
  7
标注
 72
     4
 11
1805961.87660606
 21
-975024.2800090954
 31
-0.0000000003084659
100
AcDbText
  0
LINE
  5
C5AD3
330
2
100
AcDbEntity
  8
SHADE
  6
CONTINOUS
 62
     8
 48
5.0
100
AcDbLine
 10
1805582.403146468
 20
-975560.4720916508
 30
0.0000000000020434
 11
1805282.403146468
 21
-975260.4720916508
 31
0.0000000000020434
  0
LINE
  5
C5AD4
330
2
100
AcDbEntity
  8
SHADE
  6
CONTINOUS
 62
     8
 48
5.0
100
AcDbLine
 10
1805882.403146468
 20
-975260.4720916508
 30
0.0000000000020434
 11
1805582.403146468
 21
-975560.4720916508
 31
0.0000000000020434
  0
LINE
  5
C5AD5
330
2
100
AcDbEntity
  8
SHADE
  6
CONTINOUS
 62
     8
 48
5.0
100
AcDbLine
 10
1806807.384836925
 20
-975260.472091626
 30
0.0000000000020434
 11
1805282.403146468
 21
-975260.4720916274
 31
0.0000000000020434
  0
TEXT
  5
C5AD6
330
2
100
AcDbEntity
  8
SHADE
  6
CONTINOUS
 62
     8
 48
5.0
100
AcDbText
 10
1805489.37660606
 20
-971317.5695076076
 30
-0.0000000003084659
 40
300.0
  1
13.520
 41
0.7
  7
标注
 72
     4
 11
1805961.87660606
 21
-971167.5695076076
 31
-0.0000000003084659
100
AcDbText
  0
LINE
  5
C5AD7
330
2
100
AcDbEntity
  8
SHADE
  6
CONTINOUS
 62
     8
 48
5.0
100
AcDbLine
 10
1805582.403146468
 20
-971703.761590163
 30
0.0000000000020434
 11
1805282.403146468
 21
-971403.761590163
 31
0.0000000000020434
  0
LINE
  5
C5AD8
330
2
100
AcDbEntity
  8
SHADE
  6
CONTINOUS
 62
     8
 48
5.0
100
AcDbLine
 10
1805882.403146468
 20
-971403.761590163
 30
0.0000000000020434
 11
1805582.403146468
 21
-971703.761590163
 31
0.0000000000020434
  0
LINE
  5
C5AD9
330
2
100
AcDbEntity
  8
SHADE
  6
CONTINOUS
 62
     8
 48
5.0
100
AcDbLine
 10
1806807.384836925
 20
-971403.7615901382
 30
0.0000000000020434
 11
1805282.403146468
 21
-971403.7615901396
 31
0.0000000000020434
  0
TEXT
  5
C5ADA
330
2
100
AcDbEntity
  8
SHADE
  6
CONTINOUS
 62
     8
 48
5.0
100
AcDbText
 10
1805489.37660606
 20
-995381.6708595912
 30
-0.0000000003084659
 40
300.0
  1
13.520
 41
0.7
  7
标注
 72
     4
 11
1805961.87660606
 21
-995231.6708595912
 31
-0.0000000003084659
100
AcDbText
  0
LINE
  5
C5ADB
330
2
100
AcDbEntity
  8
SHADE
  6
CONTINOUS
 62
     8
 48
5.0
100
AcDbLine
 10
1805582.403146468
 20
-995767.8629421464
 30
0.0000000000020434
 11
1805282.403146468
 21
-995467.8629421464
 31
0.0000000000020434
  0
LINE
  5
C5ADC
330
2
100
AcDbEntity
  8
SHADE
  6
CONTINOUS
 62
     8
 48
5.0
100
AcDbLine
 10
1805882.403146468
 20
-995467.8629421464
 30
0.0000000000020434
 11
1805582.403146468
 21
-995767.8629421464
 31
0.0000000000020434
  0
LINE
  5
C5ADD
330
2
100
AcDbEntity
  8
SHADE
  6
CONTINOUS
 62
     8
 48
5.0
100
AcDbLine
 10
1806807.384836925
 20
-995467.8629421216
 30
0.0000000000020434
 11
1805282.403146468
 21
-995467.862942123
 31
0.0000000000020434
  0
LINE
  5
C5ADE
330
2
100
AcDbEntity
  8
SHADE
 62
     8
 48
0.1
100
AcDbLine
 10
1802567.759609315
 20
-994340.6934837291
 30
0.0
 11
1808567.759609317
 21
-994340.6934837291
 31
0.0
  0
LWPOLYLINE
  5
C5AE5
330
2
100
AcDbEntity
  8
SHADE
  6
CONTINOUS
 62
     8
 48
5.0
100
AcDbPolyline
 90
        2
 70
     0
 43
0.0
 10
1831147.522223004
 20
-991804.3303262682
 10
1833644.705878337
 20
-991912.5154349176
  0
TEXT
  5
C5AE6
330
2
100
AcDbEntity
  8
TEXT
  6
CONTINOUS
 62
     8
100
AcDbText
 10
1830761.062983315
 20
-991920.601914881
 30
0.0000000021330886
 40
500.0
  1
上
 41
0.7
  7
标注
100
AcDbText
  0
INSERT
  5
C5AE7
330
2
100
AcDbEntity
  8
SHADE
  6
CONTINOUS
 62
     8
 48
5.0
100
AcDbBlockReference
  2
_ARROW
 10
1832979.894728689
 20
-993653.3608657687
 30
0.0000000001180251
 41
-400.0000000000144
 42
400.0
 43
400.0
 50
177.9849302962664
  0
LWPOLYLINE
  5
C5AE8
330
2
100
AcDbEntity
  8
SHADE
  6
CONTINOUS
 62
     8
 48
5.0
100
AcDbPolyline
 90
        2
 70
     0
 43
0.0
 10
1832979.894728703
 20
-993653.3608657708
 10
1832023.898603043
 20
-993619.7249944318
  0
TEXT
  5
C5AE9
330
2
100
AcDbEntity
  8
TEXT
  6
CONTINOUS
 62
     8
100
AcDbText
 10
1831614.216976988
 20
-993807.7336591684
 30
0.0000000021330886
 40
500.0
  1
上
 41
0.7
  7
标注
100
AcDbText
  0
INSERT
  5
C5AEA
330
2
100
AcDbEntity
  8
SHADE
  6
CONTINOUS
 62
     8
 48
5.0
100
AcDbBlockReference
  2
_ARROW
 10
1778155.624489943
 20
-993653.3608657687
 30
0.0000000000517142
 41
400.0000000000144
 42
400.0
 43
400.0
 50
182.0150697037336
  0
LWPOLYLINE
  5
C5AEB
330
2
100
AcDbEntity
  8
SHADE
  6
CONTINOUS
 62
     8
 48
5.0
100
AcDbPolyline
 90
        2
 70
     0
 43
0.0
 10
1778155.624489929
 20
-993653.3608657708
 10
1779111.620615589
 20
-993619.7249944318
  0
TEXT
  5
C5AEC
330
2
100
AcDbEntity
  8
TEXT
  6
CONTINOUS
 62
     8
100
AcDbText
 10
1779209.884918808
 20
-993807.7336591684
 30
0.0000000021330886
 40
500.0
  1
上
 41
0.7
  7
标注
100
AcDbText
  0
INSERT
  5
C5AED
330
2
100
AcDbEntity
  8
SHADE
  6
CONTINOUS
 62
     8
 48
5.0
100
AcDbBlockReference
  2
_ARROW
 10
1830973.004223664
 20
-977435.3792657095
 30
0.0000000001226481
 41
-400.0000000000792
 42
400.0
 43
400.0
 50
357.5193348118052
  0
LWPOLYLINE
  5
C5AEE
330
2
100
AcDbEntity
  8
SHADE
  6
CONTINOUS
 62
     8
 48
5.0
100
AcDbPolyline
 90
        2
 70
     0
 43
0.0
 10
1830973.00422367
 20
-977435.3792657084
 10
1832975.421408706
 20
-977522.1296816268
  0
TEXT
  5
C5AEF
330
2
100
AcDbEntity
  8
TEXT
  6
CONTINOUS
 62
     8
100
AcDbText
 10
1830586.544983982
 20
-977730.7759273882
 30
0.0000000021330886
 40
500.0
  1
下
 41
0.7
  7
标注
100
AcDbText
  0
INSERT
  5
C5AF0
330
2
100
AcDbEntity
  8
SHADE
  6
CONTINOUS
 62
     8
 48
5.0
100
AcDbBlockReference
  2
_ARROW
 10
1780162.514994968
 20
-977435.3792657095
 30
0.0000000001889378
 41
400.0000000000792
 42
400.0
 43
400.0
 50
2.48066518819479
  0
LWPOLYLINE
  5
C5AF1
330
2
100
AcDbEntity
  8
SHADE
  6
CONTINOUS
 62
     8
 48
5.0
100
AcDbPolyline
 90
        2
 70
     0
 43
0.0
 10
1780162.514994962
 20
-977435.3792657084
 10
1778160.097809926
 20
-977522.1296816268
  0
TEXT
  5
C5AF2
330
2
100
AcDbEntity
  8
TEXT
  6
CONTINOUS
 62
     8
100
AcDbText
 10
1780265.115966934
 20
-977730.7759273882
 30
0.0000000021330886
 40
500.0
  1
下
 41
0.7
  7
标注
100
AcDbText
  0
INSERT
  5
C5AFA
330
2
100
AcDbEntity
  8
SHADE
  6
CONTINOUS
 62
     8
 48
5.0
100
AcDbBlockReference
  2
_ARROW
 10
1778856.819274343
 20
-975571.797141563
 30
0.0000000001889237
 41
400.0000000000792
 42
400.0
 43
400.0
 50
2.48066518819479
  0
LWPOLYLINE
  5
C5AFB
330
2
100
AcDbEntity
  8
SHADE
  6
CONTINOUS
 62
     8
 48
5.0
100
AcDbPolyline
 90
        2
 70
     0
 43
0.0
 10
1778856.819274336
 20
-975571.7971415618
 10
1776854.402089301
 20
-975658.5475574802
  0
TEXT
  5
C5AFC
330
2
100
AcDbEntity
  8
TEXT
  6
CONTINOUS
 62
     8
100
AcDbText
 10
1778959.420246308
 20
-975867.1938032416
 30
0.0000000021330886
 40
500.0
  1
下
 41
0.7
  7
标注
100
AcDbText
  0
INSERT
  5
C5AFD
330
2
100
AcDbEntity
  8
SHADE
  6
CONTINOUS
 62
     8
 48
5.0
100
AcDbBlockReference
  2
_ARROW
 10
1832621.218544343
 20
-975536.2464081118
 30
0.0000000001226301
 41
-400.0000000000792
 42
400.0
 43
400.0
 50
357.5193348118052
  0
LWPOLYLINE
  5
C5AFE
330
2
100
AcDbEntity
  8
SHADE
  6
CONTINOUS
 62
     8
 48
5.0
100
AcDbPolyline
 90
        2
 70
     0
 43
0.0
 10
1832621.218544349
 20
-975536.2464081106
 10
1834623.635729385
 20
-975622.996824029
  0
TEXT
  5
C5AFF
330
2
100
AcDbEntity
  8
TEXT
  6
CONTINOUS
 62
     8
100
AcDbText
 10
1832234.759304661
 20
-975831.6430697904
 30
0.0000000021330886
 40
500.0
  1
下
 41
0.7
  7
标注
100
AcDbText
  0
INSERT
  5
C5B00
330
2
100
AcDbEntity
  8
SHADE
  6
CONTINOUS
 62
     8
 48
5.0
100
AcDbBlockReference
  2
_ARROW
 10
1778234.711677256
 20
-992436.9347451746
 30
0.0000000000517128
 41
400.0000000000144
 42
400.0
 43
400.0
 50
182.0150697037336
  0
LWPOLYLINE
  5
C5B01
330
2
100
AcDbEntity
  8
SHADE
  6
CONTINOUS
 62
     8
 48
5.0
100
AcDbPolyline
 90
        2
 70
     0
 43
0.0
 10
1778234.711677215
 20
-992436.9347451776
 10
1780146.703928533
 20
-992369.6630024998
  0
TEXT
  5
C5B02
330
2
100
AcDbEntity
  8
TEXT
  6
CONTINOUS
 62
     8
100
AcDbText
 10
1780244.968231754
 20
-992557.6716672363
 30
0.0000000021330886
 40
500.0
  1
上
 41
0.7
  7
标注
100
AcDbText
  0
INSERT
  5
C5B03
330
2
100
AcDbEntity
  8
SHADE
  6
CONTINOUS
 62
     8
 48
5.0
100
AcDbBlockReference
  2
_ARROW
 10
1833644.705878337
 20
-991912.5154349176
 30
0.0000000000337513
 41
-400.0000000000144
 42
400.0
 43
400.0
 50
177.9849302962664
  0
LWPOLYLINE
  5
C5B04
330
2
100
AcDbEntity
  8
AFC
 62
     8
100
AcDbPolyline
 90
        4
 70
     1
 43
0.0
 10
1796917.759609315
 20
-993240.6934837291
 10
1798017.759609315
 20
-993240.6934837291
 10
1798017.759609315
 20
-992440.6934837291
 10
1796917.759609315
 20
-992440.6934837291
  0
TEXT
  5
C5B05
330
2
100
AcDbEntity
  8
TEXT
  6
CONTINOUS
 62
     8
100
AcDbText
 10
1797169.625920088
 20
-993119.0795058202
 30
0.0000000026199528
 40
500.0
  1
售票
 41
0.7
  7
标注
100
AcDbText
  0
LWPOLYLINE
  5
C5B06
330
2
100
AcDbEntity
  8
AFC
 62
     8
100
AcDbPolyline
 90
        4
 70
     1
 43
0.0
 10
1793360.519810918
 20
-987223.1632302256
 10
1793364.589215114
 20
-987523.1356288716
 10
1791564.754823237
 20
-987547.5520540515
 10
1791560.685419041
 20
-987247.5796554056
  0
LWPOLYLINE
  5
C5B07
330
2
100
AcDbEntity
  8
AFC
 62
     8
100
AcDbPolyline
 90
        4
 70
     1
 43
0.0
 10
1793371.371555443
 20
-988023.0896266152
 10
1793375.440959639
 20
-988323.0620252612
 10
1791575.606567762
 20
-988347.4784504414
 10
1791571.537163566
 20
-988047.5060517952
  0
LINE
  5
C5B08
330
2
100
AcDbEntity
  8
AFC
 62
     8
100
AcDbLine
 10
1793064.616816468
 20
-987527.2050330684
 30
0.0
 11
1793060.547412272
 21
-987227.2326344223
 31
0.0
  0
LINE
  5
C5B09
330
2
100
AcDbEntity
  8
AFC
 62
     8
100
AcDbLine
 10
1793075.468560993
 20
-988327.131429458
 30
0.0
 11
1793071.399156797
 21
-988027.159030812
 31
0.0
  0
LINE
  5
C5B0A
330
2
100
AcDbEntity
  8
AFC
 62
     8
100
AcDbLine
 10
1792071.491161309
 20
-988040.7237114673
 30
0.0
 11
1792064.70882098
 21
-987540.7697137236
 31
0.0
  0
LWPOLYLINE
  5
C5B0B
330
2
100
AcDbEntity
  8
AFC
 62
     8
100
AcDbPolyline
 90
        4
 70
     1
 43
0.0
 10
1793382.223299968
 20
-988823.0160230048
 10
1793386.292704164
 20
-989122.9884216508
 10
1791586.458312287
 20
-989147.404846831
 10
1791582.388908091
 20
-988847.4324481848
  0
LINE
  5
C5B0C
330
2
100
AcDbEntity
  8
AFC
 62
     8
100
AcDbLine
 10
1793086.320305518
 20
-989127.0578258476
 30
0.0
 11
1793082.250901322
 21
-988827.0854272016
 31
0.0
  0
LINE
  5
C5B0D
330
2
100
AcDbEntity
  8
AFC
 62
     8
100
AcDbLine
 10
1792082.342905834
 20
-988840.650107857
 30
0.0
 11
1792075.560565506
 21
-988340.6961101132
 31
0.0
  0
LWPOLYLINE
  5
C5B0E
330
2
100
AcDbEntity
  8
AFC
 62
     8
100
AcDbPolyline
 90
        4
 70
     1
 43
0.0
 10
1793393.075044494
 20
-989622.9424193944
 10
1793397.14444869
 20
-989922.9148180404
 10
1791597.310056812
 20
-989947.3312432206
 10
1791593.240652616
 20
-989647.3588445744
  0
LINE
  5
C5B0F
330
2
100
AcDbEntity
  8
AFC
 62
     8
100
AcDbLine
 10
1793097.172050043
 20
-989926.9842222373
 30
0.0
 11
1793093.102645847
 21
-989627.0118235912
 31
0.0
  0
LINE
  5
C5B10
330
2
100
AcDbEntity
  8
AFC
 62
     8
100
AcDbLine
 10
1792093.194650359
 20
-989640.5765042466
 30
0.0
 11
1792086.412310032
 21
-989140.6225065028
 31
0.0
  0
SOLID
  5
C5B11
330
2
100
AcDbEntity
  8
AFC
 62
     8
100
AcDbTrace
 10
1793861.200725904
 20
-988710.0675779714
 30
0.0
 11
1794161.200725905
 21
-988410.0675779716
 31
0.0
 12
1794161.200725904
 22
-989010.0675779716
 32
0.0
 13
1794161.200725904
 23
-989010.0675779716
 33
0.0
  0
LINE
  5
C5B12
330
2
100
AcDbEntity
  8
AFC
 62
     8
100
AcDbLine
 10
1791864.727221881
 20
-987543.48264985
 30
0.0
 11
1791860.657817687
 21
-987243.510251204
 31
0.0
  0
LWPOLYLINE
  5
C5B13
330
2
100
AcDbEntity
  8
AFC
 62
     8
100
AcDbPolyline
 90
        4
 70
     1
 43
0.0
 10
1791488.757532184
 20
-981948.0909489042
 10
1791484.684466528
 20
-981648.1185999516
 10
1793284.518560246
 20
-981623.680206019
 10
1793288.591625901
 20
-981923.6525549717
  0
LWPOLYLINE
  5
C5B14
330
2
100
AcDbEntity
  8
AFC
 62
     8
100
AcDbPolyline
 90
        4
 70
     1
 43
0.0
 10
1791477.896023769
 20
-981148.1646850306
 10
1791473.822958114
 20
-980848.192336078
 10
1793273.65705183
 20
-980823.7539421452
 10
1793277.730117485
 20
-981123.726291098
  0
LINE
  5
C5B15
330
2
100
AcDbEntity
  8
AFC
 62
     8
100
AcDbLine
 10
1791784.656815482
 20
-981644.045534296
 30
0.0
 11
1791788.729881136
 21
-981944.0178832487
 31
0.0
  0
LINE
  5
C5B16
330
2
100
AcDbEntity
  8
AFC
 62
     8
100
AcDbLine
 10
1791773.795307067
 20
-980844.1192704224
 30
0.0
 11
1791777.868372722
 21
-981144.091619375
 31
0.0
  0
LINE
  5
C5B17
330
2
100
AcDbEntity
  8
AFC
 62
     8
100
AcDbLine
 10
1792777.776202565
 20
-981130.514733857
 30
0.0
 11
1792784.564645324
 21
-981630.4686487782
 31
0.0
  0
LWPOLYLINE
  5
C5B18
330
2
100
AcDbEntity
  8
AFC
 62
     8
100
AcDbPolyline
 90
        4
 70
     1
 43
0.0
 10
1791467.034515353
 20
-980348.2384211567
 10
1791462.961449698
 20
-980048.2660722042
 10
1793262.795543415
 20
-980023.8276782715
 10
1793266.86860907
 20
-980323.8000272242
  0
LINE
  5
C5B19
330
2
100
AcDbEntity
  8
AFC
 62
     8
100
AcDbLine
 10
1791762.933798652
 20
-980044.1930065484
 30
0.0
 11
1791767.006864306
 21
-980344.1653555012
 31
0.0
  0
LINE
  5
C5B1A
330
2
100
AcDbEntity
  8
AFC
 62
     8
100
AcDbLine
 10
1792766.914694149
 20
-980330.5884699832
 30
0.0
 11
1792773.70313691
 21
-980830.5423849046
 31
0.0
  0
LWPOLYLINE
  5
C5B1B
330
2
100
AcDbEntity
  8
AFC
 62
     8
100
AcDbPolyline
 90
        4
 70
     1
 43
0.0
 10
1791456.173006939
 20
-979548.312157283
 10
1791452.099941283
 20
-979248.3398083302
 10
1793251.934034999
 20
-979223.9014143976
 10
1793256.007100654
 20
-979523.8737633504
  0
LINE
  5
C5B1C
330
2
100
AcDbEntity
  8
AFC
 62
     8
100
AcDbLine
 10
1792756.053185735
 20
-979530.6622061094
 30
0.0
 11
1792762.841628494
 21
-980030.6161210308
 31
0.0
  0
SOLID
  5
C5B1D
330
2
100
AcDbEntity
  8
AFC
 62
     8
100
AcDbTrace
 10
1791117.60780315
 20
-980410.469943241
 30
0.0
 11
1790817.611464968
 21
-980710.4736050146
 31
0.0
 12
1790817.604141377
 22
-980110.4736050592
 32
0.0
 13
1790817.604141377
 23
-980110.4736050592
 33
0.0
  0
LWPOLYLINE
  5
C5B1E
330
2
100
AcDbEntity
  8
AFC
 62
     8
100
AcDbPolyline
 90
        5
 70
     0
 43
0.0
 10
1793461.636647714
 20
-987221.791486419
 10
1791461.82065674
 20
-987248.9208477298
 10
1791421.126614774
 20
-984249.196861269
 10
1793420.942605747
 20
-984222.067499958
 10
1793461.636647716
 20
-987221.7914864186
  0
LWPOLYLINE
  5
C5B1F
330
2
100
AcDbEntity
  8
AFC
 62
     8
100
AcDbPolyline
 90
        4
 70
     1
 43
0.0
 10
1793360.289380101
 20
-987123.1571549358
 10
1791560.454988224
 20
-987147.5735801158
 10
1791522.473882388
 20
-984347.8311927522
 10
1793322.308274265
 20
-984323.4147675724
  0
TEXT
  5
C5B20
330
2
100
AcDbEntity
  8
TEXT
  6
CONTINOUS
 62
     8
100
AcDbText
 10
1791778.643538827
 20
-985223.2115739464
 30
0.0000000026199528
 40
500.0
  1
客服中心
 50
359.9999999999767
 41
0.7
  7
标注
100
AcDbText
  0
LINE
  5
C5B21
330
2
100
AcDbEntity
  8
AFC
 62
     8
100
AcDbLine
 10
1793360.519810918
 20
-987223.1632302254
 30
0.0
 11
1791560.685419041
 21
-987247.5796554056
 31
0.0
  0
TEXT
  5
C5B22
330
2
100
AcDbEntity
  8
TEXT
  6
CONTINOUS
 62
     8
100
AcDbText
 10
1791914.167852719
 20
-985727.2647889992
 30
0.0000000026199528
 40
500.0
  1
(定制)
 50
359.9999999999767
 41
0.7
  7
标注
100
AcDbText
  0
LINE
  5
C5B23
330
2
100
AcDbEntity
  8
AFC
 62
     8
100
AcDbLine
 10
1793397.14444869
 20
-989922.9148180404
 30
0.0
 11
1791597.310056812
 21
-989947.3312432206
 31
0.0
  0
LINE
  5
C5B24
330
2
100
AcDbEntity
  8
AFC
 62
     8
100
AcDbLine
 10
1793251.934034999
 20
-979223.9014143976
 30
0.0
 11
1791452.099941283
 21
-979248.3398083315
 31
0.0
  0
LINE
  5
C5B25
330
2
100
AcDbEntity
  8
AFC
 62
     8
100
AcDbLine
 10
1792788.63771098
 20
-981930.4409977308
 30
0.0
 11
1792795.426153738
 21
-982430.394912652
 31
0.0
  0
LINE
  5
C5B26
330
2
100
AcDbEntity
  8
AFC
 62
     8
100
AcDbLine
 10
1791988.711447105
 20
-981941.3025061454
 30
0.0
 11
1791995.499889865
 21
-982441.2564210668
 31
0.0
  0
TEXT
  5
C5B2F
330
2
100
AcDbEntity
  8
TEXT
  6
CONTINOUS
 62
     8
100
AcDbText
 10
1775126.742622032
 20
-977307.6719846454
 30
0.0000000026199528
 40
500.0
  1
R=920000
 41
0.7
  7
标注
100
AcDbText
  0
LWPOLYLINE
  5
C5B30
330
2
100
AcDbEntity
  8
SHADE
  6
CONTINOUS
 62
     8
 48
5.0
100
AcDbPolyline
 90
        2
 70
     0
 43
0.0
 10
1774966.330042982
 20
-974911.1323879306
 10
1774952.579174062
 20
-977145.3734156644
  0
INSERT
  5
C5B31
330
2
100
AcDbEntity
  8
SHADE
  6
CONTINOUS
 62
     8
 48
5.0
100
AcDbBlockReference
  2
_ARROW
 10
1774966.33004298
 20
-974911.1323879304
 30
0.0000000000766891
 41
-800.0000000000816
 42
800.0
 43
800.0
 50
269.6473716045268
  0
LWPOLYLINE
  5
C5B32
330
2
100
AcDbEntity
  8
SHADE
 62
     8
100
AcDbPolyline
 90
        2
 70
     0
 43
0.0
 10
1807264.817954303
 20
-995295.1703498363
 10
1807264.817954303
 20
-995795.5293643102
  0
INSERT
  5
C5B33
330
2
100
AcDbEntity
  8
SHADE
 62
     8
100
AcDbBlockReference
  2
_ARROW
 10
1807264.817954304
 20
-995795.5293643062
 30
0.0
 41
200.0
 42
200.0
 43
200.0
 50
270.0
  0
TEXT
  5
C5B34
330
2
100
AcDbEntity
  8
SHADE
  6
CONTINOUS
 62
     8
 48
5.0
100
AcDbText
 10
1807370.14358077
 20
-995674.0430236215
 30
0.0000000030412142
 40
300.0
  1
0.3%%%
 41
0.7
  7
标注
 72
     4
 11
1807667.64358077
 21
-995524.0430236215
 31
0.0000000030412142
100
AcDbText
  0
LWPOLYLINE
  5
C5B3E
330
2
100
AcDbEntity
  8
修改云线
 62
     8
100
AcDbPolyline
 90
        8
 70
     1
 43
100.0
 10
1779012.179839514
 20
-972606.535922549
 42
0.52056705
 10
1779012.179839514
 20
-973205.7943010636
 42
0.52056705
 10
1779012.179839514
 20
-973670.5239357714
 42
0.52056705
 10
1779734.771770387
 20
-973670.5239357714
 42
0.52056705
 10
1780273.653996664
 20
-973670.5239357714
 42
0.52056705
 10
1780273.653996664
 20
-973046.8071762056
 42
0.52056705
 10
1780273.653996664
 20
-972557.6166111046
 42
0.52056705
 10
1779734.771770387
 20
-972557.6166111046
 42
0.52056705
  0
LWPOLYLINE
  5
C5B3F
330
2
100
AcDbEntity
  8
修改云线
 62
     8
100
AcDbPolyline
 90
        8
 70
     1
 43
100.0
 10
1830974.930960491
 20
-972606.535922549
 42
0.52056705
 10
1830974.930960491
 20
-973205.7943010636
 42
0.52056705
 10
1830974.930960491
 20
-973670.5239357714
 42
0.52056705
 10
1831697.522891364
 20
-973670.5239357714
 42
0.52056705
 10
1832236.40511764
 20
-973670.5239357714
 42
0.52056705
 10
1832236.40511764
 20
-973046.8071762056
 42
0.52056705
 10
1832236.40511764
 20
-972557.6166111046
 42
0.52056705
 10
1831697.522891364
 20
-972557.6166111046
 42
0.52056705
  0
LWPOLYLINE
  5
C5B40
330
2
100
AcDbEntity
  8
修改云线
 62
     8
100
AcDbPolyline
 90
        8
 70
     1
 43
100.0
 10
1779535.862118763
 20
-995150.1831553004
 42
0.52056705
 10
1779535.862118763
 20
-995749.4415338148
 42
0.52056705
 10
1779535.862118763
 20
-996214.1711685226
 42
0.52056705
 10
1780258.454049637
 20
-996214.1711685226
 42
0.52056705
 10
1780797.336275912
 20
-996214.1711685226
 42
0.52056705
 10
1780797.336275912
 20
-995590.454408957
 42
0.52056705
 10
1780797.336275912
 20
-995101.263843856
 42
0.52056705
 10
1780258.454049637
 20
-995101.263843856
 42
0.52056705
  0
LWPOLYLINE
  5
C5B41
330
2
100
AcDbEntity
  8
修改云线
 62
     8
100
AcDbPolyline
 90
        8
 70
     1
 43
100.0
 10
1830310.997529985
 20
-995243.9683254196
 42
0.52056705
 10
1830310.997529985
 20
-995843.2267039343
 42
0.52056705
 10
1830310.997529985
 20
-996307.956338642
 42
0.52056705
 10
1831033.589460859
 20
-996307.956338642
 42
0.52056705
 10
1831572.471687136
 20
-996307.956338642
 42
0.52056705
 10
1831572.471687136
 20
-995684.2395790762
 42
0.52056705
 10
1831572.471687136
 20
-995195.0490139754
 42
0.52056705
 10
1831033.589460859
 20
-995195.0490139754
 42
0.52056705
  0
LWPOLYLINE
  5
C61AB
330
2
100
AcDbEntity
  8
AFC
 62
     8
100
AcDbPolyline
 90
        4
 70
     1
 43
0.0
 10
1791503.691775004
 20
-983047.9651658252
 10
1791499.618709348
 20
-982747.9928168725
 10
1793299.452803066
 20
-982723.55442294
 10
1793303.525868721
 20
-983023.5267718926
  0
LWPOLYLINE
  5
C61AC
330
2
100
AcDbEntity
  8
AFC
 62
     8
100
AcDbPolyline
 90
        4
 70
     1
 43
0.0
 10
1791519.984037626
 20
-984247.8545616358
 10
1791515.91097197
 20
-983947.882212683
 10
1793315.745065688
 20
-983923.4438187506
 10
1793319.818131343
 20
-984223.4161677032
  0
LINE
  5
C61AD
330
2
100
AcDbEntity
  8
AFC
 62
     8
100
AcDbLine
 10
1791815.883320923
 20
-983943.8091470276
 30
0.0
 11
1791819.956386578
 21
-984243.7814959802
 31
0.0
  0
LWPOLYLINE
  5
C61AE
330
2
100
AcDbEntity
  8
AFC
 62
     8
100
AcDbPolyline
 90
        4
 70
     1
 43
0.0
 10
1791499.618709349
 20
-982747.9928168725
 10
1791495.545643693
 20
-982448.0204679198
 10
1793295.379737411
 20
-982423.5820739873
 10
1793299.452803066
 20
-982723.55442294
  0
LINE
  5
C61AF
330
2
100
AcDbEntity
  8
AFC
 62
     8
100
AcDbLine
 10
1791795.517992646
 20
-982443.9474022645
 30
0.0
 11
1791799.591058301
 21
-982743.919751217
 31
0.0
  0
LINE
  5
C61B0
330
2
100
AcDbEntity
  8
AFC
 62
     8
100
AcDbLine
 10
1791977.849938691
 20
-981141.3762422719
 30
0.0
 11
1791984.63838145
 21
-981641.330157193
 31
0.0
  0
LINE
  5
C61B1
330
2
100
AcDbEntity
  8
AFC
 62
     8
100
AcDbLine
 10
1792984.546211293
 20
-981627.7532716728
 30
0.0
 11
1792988.61927695
 21
-981927.7256206257
 31
0.0
  0
LINE
  5
C61B2
330
2
100
AcDbEntity
  8
AFC
 62
     8
100
AcDbLine
 10
1792973.684702877
 20
-980827.8270077992
 30
0.0
 11
1792977.757768534
 21
-981127.7993567518
 31
0.0
  0
LINE
  5
C61B3
330
2
100
AcDbEntity
  8
AFC
 62
     8
100
AcDbLine
 10
1792999.480454113
 20
-982727.6274885938
 30
0.0
 11
1793003.55351977
 21
-983027.5998375464
 31
0.0
  0
LINE
  5
C61B4
330
2
100
AcDbEntity
  8
AFC
 62
     8
100
AcDbLine
 10
1792803.535965973
 20
-983030.3157032994
 30
0.0
 11
1792815.755162939
 21
-983930.2327501572
 31
0.0
  0
LINE
  5
C61B5
330
2
100
AcDbEntity
  8
AFC
 62
     8
100
AcDbLine
 10
1792003.609702099
 20
-983041.177211714
 30
0.0
 11
1792015.828899066
 21
-983941.0942585716
 31
0.0
  0
LWPOLYLINE
  5
C61B6
330
2
100
AcDbEntity
  8
AFC
 62
     8
100
AcDbPolyline
 90
        4
 70
     1
 43
0.0
 10
1819631.827443628
 20
-983047.965165831
 10
1819635.900509284
 20
-982747.9928168784
 10
1817836.066415568
 20
-982723.554422945
 10
1817831.993349912
 20
-983023.5267718976
  0
LINE
  5
C61B7
330
2
100
AcDbEntity
  8
AFC
 62
     8
100
AcDbLine
 10
1819335.928160331
 20
-982743.9197512226
 30
0.0
 11
1819331.855094676
 21
-983043.8921001751
 31
0.0
  0
LWPOLYLINE
  5
C61B8
330
2
100
AcDbEntity
  8
AFC
 62
     8
100
AcDbPolyline
 90
        4
 70
     1
 43
0.0
 10
1819615.535181006
 20
-984247.8545616413
 10
1819619.608246662
 20
-983947.8822126888
 10
1817819.774152946
 20
-983923.4438187554
 10
1817815.70108729
 20
-984223.416167708
  0
LINE
  5
C61B9
330
2
100
AcDbEntity
  8
AFC
 62
     8
100
AcDbLine
 10
1818119.746501898
 20
-983927.5168844106
 30
0.0
 11
1818115.673436242
 21
-984227.4892333634
 31
0.0
  0
LWPOLYLINE
  5
C61BA
330
2
100
AcDbEntity
  8
AFC
 62
     8
100
AcDbPolyline
 90
        4
 70
     1
 43
0.0
 10
1819635.900509284
 20
-982747.9928168784
 10
1819639.97357494
 20
-982448.0204679258
 10
1817840.139481224
 20
-982423.5820739922
 10
1817836.066415568
 20
-982723.554422945
  0
LINE
  5
C61BB
330
2
100
AcDbEntity
  8
AFC
 62
     8
100
AcDbLine
 10
1818346.881507653
 20
-983030.3152146568
 30
0.0
 11
1818334.659557828
 21
-983930.4350033312
 31
0.0
  0
LINE
  5
C61BC
330
2
100
AcDbEntity
  8
AFC
 62
     8
100
AcDbLine
 10
1819146.807771526
 20
-983041.1767230718
 30
0.0
 11
1819134.585821703
 21
-983941.2965117462
 31
0.0
  0
TEXT
  5
C6E0A
330
2
100
AcDbEntity
  8
TEXT
  6
CONTINOUS
 62
     7
100
AcDbText
 10
1788865.130016373
 20
-1025444.896675519
 30
0.0
 40
7500.0
  1
站厅层平面图
 41
0.7
  7
标注
 72
     1
 11
1804491.114268342
 21
-1025444.896675519
 31
0.0
100
AcDbText
  0
TEXT
  5
C6E0E
330
2
100
AcDbEntity
  8
fas1
 62
     7
100
AcDbText
 10
1786918.955233563
 20
-978743.8355026742
 30
0.0000000000267103
 40
250.0
  1
A53
 50
359.9999999733196
 41
0.8
  7
_HZTXT
100
AcDbText
  0
INSERT
  5
C6E0F
330
2
100
AcDbEntity
  8
fas烟感
 62
     1
100
AcDbBlockReference
  2
fyg
 10
-200943.2896322226
 20
-769744.7664972539
 30
0.0000000001179119
 41
1.800000000046566
 42
1.800000000046566
 43
1.799999999999999
  0
TEXT
  5
C6E10
330
2
100
AcDbEntity
  8
fas1
 62
     7
100
AcDbText
 10
1787008.192599582
 20
-990760.692349661
 30
-0.0000000000912016
 40
250.0
  1
A54
 50
359.9999999733196
 41
0.8
  7
_HZTXT
100
AcDbText
  0
INSERT
  5
C6E11
330
2
100
AcDbEntity
  8
fas烟感
 62
     1
100
AcDbBlockReference
  2
fyg
 10
-200854.0522662029
 20
-781761.6233442407
 30
0.0
 41
1.800000000046566
 42
1.800000000046566
 43
1.799999999999999
  0
TEXT
  5
C6E12
330
2
100
AcDbEntity
  8
fas1
 62
     7
100
AcDbText
 10
1794918.955233563
 20
-978743.8355026742
 30
0.0000000000267103
 40
250.0
  1
A52
 50
359.9999999733196
 41
0.8
  7
_HZTXT
100
AcDbText
  0
INSERT
  5
C6E13
330
2
100
AcDbEntity
  8
fas烟感
 62
     1
100
AcDbBlockReference
  2
fyg
 10
-192943.2896322226
 20
-769744.7664972539
 30
0.0000000001179119
 41
1.800000000046566
 42
1.800000000046566
 43
1.799999999999999
  0
TEXT
  5
C6E14
330
2
100
AcDbEntity
  8
fas1
 62
     7
100
AcDbText
 10
1795008.192599582
 20
-990760.692349661
 30
-0.0000000000912016
 40
250.0
  1
A55
 50
359.9999999733196
 41
0.8
  7
_HZTXT
100
AcDbText
  0
INSERT
  5
C6E15
330
2
100
AcDbEntity
  8
fas烟感
 62
     1
100
AcDbBlockReference
  2
fyg
 10
-192854.0522662029
 20
-781761.6233442407
 30
0.0
 41
1.800000000046566
 42
1.800000000046566
 43
1.799999999999999
  0
TEXT
  5
C6E16
330
2
100
AcDbEntity
  8
fas1
 62
     7
100
AcDbText
 10
1802918.955233563
 20
-978743.8355026742
 30
0.0000000000267103
 40
250.0
  1
A51
 50
359.9999999733196
 41
0.8
  7
_HZTXT
100
AcDbText
  0
INSERT
  5
C6E17
330
2
100
AcDbEntity
  8
fas烟感
 62
     1
100
AcDbBlockReference
  2
fyg
 10
-184943.2896322226
 20
-769744.7664972539
 30
0.0000000001179119
 41
1.800000000046566
 42
1.800000000046566
 43
1.799999999999999
  0
TEXT
  5
C6E18
330
2
100
AcDbEntity
  8
fas1
 62
     7
100
AcDbText
 10
1803008.192599582
 20
-990760.692349661
 30
-0.0000000000912016
 40
250.0
  1
A59
 50
359.9999999733196
 41
0.8
  7
_HZTXT
100
AcDbText
  0
INSERT
  5
C6E19
330
2
100
AcDbEntity
  8
fas烟感
 62
     1
100
AcDbBlockReference
  2
fyg
 10
-184854.0522662029
 20
-781761.6233442407
 30
0.0
 41
1.800000000046566
 42
1.800000000046566
 43
1.799999999999999
  0
TEXT
  5
C6E1A
330
2
100
AcDbEntity
  8
fas1
 62
     7
100
AcDbText
 10
1810918.955233563
 20
-978743.8355026742
 30
0.0000000000267103
 40
250.0
  1
A65
 50
359.9999999733196
 41
0.8
  7
_HZTXT
100
AcDbText
  0
INSERT
  5
C6E1B
330
2
100
AcDbEntity
  8
fas烟感
 62
     1
100
AcDbBlockReference
  2
fyg
 10
-176943.2896322226
 20
-769744.7664972539
 30
0.0000000001179119
 41
1.800000000046566
 42
1.800000000046566
 43
1.799999999999999
  0
TEXT
  5
C6E1C
330
2
100
AcDbEntity
  8
fas1
 62
     7
100
AcDbText
 10
1811008.192599582
 20
-990760.692349661
 30
-0.0000000000912016
 40
250.0
  1
A60
 50
359.9999999733196
 41
0.8
  7
_HZTXT
100
AcDbText
  0
INSERT
  5
C6E1D
330
2
100
AcDbEntity
  8
fas烟感
 62
     1
100
AcDbBlockReference
  2
fyg
 10
-176854.0522662029
 20
-781761.6233442407
 30
0.0
 41
1.800000000046566
 42
1.800000000046566
 43
1.799999999999999
  0
TEXT
  5
C6E1E
330
2
100
AcDbEntity
  8
fas1
 62
     7
100
AcDbText
 10
1818918.955233563
 20
-978743.8355026742
 30
0.0000000000267103
 40
250.0
  1
A64
 50
359.9999999733196
 41
0.8
  7
_HZTXT
100
AcDbText
  0
INSERT
  5
C6E1F
330
2
100
AcDbEntity
  8
fas烟感
 62
     1
100
AcDbBlockReference
  2
fyg
 10
-168943.2896322226
 20
-769744.7664972539
 30
0.0000000001179119
 41
1.800000000046566
 42
1.800000000046566
 43
1.799999999999999
  0
TEXT
  5
C6E20
330
2
100
AcDbEntity
  8
fas1
 62
     7
100
AcDbText
 10
1819008.192599582
 20
-990760.692349661
 30
-0.0000000000912016
 40
250.0
  1
A61
 50
359.9999999733196
 41
0.8
  7
_HZTXT
100
AcDbText
  0
INSERT
  5
C6E21
330
2
100
AcDbEntity
  8
fas烟感
 62
     1
100
AcDbBlockReference
  2
fyg
 10
-168854.0522662029
 20
-781761.6233442407
 30
0.0
 41
1.800000000046566
 42
1.800000000046566
 43
1.799999999999999
  0
TEXT
  5
C6E22
330
2
100
AcDbEntity
  8
fas1
 62
     7
100
AcDbText
 10
1826918.955233563
 20
-978743.8355026742
 30
0.0000000000267103
 40
250.0
  1
A63
 50
359.9999999733196
 41
0.8
  7
_HZTXT
100
AcDbText
  0
INSERT
  5
C6E23
330
2
100
AcDbEntity
  8
fas烟感
 62
     1
100
AcDbBlockReference
  2
fyg
 10
-160943.2896322226
 20
-769744.7664972539
 30
0.0000000001179119
 41
1.800000000046566
 42
1.800000000046566
 43
1.799999999999999
  0
TEXT
  5
C6E24
330
2
100
AcDbEntity
  8
fas1
 62
     7
100
AcDbText
 10
1827008.192599582
 20
-990760.692349661
 30
-0.0000000000912016
 40
250.0
  1
A62
 50
359.9999999733196
 41
0.8
  7
_HZTXT
100
AcDbText
  0
INSERT
  5
C6E25
330
2
100
AcDbEntity
  8
fas烟感
 62
     1
100
AcDbBlockReference
  2
fyg
 10
-160854.0522662029
 20
-781761.6233442407
 30
0.0
 41
1.800000000046566
 42
1.800000000046566
 43
1.799999999999999
  0
INSERT
  5
C6E32
330
2
100
AcDbEntity
  8
FAS手动报警
 62
     7
100
AcDbBlockReference
  2
YI
 10
1604932.94049273
 20
-881111.8359135849
 30
0.0
 41
1.228800000157207
 42
1.228800000157207
 43
1.2288
  0
TEXT
  5
C6E33
330
2
100
AcDbEntity
  8
fas1
 62
     7
100
AcDbText
 10
1784683.232227635
 20
-984059.5248075344
 30
0.0
 40
250.0
  1
AN9
 50
359.9999999733196
 41
0.8
  7
_HZTXT
100
AcDbText
  0
INSERT
  5
C6E34
330
2
100
AcDbEntity
  8
FAS手动报警
 62
     7
100
AcDbBlockReference
  2
YI
 10
1647941.429145582
 20
-881181.0192799981
 30
0.0
 41
1.228800000157207
 42
1.228800000157207
 43
1.2288
  0
TEXT
  5
C6E35
330
2
100
AcDbEntity
  8
fas1
 62
     7
100
AcDbText
 10
1826242.222808886
 20
-984365.0628045372
 30
0.0
 40
250.0
  1
AN15
 50
359.9999999733196
 41
0.8
  7
_HZTXT
100
AcDbText
  0
LINE
  5
C6FC2
330
2
100
AcDbEntity
  8
fas
  6
Continuous
 62
     6
100
AcDbLine
 10
1808452.243816104
 20
-970415.1199328552
 30
0.0000000014752832
 11
1808452.243816106
 21
-978200.760863164
 31
-0.0000000000557848
  0
LINE
  5
C6FC3
330
2
100
AcDbEntity
  8
fas
 62
     1
100
AcDbLine
 10
1808202.243816104
 20
-970415.1853697113
 30
0.0000000014281304
 11
1808202.243816105
 21
-975827.2182076348
 31
0.0000000004789806
  0
LINE
  5
C6FC4
330
2
100
AcDbEntity
  8
fas
 62
     3
100
AcDbLine
 10
1807952.243816104
 20
-970415.250806567
 30
0.0000000014682823
 11
1807952.243816105
 21
-975390.1593911272
 31
0.0000000005624894
  0
LINE
  5
C6FC5
330
2
100
AcDbEntity
  8
fas
 62
     3
100
AcDbLine
 10
1807952.243816105
 20
-975590.1593911272
 30
0.000000000526075
 11
1807952.243816105
 21
-975827.2182076348
 31
0.0000000004829131
  0
LINE
  5
C6FC6
330
2
100
AcDbEntity
  8
fas
 62
     3
100
AcDbLine
 10
1807952.243816105
 20
-976027.2182076348
 30
0.0000000004464987
 11
1807952.243816106
 21
-980778.814138644
 31
-0.0000000004186352
  0
LWPOLYLINE
  5
C6FC8
330
2
100
AcDbEntity
  8
fas1
 62
     6
100
AcDbPolyline
 90
        4
 70
     1
 43
0.0
 10
1815942.396452933
 20
-977305.0565639982
 10
1816898.196452933
 20
-977305.0565639982
 10
1816898.196452933
 20
-977782.954637675
 10
1815942.396452933
 20
-977782.954637675
  0
TEXT
  5
C6FC9
330
2
100
AcDbEntity
  8
fas1
 62
     7
100
AcDbText
 10
1816049.036956967
 20
-977705.6919657732
 30
-0.0000000000366317
 40
333.0
  1
I/O
 50
359.9999999733196
 41
0.85
  7
S3
100
AcDbText
  0
LINE
  5
C6FCA
330
2
100
AcDbEntity
  8
fas
  6
Continuous
 62
     6
100
AcDbLine
 10
1809763.632828562
 20
-978200.760863164
 30
0.0000000001179119
 11
1808452.243816106
 21
-978200.760863164
 31
0.0000000001019852
  0
LINE
  5
C6FCB
330
2
100
AcDbEntity
  8
fas
 62
     3
100
AcDbLine
 10
1825808.532522483
 20
-980878.8141386441
 30
0.0
 11
1808052.243816106
 21
-980878.814138644
 31
-0.0000000000038924
  0
LINE
  5
C6FCC
330
2
100
AcDbEntity
  8
fas
  6
Continuous
 62
     3
100
AcDbLine
 10
1784315.831816425
 20
-983932.0098526832
 30
0.0
 11
1784315.831816425
 21
-988215.7090487113
 31
0.0
  0
LINE
  5
C6FCD
330
2
100
AcDbEntity
  8
fas
  6
Continuous
 62
     3
100
AcDbLine
 10
1784315.831816425
 20
-988215.7090487113
 30
0.0
 11
1825794.260492782
 21
-988215.7090487116
 31
0.0
  0
LINE
  5
C6FCE
330
2
100
AcDbEntity
  8
fas
  6
Continuous
 62
     3
100
AcDbLine
 10
1825794.260492782
 20
-983656.3575988178
 30
0.0
 11
1825794.260492782
 21
-988215.7090487116
 31
0.0
  0
LINE
  5
C6FCF
330
2
100
AcDbEntity
  8
fas
  6
Continuous
 62
     6
100
AcDbLine
 10
1810816.30882857
 20
-978200.760863164
 30
0.0000000001179119
 11
1816127.513712214
 21
-978200.760863164
 31
0.0000000001179119
  0
LINE
  5
C6FD0
330
2
100
AcDbEntity
  8
fas
  6
Continuous
 62
     6
100
AcDbLine
 10
1816127.513712214
 20
-978200.760863164
 30
0.0000000001179119
 11
1816127.513712214
 21
-977782.954637675
 31
0.0
  0
LINE
  5
C6FD1
330
2
100
AcDbEntity
  8
fas
  6
Continuous
 62
     6
100
AcDbLine
 10
1816585.762667669
 20
-978200.760863164
 30
0.0000000001179119
 11
1816585.762667669
 21
-977782.954637675
 31
0.0
  0
LINE
  5
C6FD2
330
2
100
AcDbEntity
  8
fas
  6
Continuous
 62
     6
100
AcDbLine
 10
1817763.632828562
 20
-978200.760863164
 30
0.0000000001179119
 11
1816585.762667669
 21
-978200.760863164
 31
0.0000000001179119
  0
LINE
  5
C6FD3
330
2
100
AcDbEntity
  8
fas
  6
Continuous
 62
     6
100
AcDbLine
 10
1825763.632828562
 20
-978200.760863164
 30
0.0000000001179119
 11
1818816.30882857
 21
-978200.760863164
 31
0.0000000001179119
  0
LINE
  5
C6FD4
330
2
100
AcDbEntity
  8
fas
  6
Continuous
 62
     6
100
AcDbLine
 10
1826289.970828566
 20
-978727.0988631784
 30
0.0000000001179119
 11
1826289.970828566
 21
-982021.1921823582
 31
0.0000000001179119
  0
LINE
  5
C6FD5
330
2
100
AcDbEntity
  8
fas
  6
Continuous
 62
     6
100
AcDbLine
 10
1826289.970828566
 20
-982021.1921823582
 30
0.0000000001179119
 11
1827084.11563531
 21
-983116.4572189832
 31
0.0
  0
LINE
  5
C6FD6
330
2
100
AcDbEntity
  8
fas
  6
Continuous
 62
     3
100
AcDbLine
 10
1826494.291635234
 20
-983383.8040694564
 30
0.0
 11
1825808.532522483
 21
-983383.8040694566
 31
0.0
  0
LINE
  5
C6FD7
330
2
100
AcDbEntity
  8
fas
  6
Continuous
 62
     3
100
AcDbLine
 10
1825808.532522483
 20
-983383.8040694566
 30
0.0
 11
1825808.532522483
 21
-980878.8141386441
 31
0.0
  0
LINE
  5
C6FD8
330
2
100
AcDbEntity
  8
fas
  6
Continuous
 62
     3
100
AcDbLine
 10
1826494.291635234
 20
-983656.3575988176
 30
0.0
 11
1825794.260492782
 21
-983656.3575988178
 31
0.0
  0
LINE
  5
C6FD9
330
2
100
AcDbEntity
  8
fas
  6
Continuous
 62
     6
100
AcDbLine
 10
1827084.11563531
 20
-984001.1932190964
 30
0.0
 11
1827084.11563531
 21
-988820.004796542
 31
0.0
  0
LINE
  5
C6FDA
330
2
100
AcDbEntity
  8
fas
  6
Continuous
 62
     6
100
AcDbLine
 10
1827084.11563531
 20
-988820.004796542
 30
0.0
 11
1826379.208194586
 21
-989691.2797101366
 31
0.0
  0
LINE
  5
C6FDB
330
2
100
AcDbEntity
  8
fas
  6
Continuous
 62
     6
100
AcDbLine
 10
1818905.54619459
 20
-990217.6177101508
 30
0.0
 11
1825852.870194582
 21
-990217.6177101508
 31
0.0
  0
LINE
  5
C6FDC
330
2
100
AcDbEntity
  8
fas
  6
Continuous
 62
     6
100
AcDbLine
 10
1817852.870194582
 20
-990217.6177101508
 30
0.0
 11
1816833.984139556
 21
-990217.617710151
 31
0.0000000000249711
  0
LINE
  5
C6FDD
330
2
100
AcDbEntity
  8
fas
  6
Continuous
 62
     6
100
AcDbLine
 10
1816375.735184102
 20
-990217.617710151
 30
-0.0000000001727967
 11
1810905.54619459
 21
-990217.6177101508
 31
0.0
  0
LINE
  5
C6FDE
330
2
100
AcDbEntity
  8
fas
  6
Continuous
 62
     6
100
AcDbLine
 10
1802905.54619459
 20
-990217.6177101508
 30
0.0
 11
1809852.870194582
 21
-990217.6177101508
 31
0.0
  0
LINE
  5
C6FDF
330
2
100
AcDbEntity
  8
fas
  6
Continuous
 62
     6
100
AcDbLine
 10
1794905.54619459
 20
-990217.6177101508
 30
0.0
 11
1800689.976034762
 21
-990217.617710151
 31
0.0
  0
LINE
  5
C6FE0
330
2
100
AcDbEntity
  8
fas
  6
Continuous
 62
     6
100
AcDbLine
 10
1786905.54619459
 20
-990217.6177101508
 30
0.0
 11
1793852.870194582
 21
-990217.6177101508
 31
0.0
  0
LINE
  5
C6FE1
330
2
100
AcDbEntity
  8
fas
  6
Continuous
 62
     6
100
AcDbLine
 10
1783742.640530424
 20
-983932.0098526832
 30
0.0
 11
1783742.640530424
 21
-990217.6177101508
 31
0.0
  0
LINE
  5
C6FE2
330
2
100
AcDbEntity
  8
fas
  6
Continuous
 62
     6
100
AcDbLine
 10
1785852.870194582
 20
-990217.6177101508
 30
0.0
 11
1783742.640530424
 21
-990217.6177101508
 31
0.0
  0
LINE
  5
C6FE3
330
2
100
AcDbEntity
  8
fas
  6
Continuous
 62
     6
100
AcDbLine
 10
1785763.632828562
 20
-978200.760863164
 30
0.0000000001179119
 11
1784075.626982457
 21
-978200.760863164
 31
0.0000000001401634
  0
LINE
  5
C6FE4
330
2
100
AcDbEntity
  8
fas
  6
Continuous
 62
     6
100
AcDbLine
 10
1784075.626982457
 20
-983047.27385257
 30
0.0
 11
1784075.626982457
 21
-978200.760863164
 31
0.0
  0
LINE
  5
C6FE5
330
2
100
AcDbEntity
  8
fas
  6
Continuous
 62
     6
100
AcDbLine
 10
1786816.30882857
 20
-978200.760863164
 30
0.0000000001179119
 11
1793763.632828562
 21
-978200.760863164
 31
0.0000000001179119
  0
TEXT
  5
C70E9
330
2
100
AcDbEntity
  8
fas1
 62
     7
100
AcDbText
 10
1810209.371517963
 20
-969435.6993250878
 30
-0.0000000050207481
 40
250.0
  1
MZ-DG20
 50
359.9999999733196
 41
0.8
  7
_HZTXT
100
AcDbText
  0
LINE
  5
C70EA
330
2
100
AcDbEntity
  8
fas
 62
     7
 48
0.0001
100
AcDbLine
 10
1808536.139374475
 20
-970728.2000621734
 30
0.0000000013964902
 11
1808368.348257733
 21
-970895.8452640967
 31
0.0000000013964902
  0
LINE
  5
C70EB
330
2
100
AcDbEntity
  8
fas
  6
Continuous
 62
     7
100
AcDbLine
 10
1807338.495704751
 20
-970812.0226631348
 30
0.0000000013964902
 11
1810084.473162064
 21
-970812.0226631348
 31
0.0000000013964902
  0
LINE
  5
C70EC
330
2
100
AcDbEntity
  8
fas
  6
Continuous
 62
     7
100
AcDbLine
 10
1810084.473162064
 20
-969426.5493394223
 30
0.0000000013964902
 11
1810084.473162064
 21
-970812.022663135
 31
0.0000000013964902
  0
LINE
  5
C70ED
330
2
100
AcDbEntity
  8
fas
 62
     7
 48
0.0001
100
AcDbLine
 10
1808286.139374475
 20
-970728.2000621734
 30
0.0000000013964902
 11
1808118.348257732
 21
-970895.8452640967
 31
0.0000000013964902
  0
LINE
  5
C70EE
330
2
100
AcDbEntity
  8
fas
 62
     7
 48
0.0001
100
AcDbLine
 10
1808036.139374474
 20
-970728.2000621734
 30
0.0000000013964902
 11
1807868.348257732
 21
-970895.8452640967
 31
0.0000000013964902
  0
LINE
  5
C70EF
330
2
100
AcDbEntity
  8
fas
 62
     7
 48
0.0001
100
AcDbLine
 10
1807422.391263122
 20
-970728.2000621734
 30
0.0000000013964902
 11
1807254.600146379
 21
-970895.8452640967
 31
0.0000000013964902
  0
LINE
  5
C70F0
330
2
100
AcDbEntity
  8
fas1
 62
     7
100
AcDbLine
 10
1810084.473162064
 20
-970663.8205209186
 30
0.0000000013964902
 11
1812830.450619378
 21
-970663.8205209186
 31
0.0000000013964902
  0
LINE
  5
C70F1
330
2
100
AcDbEntity
  8
fas1
 62
     7
100
AcDbLine
 10
1810084.473162064
 20
-970263.8205209186
 30
0.0000000013964902
 11
1812830.450619378
 21
-970263.8205209186
 31
0.0000000013964902
  0
LINE
  5
C70F2
330
2
100
AcDbEntity
  8
fas1
 62
     7
100
AcDbLine
 10
1810084.473162064
 20
-969863.8205209186
 30
0.0000000013964902
 11
1812830.450619378
 21
-969863.8205209186
 31
0.0000000013964902
  0
LINE
  5
C70F3
330
2
100
AcDbEntity
  8
fas1
 62
     7
100
AcDbLine
 10
1810084.473162064
 20
-969463.8205209186
 30
0.0000000013964902
 11
1812830.450619378
 21
-969463.8205209186
 31
0.0000000013964902
  0
TEXT
  5
C70F4
330
2
100
AcDbEntity
  8
fas1
 62
     7
100
AcDbText
 10
1810219.327865299
 20
-969831.2576387174
 30
0.000000001888486
 40
250.0
  1
2PZ-DG25
 50
359.9999999733196
 41
0.8
  7
_HZTXT
100
AcDbText
  0
TEXT
  5
C70F5
330
2
100
AcDbEntity
  8
fas1
 62
     7
100
AcDbText
 10
1810158.27236059
 20
-970629.9189834713
 30
0.0000000025625543
 40
250.0
  1
MZ-DG20
 50
359.9999999733196
 41
0.8
  7
_HZTXT
100
AcDbText
  0
TEXT
  5
C70F6
330
2
100
AcDbEntity
  8
fas1
 62
     7
100
AcDbText
 10
1810144.290028304
 20
-970997.068919509
 30
0.0000000024640444
 40
250.0
  1
由天桥下夹层至附属用房
 50
359.9999999733196
 41
0.8
  7
_HZTXT
100
AcDbText
  0
LINE
  5
C70F7
330
2
100
AcDbEntity
  8
fas
 62
     6
100
AcDbLine
 10
1807338.495704751
 20
-970415.1853697118
 30
0.0000000014281304
 11
1807338.495704751
 21
-974883.7757160602
 31
0.0000000006444394
  0
LWPOLYLINE
  5
C70F9
330
2
100
AcDbEntity
  8
fas
  6
Continuous
 62
     7
100
AcDbPolyline
 90
        4
 70
     1
 43
0.0
 38
0.0000000009021986
 10
1807852.243816105
 20
-975590.1593911272
 10
1808052.243816105
 20
-975590.1593911272
 10
1808052.243816105
 20
-975390.1593911272
 10
1807852.243816105
 20
-975390.1593911272
  0
LINE
  5
C70FA
330
2
100
AcDbEntity
  8
fas1
 62
     3
100
AcDbLine
 10
1807852.243816105
 20
-975490.1593911272
 30
0.0000000009021986
 11
1801745.970769712
 21
-975490.1593911274
 31
0.0000000009402162
  0
HATCH
  5
C70FB
330
2
100
AcDbEntity
  8
fas1
  6
Continuous
 62
     7
100
AcDbHatch
 10
0.0
 20
0.0
 30
0.0
210
0.0
220
0.0
230
1.0
  2
ANSI31
 70
     0
 71
     1
 91
        1
 92
        1
 93
        1
 72
     2
 10
1800703.751281181
 20
-974871.9306087538
 40
120.2619688210397
 50
0.0
 51
360.0
 73
     1
 97
        1
330
C70FC
 75
     0
 76
     1
 52
0.0
 41
1.0
 77
     0
 78
     1
 53
45.0
 43
1321608.935430811
 44
-964870.7846817108
 45
-0.0883883476483184
 46
0.0883883476483184
 79
     0
 98
        1
 10
1321608.935430811
 20
-964870.7846817108
1001
ACAD
1010
0.0
1020
0.0
1030
0.0
  0
CIRCLE
  5
C70FC
102
{ACAD_REACTORS
330
C70FB
102
}
330
2
100
AcDbEntity
  8
fas
 62
     7
100
AcDbCircle
 10
1800703.751281181
 20
-974871.9306087538
 30
0.0
 40
120.2619688210397
  0
LWPOLYLINE
  5
C70FD
330
2
100
AcDbEntity
  8
fas
 62
     7
100
AcDbPolyline
 90
        2
 70
     0
 10
1802254.960723058
 20
-974361.1262138856
 40
0.0
 41
79.99999999999993
 10
1801966.08200228
 20
-974585.1379807208
 40
79.99999999999993
 41
79.99999999999993
  0
LINE
  5
C70FE
330
2
100
AcDbEntity
  8
fas
 62
     7
100
AcDbLine
 10
1801580.841474382
 20
-974883.7757160608
 30
0.0
 11
1802404.852233378
 21
-974244.914247823
 31
0.0
  0
TEXT
  5
C70FF
330
2
100
AcDbEntity
  8
fas1
 62
     7
100
AcDbText
 10
1798143.333109822
 20
-974185.9214663586
 30
0.0000000000019725
 40
250.0
  1
MZ-DG20
 50
359.9999999733196
 41
0.8
  7
_HZTXT
100
AcDbText
  0
TEXT
  5
C7100
330
2
100
AcDbEntity
  8
fas1
 62
     7
100
AcDbText
 10
1798012.734293079
 20
-974522.9437510262
 30
-0.0000000000965373
 40
250.0
  1
站台夹层来
 50
359.9999999733196
 41
0.8
  7
_HZTXT
100
AcDbText
  0
LINE
  5
C7101
330
2
100
AcDbEntity
  8
fas
 62
     7
370
     9
100
AcDbLine
 10
1798022.531950672
 20
-974244.8862135498
 30
0.0
 11
1800125.465374382
 21
-974244.8862135498
 31
0.0
  0
HATCH
  5
C7102
330
2
100
AcDbEntity
  8
fas1
  6
Continuous
 62
     7
100
AcDbHatch
 10
0.0
 20
0.0
 30
0.0
210
0.0
220
0.0
230
1.0
  2
ANSI31
 70
     0
 71
     1
 91
        1
 92
        1
 93
        1
 72
     2
 10
1801580.841474382
 20
-974883.7757160608
 40
120.2619688210397
 50
0.0
 51
360.0
 73
     1
 97
        1
330
C7103
 75
     0
 76
     1
 52
0.0
 41
1.0
 77
     0
 78
     1
 53
45.0
 43
1322486.025624012
 44
-964882.6297890178
 45
-0.0883883476483184
 46
0.0883883476483184
 79
     0
 98
        1
 10
1322486.025624012
 20
-964882.6297890178
1001
ACAD
1010
0.0
1020
0.0
1030
0.0
  0
CIRCLE
  5
C7103
102
{ACAD_REACTORS
330
C7102
102
}
330
2
100
AcDbEntity
  8
fas
 62
     7
100
AcDbCircle
 10
1801580.841474382
 20
-974883.7757160608
 30
0.0
 40
120.2619688210397
  0
TEXT
  5
C7104
330
2
100
AcDbEntity
  8
fas1
 62
     7
100
AcDbText
 10
1802435.292187317
 20
-973597.7526004722
 30
0.0000000000019725
 40
250.0
  1
MZ-DG20
 50
359.9999999733196
 41
0.8
  7
_HZTXT
100
AcDbText
  0
TEXT
  5
C7105
330
2
100
AcDbEntity
  8
fas1
 62
     7
100
AcDbText
 10
1803817.97111547
 20
-974209.4860915266
 30
-0.0000000000965373
 40
250.0
  1
至站台夹层
 50
359.9999999733196
 41
0.8
  7
_HZTXT
100
AcDbText
  0
LINE
  5
C7106
330
2
100
AcDbEntity
  8
fas
 62
     7
370
     9
100
AcDbLine
 10
1802404.852233378
 20
-974244.914247823
 30
0.0
 11
1804417.424451877
 21
-974244.9142478232
 31
0.0
  0
LINE
  5
C7107
330
2
100
AcDbEntity
  8
fas
 62
     1
100
AcDbLine
 10
1801545.970769713
 20
-975927.2182076348
 30
0.0000000000369602
 11
1801545.970769713
 21
-974883.7757160608
 31
0.0
  0
LINE
  5
C7108
330
2
100
AcDbEntity
  8
fas
  6
Continuous
 62
     3
100
AcDbLine
 10
1801745.970769712
 20
-975490.1593911274
 30
0.000000000021479
 11
1801745.970769712
 21
-975187.6292993776
 31
0.0000000000107629
  0
HATCH
  5
C7109
330
2
100
AcDbEntity
  8
fas1
  6
Continuous
 62
     7
100
AcDbHatch
 10
0.0
 20
0.0
 30
0.0
210
0.0
220
0.0
230
1.0
  2
ANSI31
 70
     0
 71
     1
 91
        1
 92
        1
 93
        1
 72
     2
 10
1800689.976034762
 20
-993515.4091116908
 40
120.2619688210397
 50
0.0
 51
360.0
 73
     1
 97
        1
330
C710A
 75
     0
 76
     1
 52
0.0
 41
1.0
 77
     0
 78
     1
 53
45.0
 43
1321595.160184391
 44
-983514.2631846477
 45
-0.0883883476483184
 46
0.0883883476483184
 79
     0
 98
        1
 10
1321595.160184391
 20
-983514.2631846477
1001
ACAD
1010
0.0
1020
0.0
1030
0.0
  0
CIRCLE
  5
C710A
102
{ACAD_REACTORS
330
C7109
102
}
330
2
100
AcDbEntity
  8
fas
 62
     7
100
AcDbCircle
 10
1800689.976034762
 20
-993515.4091116908
 30
0.0
 40
120.2619688210397
  0
LWPOLYLINE
  5
C710B
330
2
100
AcDbEntity
  8
fas
 62
     7
100
AcDbPolyline
 90
        2
 70
     0
 10
1800111.690127962
 20
-992888.3647164868
 40
0.0
 41
79.99999999999993
 10
1800359.543477788
 20
-993157.0669754632
 40
79.99999999999993
 41
79.99999999999993
  0
LINE
  5
C710C
330
2
100
AcDbEntity
  8
fas
 62
     7
100
AcDbLine
 10
1800689.976034762
 20
-993515.4091116908
 30
0.0
 11
1800111.690127962
 21
-992888.3647164868
 31
0.0
  0
TEXT
  5
C710D
330
2
100
AcDbEntity
  8
fas1
 62
     7
100
AcDbText
 10
1803797.68868861
 20
-992852.8852261248
 30
-0.0000000000965373
 40
250.0
  1
夹层来
 50
359.9999999733196
 41
0.8
  7
_HZTXT
100
AcDbText
  0
LINE
  5
C710E
330
2
100
AcDbEntity
  8
fas1
 62
     7
100
AcDbLine
 10
1798008.756704252
 20
-994997.8893594611
 30
0.0
 11
1800111.690127962
 21
-994997.8893594611
 31
0.0
  0
HATCH
  5
C710F
330
2
100
AcDbEntity
  8
fas1
  6
Continuous
 62
     7
100
AcDbHatch
 10
0.0
 20
0.0
 30
0.0
210
0.0
220
0.0
230
1.0
  2
ANSI31
 70
     0
 71
     1
 91
        1
 92
        1
 93
        1
 72
     2
 10
1801822.067045977
 20
-993207.7401999641
 40
120.2619688210397
 50
0.0
 51
360.0
 73
     1
 97
        1
330
C7110
 75
     0
 76
     1
 52
0.0
 41
1.0
 77
     0
 78
     1
 53
45.0
 43
1322727.251195607
 44
-983206.5942729212
 45
-0.0883883476483184
 46
0.0883883476483184
 79
     0
 98
        1
 10
1322727.251195607
 20
-983206.5942729212
1001
ACAD
1010
0.0
1020
0.0
1030
0.0
  0
CIRCLE
  5
C7110
102
{ACAD_REACTORS
330
C710F
102
}
330
2
100
AcDbEntity
  8
fas
 62
     7
100
AcDbCircle
 10
1801822.067045977
 20
-993207.7401999641
 30
0.0
 40
120.2619688210397
  0
LWPOLYLINE
  5
C7111
330
2
100
AcDbEntity
  8
fas
 62
     7
100
AcDbPolyline
 90
        2
 70
     0
 10
1801758.612478191
 20
-993105.5812112666
 40
0.0
 41
79.99999999999993
 10
1801490.835230049
 20
-992856.728780343
 40
79.99999999999993
 41
79.99999999999993
  0
LINE
  5
C7112
330
2
100
AcDbEntity
  8
fas
 62
     7
100
AcDbLine
 10
1801133.831790722
 20
-992524.8503302846
 30
0.0
 11
1801758.612478191
 21
-993105.5812112666
 31
0.0
  0
TEXT
  5
C7113
330
2
100
AcDbEntity
  8
fas1
 62
     7
100
AcDbText
 10
1802421.516940897
 20
-992829.4280035688
 30
0.0000000000019725
 40
250.0
  1
MZ-DG20
 50
359.9999999733196
 41
0.8
  7
_HZTXT
100
AcDbText
  0
LINE
  5
C7114
330
2
100
AcDbEntity
  8
fas
 62
     7
370
     9
100
AcDbLine
 10
1802300.715781747
 20
-992888.39275076
 30
0.0
 11
1804403.649205457
 21
-992888.39275076
 31
0.0
  0
LWPOLYLINE
  5
C712E
330
2
100
AcDbEntity
  8
fas1
 62
     6
100
AcDbPolyline
 90
        4
 70
     1
 43
0.0
 10
1816127.864883561
 20
-990829.9013648808
 10
1817083.664883561
 20
-990829.9013648808
 10
1817083.664883561
 20
-991307.7994385578
 10
1816127.864883561
 20
-991307.7994385578
  0
TEXT
  5
C712F
330
2
100
AcDbEntity
  8
fas1
 62
     7
100
AcDbText
 10
1816234.505387595
 20
-991230.5367666557
 30
-0.0000000000366317
 40
333.0
  1
I/O
 50
359.9999999733196
 41
0.85
  7
S3
100
AcDbText
  0
LINE
  5
C7134
330
2
100
AcDbEntity
  8
fas
 62
     7
370
     9
100
AcDbLine
 10
1800689.976034762
 20
-993515.4091116908
 30
0.0
 11
1800111.690127962
 21
-993740.2514902854
 31
0.0
  0
LINE
  5
C7135
330
2
100
AcDbEntity
  8
fas
  6
Continuous
 62
     6
100
AcDbLine
 10
1800689.976034762
 20
-993515.4091116908
 30
0.0
 11
1800689.976034762
 21
-990217.617710151
 31
0.0
  0
LINE
  5
C7136
330
2
100
AcDbEntity
  8
fas
  6
Continuous
 62
     6
100
AcDbLine
 10
1801822.067045977
 20
-991439.9531423554
 30
0.0
 11
1801822.067045977
 21
-993207.7401999641
 31
0.0
  0
LWPOLYLINE
  5
C7137
330
2
100
AcDbEntity
  8
fas
  6
Continuous
 62
     7
100
AcDbPolyline
 90
        4
 70
     1
 43
0.0
 38
0.0000000006891956
 10
1808102.243816105
 20
-976027.2182076348
 10
1808302.243816105
 20
-976027.2182076348
 10
1808302.243816105
 20
-975827.2182076348
 10
1808102.243816105
 20
-975827.2182076348
  0
LINE
  5
C7138
330
2
100
AcDbEntity
  8
fas
 62
     1
100
AcDbLine
 10
1808102.243816105
 20
-975927.2182076348
 30
0.0000000006891956
 11
1801545.970769713
 21
-975927.2182076348
 31
0.0000000007455757
  0
LINE
  5
C7139
330
2
100
AcDbEntity
  8
fas
  6
Continuous
 62
     3
100
AcDbLine
 10
1801607.249892197
 20
-974883.7757160608
 30
0.0
 11
1801745.970769712
 21
-975187.6292993776
 31
-0.0000000000058413
  0
LWPOLYLINE
  5
C713A
330
2
100
AcDbEntity
  8
fas
 62
     7
100
AcDbPolyline
 90
        2
 70
     0
 10
1800810.369643975
 20
-974816.2936978058
 40
0.0
 41
79.99999999999993
 10
1801099.248364753
 20
-974592.2819309708
 40
79.99999999999993
 41
79.99999999999993
  0
LINE
  5
C713B
330
2
100
AcDbEntity
  8
fas
 62
     7
100
AcDbLine
 10
1801484.488892651
 20
-974293.6441956306
 30
0.0
 11
1800810.369643975
 21
-974816.2936978058
 31
0.0
  0
LINE
  5
C713C
330
2
100
AcDbEntity
  8
fas
  6
Continuous
 62
     6
100
AcDbLine
 10
1801607.249892197
 20
-974883.7757160608
 30
0.0
 11
1807338.495704751
 21
-974883.7757160602
 31
0.0000000006444394
  0
TEXT
  5
C713D
330
2
100
AcDbEntity
  8
fas1
 62
     7
100
AcDbText
 10
1802695.29257439
 20
-975448.1111268508
 30
-0.0000000054278855
 40
250.0
  1
T3-DG20
 50
359.9999999733196
 41
0.8
  7
_HZTXT
100
AcDbText
  0
LINE
  5
C713E
330
2
100
AcDbEntity
  8
fas
 62
     7
 48
0.0001
100
AcDbLine
 10
1803052.198296835
 20
-975406.3367901656
 30
0.000000000932606
 11
1802884.407180092
 21
-975573.981992089
 31
0.000000000932606
  0
LINE
  5
C713F
330
2
100
AcDbEntity
  8
fas
 62
     7
 48
0.0001
100
AcDbLine
 10
1808036.139374477
 20
-979180.7913779446
 30
-0.0000000001429413
 11
1807868.348257734
 21
-979348.4365798678
 31
-0.0000000001429413
  0
TEXT
  5
C7140
330
2
100
AcDbEntity
  8
fas1
 62
     7
100
AcDbText
 10
1805836.24019022
 20
-979210.4374599349
 30
-0.0000000075100736
 40
250.0
  1
(T2+T4)-DG25
 50
359.9999999733196
 41
0.8
  7
_HZTXT
100
AcDbText
  0
LWPOLYLINE
  5
C7141
330
2
100
AcDbEntity
  8
fas
  6
Continuous
 62
     7
100
AcDbPolyline
 90
        4
 70
     1
 43
0.0
 10
1807852.243816106
 20
-980978.814138644
 10
1808052.243816106
 20
-980978.814138644
 10
1808052.243816106
 20
-980778.814138644
 10
1807852.243816106
 20
-980778.814138644
  0
TEXT
  5
C7142
330
2
100
AcDbEntity
  8
fas1
 62
     7
100
AcDbText
 10
1814202.061828677
 20
-980852.8304174684
 30
-0.0000000063639967
 40
250.0
  1
T2-DG20
 50
359.9999999733196
 41
0.8
  7
_HZTXT
100
AcDbText
  0
LINE
  5
C7143
330
2
100
AcDbEntity
  8
fas
 62
     7
 48
0.0001
100
AcDbLine
 10
1814558.967551122
 20
-980794.9915376822
 30
-0.0000000000035052
 11
1814391.176434379
 21
-980962.6367396056
 31
-0.0000000000035052
  0
LINE
  5
C7144
330
2
100
AcDbEntity
  8
fas
  6
Continuous
 62
     3
100
AcDbLine
 10
1807952.243816106
 20
-980978.814138644
 30
0.0
 11
1807952.243816106
 21
-988115.7090487113
 31
0.0
  0
LINE
  5
C7145
330
2
100
AcDbEntity
  8
fas
  6
Continuous
 62
     3
100
AcDbLine
 10
1807952.243816106
 20
-988315.7090487113
 30
0.0
 11
1807952.243816106
 21
-990117.6177101508
 31
0.0
  0
LINE
  5
C7146
330
2
100
AcDbEntity
  8
fas
  6
Continuous
 62
     3
100
AcDbLine
 10
1807952.243816106
 20
-990317.6177101508
 30
0.0
 11
1807952.243816106
 21
-993470.5686551618
 31
0.0
  0
LINE
  5
C7147
330
2
100
AcDbEntity
  8
fas
  6
Continuous
 62
     1
100
AcDbLine
 10
1808202.243816105
 20
-976027.2182076348
 30
0.0000000006891956
 11
1808202.243816105
 21
-980778.814138644
 31
0.0000000006891956
  0
LINE
  5
C7148
330
2
100
AcDbEntity
  8
fas
  6
Continuous
 62
     1
100
AcDbLine
 10
1808202.243816105
 20
-980978.814138644
 30
0.0000000006891956
 11
1808202.243816105
 21
-988115.7090487113
 31
0.0000000006891956
  0
LINE
  5
C7149
330
2
100
AcDbEntity
  8
fas
  6
Continuous
 62
     1
100
AcDbLine
 10
1808202.243816105
 20
-988315.7090487113
 30
0.0000000006891956
 11
1808202.243816105
 21
-990117.6177101508
 31
0.0000000006891956
  0
LINE
  5
C714A
330
2
100
AcDbEntity
  8
fas
  6
Continuous
 62
     1
100
AcDbLine
 10
1808202.243816105
 20
-990317.6177101508
 30
0.0000000006891956
 11
1808202.243816105
 21
-993720.5686551618
 31
0.0000000006891956
  0
LINE
  5
C714B
330
2
100
AcDbEntity
  8
fas
  6
Continuous
 62
     1
100
AcDbLine
 10
1808202.243816105
 20
-993720.5686551618
 30
0.0000000006891956
 11
1801007.909841495
 21
-993720.5686551618
 31
0.0000000006891956
  0
LINE
  5
C714C
330
2
100
AcDbEntity
  8
fas
  6
Continuous
 62
     3
100
AcDbLine
 10
1807952.243816106
 20
-993470.5686551618
 30
0.0
 11
1800723.98901996
 21
-993470.5686551618
 31
0.0000000006891956
  0
TEXT
  5
C714D
330
2
100
AcDbEntity
  8
fas1
 62
     7
100
AcDbText
 10
1806641.057207056
 20
-981775.8884080875
 30
-0.0000000063604915
 40
250.0
  1
T4-DG20
 50
359.9999999733196
 41
0.8
  7
_HZTXT
100
AcDbText
  0
LINE
  5
C714E
330
2
100
AcDbEntity
  8
fas
 62
     7
 48
0.0001
100
AcDbLine
 10
1808036.139374477
 20
-981718.0495283013
 30
0.0
 11
1807868.348257735
 21
-981885.6947302248
 31
0.0
  0
TEXT
  5
C714F
330
2
100
AcDbEntity
  8
fas1
 62
     7
100
AcDbText
 10
1802424.130498422
 20
-973895.8867660305
 30
-0.0000000054278855
 40
250.0
  1
T3-DG20
 50
359.9999999733196
 41
0.8
  7
_HZTXT
100
AcDbText
  0
TEXT
  5
C7150
330
2
100
AcDbEntity
  8
fas1
 62
     7
100
AcDbText
 10
1802476.048511139
 20
-974195.2641650606
 30
0.0000000004919958
 40
250.0
  1
PZ-DG20
 50
359.9999999733196
 41
0.8
  7
_HZTXT
100
AcDbText
  0
LINE
  5
C7151
330
2
100
AcDbEntity
  8
fas
 62
     7
370
     9
100
AcDbLine
 10
1800703.751281181
 20
-974871.9306087538
 30
0.0
 11
1800125.465374382
 21
-974244.8862135498
 31
0.0
  0
LINE
  5
C7152
330
2
100
AcDbEntity
  8
fas
  6
Continuous
 62
     1
100
AcDbLine
 10
1800689.976034762
 20
-993515.4091116908
 30
0.0
 11
1801007.909841495
 21
-993720.5686551618
 31
0.0000000006891956
  0
LINE
  5
C7153
330
2
100
AcDbEntity
  8
fas
  6
Continuous
 62
     6
100
AcDbLine
 10
1802379.208194586
 20
-990743.9557101652
 30
0.0
 11
1801822.067045977
 21
-991439.9531423554
 31
0.0
  0
LINE
  5
C7154
330
2
100
AcDbEntity
  8
fas
 62
     7
370
     9
100
AcDbLine
 10
1801822.067045977
 20
-993207.7401999641
 30
0.0
 11
1802300.715781747
 21
-992888.39275076
 31
0.0
  0
LINE
  5
C7155
330
2
100
AcDbEntity
  8
fas
 62
     7
370
     9
100
AcDbLine
 10
1800111.690127962
 20
-993740.2514902854
 30
0.0
 11
1800111.690127962
 21
-994997.8893594611
 31
0.0
  0
TEXT
  5
C7156
330
2
100
AcDbEntity
  8
fas1
 62
     7
100
AcDbText
 10
1798084.378830446
 20
-994354.201317307
 30
0.0000000000019725
 40
250.0
  1
MZ-DG20
 50
359.9999999733196
 41
0.8
  7
_HZTXT
100
AcDbText
  0
TEXT
  5
C7157
330
2
100
AcDbEntity
  8
fas1
 62
     7
100
AcDbText
 10
1798164.140544016
 20
-995494.550461955
 30
-0.0000000000965373
 40
250.0
  1
至站台夹层
 50
359.9999999733196
 41
0.8
  7
_HZTXT
100
AcDbText
  0
TEXT
  5
C7158
330
2
100
AcDbEntity
  8
fas1
 62
     7
100
AcDbText
 10
1798073.217141552
 20
-994652.3354828652
 30
-0.0000000054278855
 40
250.0
  1
T4-DG20
 50
359.9999999733196
 41
0.8
  7
_HZTXT
100
AcDbText
  0
TEXT
  5
C7159
330
2
100
AcDbEntity
  8
fas1
 62
     7
100
AcDbText
 10
1798125.135154268
 20
-994951.7128818954
 30
0.0000000004919958
 40
250.0
  1
PZ-DG20
 50
359.9999999733196
 41
0.8
  7
_HZTXT
100
AcDbText
  0
LINE
  5
C715A
330
2
100
AcDbEntity
  8
fas
  6
Continuous
 62
     6
100
AcDbLine
 10
1801763.632828562
 20
-978200.760863164
 30
0.0000000001179119
 11
1794816.30882857
 21
-978200.760863164
 31
0.0000000001179119
  0
LINE
  5
C715B
330
2
100
AcDbEntity
  8
fas
  6
Continuous
 62
     6
100
AcDbLine
 10
1800703.751281181
 20
-974871.9306087538
 30
0.0
 11
1800703.751281181
 21
-976911.4051879768
 31
0.0
  0
LINE
  5
C715C
330
2
100
AcDbEntity
  8
fas
  6
Continuous
 62
     6
100
AcDbLine
 10
1800703.751281181
 20
-976911.4051879768
 30
0.0
 11
1801763.632828562
 21
-978200.760863164
 31
0.0000000001179119
  0
LINE
  5
C715D
330
2
100
AcDbEntity
  8
fas
  6
Continuous
 62
     6
100
AcDbLine
 10
1816375.735184102
 20
-990829.9013648808
 30
0.0
 11
1816375.735184102
 21
-990217.617710151
 31
-0.0000000001727967
  0
LINE
  5
C715E
330
2
100
AcDbEntity
  8
fas
  6
Continuous
 62
     6
100
AcDbLine
 10
1816833.984139556
 20
-990829.9013648808
 30
0.0
 11
1816833.984139556
 21
-990217.617710151
 31
-0.0000000001727967
  0
TEXT
  5
C7281
330
2
100
AcDbEntity
  8
fas1
 62
     7
100
AcDbText
 10
1805089.266043762
 20
-993444.5849339867
 30
-0.0000000061835299
 40
250.0
  1
T4-DG20
 50
359.9999999733196
 41
0.8
  7
_HZTXT
100
AcDbText
  0
LINE
  5
C7282
330
2
100
AcDbEntity
  8
fas
 62
     7
 48
0.0001
100
AcDbLine
 10
1806180.173815027
 20
-993386.7460542005
 30
0.0000000001769616
 11
1806012.382698285
 21
-993554.3912561238
 31
0.0000000001769616
  0
TEXT
  5
C7283
330
2
100
AcDbEntity
  8
fas1
 62
     7
100
AcDbText
 10
1808239.668697585
 20
-992362.1188690223
 30
0.000000001888486
 40
250.0
  1
PZ-DG20
 50
359.9999999733196
 41
0.8
  7
_HZTXT
100
AcDbText
  0
LINE
  5
C7284
330
2
100
AcDbEntity
  8
fas
 62
     7
 48
0.0001
100
AcDbLine
 10
1808286.139374476
 20
-992387.8372704982
 30
0.0000000006891956
 11
1808118.348257734
 21
-992555.4824724216
 31
0.0000000006891956
  0
TEXT
  5
C7285
330
2
100
AcDbEntity
  8
fas1
 62
     7
100
AcDbText
 10
1802855.425043991
 20
-975889.5176009748
 30
0.0000000019306416
 40
250.0
  1
PZ-DG20
 50
359.9999999733196
 41
0.8
  7
_HZTXT
100
AcDbText
  0
LINE
  5
C7286
330
2
100
AcDbEntity
  8
fas
 62
     7
 48
0.0001
100
AcDbLine
 10
1803283.995342109
 20
-975843.395606673
 30
0.0000000007313511
 11
1803116.204225366
 21
-976011.0408085964
 31
0.0000000007313511
  0
TEXT
  5
C74CA
330
2
100
AcDbEntity
  8
fas1
 62
     7
100
AcDbText
 10
1800281.176520106
 20
-976535.6044241154
 30
-0.0000000063465596
 40
250.0
  1
MZ-DG20
 50
359.9999999733196
 41
0.8
  7
_HZTXT
100
AcDbText
  0
LINE
  5
C74CB
330
2
100
AcDbEntity
  8
fas
 62
     7
 48
0.0001
100
AcDbLine
 10
1800787.646839552
 20
-976567.7115134312
 30
0.0
 11
1800619.85572281
 21
-976735.3567153544
 31
0.0
  0
TEXT
  5
C74CC
330
2
100
AcDbEntity
  8
fas1
 62
     7
100
AcDbText
 10
1798038.095384164
 20
-978084.8311728868
 30
-0.0000000062286477
 40
250.0
  1
MZ-DG20
 50
359.9999999733196
 41
0.8
  7
_HZTXT
100
AcDbText
  0
LINE
  5
C74CD
330
2
100
AcDbEntity
  8
fas
 62
     7
 48
0.0001
100
AcDbLine
 10
1798544.565703611
 20
-978116.9382622025
 30
0.0000000001179119
 11
1798376.774586868
 21
-978284.583464126
 31
0.0000000001179119
  0
TEXT
  5
C74CE
330
2
100
AcDbEntity
  8
fas1
 62
     7
100
AcDbText
 10
1789192.810334096
 20
-978084.8311728868
 30
-0.0000000062286477
 40
250.0
  1
MZ-DG20
 50
359.9999999733196
 41
0.8
  7
_HZTXT
100
AcDbText
  0
LINE
  5
C74CF
330
2
100
AcDbEntity
  8
fas
 62
     7
 48
0.0001
100
AcDbLine
 10
1789699.280653543
 20
-978116.9382622025
 30
0.0000000001179119
 11
1789531.489536801
 21
-978284.5834641258
 31
0.0000000001179119
  0
TEXT
  5
C74D0
330
2
100
AcDbEntity
  8
fas1
 62
     7
100
AcDbText
 10
1783653.052221381
 20
-980508.0876675898
 30
-0.0000000063465596
 40
250.0
  1
MZ-DG20
 50
359.9999999733196
 41
0.8
  7
_HZTXT
100
AcDbText
  0
LINE
  5
C74D1
330
2
100
AcDbEntity
  8
fas
 62
     7
 48
0.0001
100
AcDbLine
 10
1784159.522540828
 20
-980540.1947569055
 30
0.0
 11
1783991.731424086
 21
-980707.8399588288
 31
0.0
  0
TEXT
  5
C74D2
330
2
100
AcDbEntity
  8
fas1
 62
     7
100
AcDbText
 10
1783320.065769348
 20
-988950.1823194746
 30
-0.0000000063465596
 40
250.0
  1
MZ-DG20
 50
359.9999999733196
 41
0.8
  7
_HZTXT
100
AcDbText
  0
LINE
  5
C74D3
330
2
100
AcDbEntity
  8
fas
 62
     7
 48
0.0001
100
AcDbLine
 10
1783826.536088795
 20
-988982.2894087902
 30
0.0
 11
1783658.744972052
 21
-989149.9346107136
 31
0.0
  0
TEXT
  5
C74D4
330
2
100
AcDbEntity
  8
fas1
 62
     7
100
AcDbText
 10
1789447.791886981
 20
-990101.6880198736
 30
-0.0000000063465596
 40
250.0
  1
MZ-DG20
 50
359.9999999733196
 41
0.8
  7
_HZTXT
100
AcDbText
  0
LINE
  5
C74D5
330
2
100
AcDbEntity
  8
fas
 62
     7
 48
0.0001
100
AcDbLine
 10
1789954.262206428
 20
-990133.7951091893
 30
0.0
 11
1789786.471089686
 21
-990301.4403111126
 31
0.0
  0
LINE
  5
C74D6
330
2
100
AcDbEntity
  8
fas
  6
DASH
 62
     7
100
AcDbLine
 10
1818313.351513093
 20
-977544.0056008346
 30
0.0
 11
1818313.351513093
 21
-975120.0559613602
 31
0.0
  0
LWPOLYLINE
  5
C74D7
330
2
100
AcDbEntity
  8
通信总线
 62
     0
 48
100.0
100
AcDbPolyline
 90
        4
 70
     1
 43
0.0
 10
1818159.87630126
 20
-975120.0559613606
 10
1818466.826724925
 20
-975120.0559613605
 10
1818466.826724925
 20
-974836.9257431938
 10
1818159.87630126
 20
-974836.9257431938
  0
LINE
  5
C74D8
330
2
100
AcDbEntity
  8
fas
  6
DASH
 62
     7
100
AcDbLine
 10
1816898.196452933
 20
-977544.005600835
 30
0.0
 11
1818313.351513093
 21
-977544.0056008346
 31
0.0
  0
LINE
  5
C74D9
330
2
100
AcDbEntity
  8
fas
 62
     7
 48
0.0001
100
AcDbLine
 10
1818397.247071464
 20
-976322.533050555
 30
0.0
 11
1818229.455954721
 21
-976490.1782524784
 31
0.0
  0
TEXT
  5
C74DA
330
2
100
AcDbEntity
  8
fas1
 62
     7
100
AcDbText
 10
1818480.713916954
 20
-976516.7866207357
 30
-0.0000000006720957
 40
250.0
  1
2KZ-DG25
 50
359.9999999733196
 41
0.8
  7
_HZTXT
100
AcDbText
  0
LWPOLYLINE
  5
C74DB
330
2
100
AcDbEntity
  8
通信总线
 62
     0
 48
100.0
100
AcDbPolyline
 90
        4
 70
     1
 43
0.0
 10
1818093.265604563
 20
-991633.2385809346
 10
1818400.216028229
 20
-991633.2385809344
 10
1818400.216028229
 20
-991350.1083627678
 10
1818093.265604563
 20
-991350.1083627678
  0
LINE
  5
C74DC
330
2
100
AcDbEntity
  8
fas
 62
     7
 48
0.0001
100
AcDbLine
 10
1818330.636374767
 20
-991125.6567812808
 30
0.0
 11
1818162.845258025
 21
-991293.3019832042
 31
0.0
  0
LINE
  5
C74DD
330
2
100
AcDbEntity
  8
fas
  6
DASH
 62
     7
100
AcDbLine
 10
1818246.740816396
 20
-991350.1083627678
 30
0.0
 11
1818246.740816396
 21
-991068.8504017174
 31
0.0
  0
LINE
  5
C74DE
330
2
100
AcDbEntity
  8
fas
  6
DASH
 62
     7
100
AcDbLine
 10
1817083.664883561
 20
-991068.8504017178
 30
0.0
 11
1818246.740816396
 21
-991068.8504017174
 31
0.0
  0
TEXT
  5
C74DF
330
2
100
AcDbEntity
  8
fas1
 62
     7
100
AcDbText
 10
1817983.405777069
 20
-991972.9750446815
 30
0.0
 40
250.0
  1
电梯控制反馈
 50
359.9999999733196
 41
0.8
  7
_HZTXT
100
AcDbText
  0
TEXT
  5
C74E0
330
2
100
AcDbEntity
  8
fas
 62
     7
100
AcDbText
 10
1818626.853572007
 20
-975141.2930071024
 30
0.0
 40
400.0
  1
电梯控制反馈
 50
0.0000000105908877
 41
0.8
  7
_HZXY
100
AcDbText
  0
TEXT
  5
C74E1
330
2
100
AcDbEntity
  8
fas1
 62
     7
100
AcDbText
 10
1818369.137767489
 20
-991285.378091812
 30
-0.0000000006720957
 40
250.0
  1
2KZ-DG25
 50
359.9999999733196
 41
0.8
  7
_HZTXT
100
AcDbText
  0
TEXT
  5
C74E2
330
2
100
AcDbEntity
  8
fas1
 62
     7
100
AcDbText
 10
1813049.336509316
 20
-978084.8311728868
 30
-0.0000000062286477
 40
250.0
  1
MZ-DG20
 50
359.9999999733196
 41
0.8
  7
_HZTXT
100
AcDbText
  0
LINE
  5
C74E3
330
2
100
AcDbEntity
  8
fas
 62
     7
 48
0.0001
100
AcDbLine
 10
1813555.806828763
 20
-978116.9382622025
 30
0.0000000001179119
 11
1813388.015712021
 21
-978284.583464126
 31
0.0000000001179119
  0
TEXT
  5
C74E4
330
2
100
AcDbEntity
  8
fas1
 62
     7
100
AcDbText
 10
1821497.619310874
 20
-978084.8311728868
 30
-0.0000000062286477
 40
250.0
  1
MZ-DG20
 50
359.9999999733196
 41
0.8
  7
_HZTXT
100
AcDbText
  0
LINE
  5
C74E5
330
2
100
AcDbEntity
  8
fas
 62
     7
 48
0.0001
100
AcDbLine
 10
1822004.089630321
 20
-978116.9382622025
 30
0.0000000001179119
 11
1821836.298513579
 21
-978284.5834641258
 31
0.0000000001179119
  0
TEXT
  5
C74E6
330
2
100
AcDbEntity
  8
fas1
 62
     7
100
AcDbText
 10
1825867.39606749
 20
-980538.7165120828
 30
-0.0000000062286477
 40
250.0
  1
MZ-DG20
 50
359.9999999733196
 41
0.8
  7
_HZTXT
100
AcDbText
  0
LINE
  5
C74E7
330
2
100
AcDbEntity
  8
fas
 62
     7
 48
0.0001
100
AcDbLine
 10
1826373.866386937
 20
-980570.8236013986
 30
0.0000000001179119
 11
1826206.075270194
 21
-980738.4688033218
 31
0.0000000001179119
  0
TEXT
  5
C74E8
330
2
100
AcDbEntity
  8
fas1
 62
     7
100
AcDbText
 10
1826661.540874234
 20
-987344.5422837926
 30
-0.0000000063465596
 40
250.0
  1
MZ-DG20
 50
359.9999999733196
 41
0.8
  7
_HZTXT
100
AcDbText
  0
LINE
  5
C74E9
330
2
100
AcDbEntity
  8
fas
 62
     7
 48
0.0001
100
AcDbLine
 10
1827168.011193681
 20
-987376.6493731084
 30
0.0
 11
1827000.220076939
 21
-987544.2945750318
 31
0.0
  0
TEXT
  5
C74EA
330
2
100
AcDbEntity
  8
fas1
 62
     7
100
AcDbText
 10
1821956.63343351
 20
-990101.6880198736
 30
-0.0000000063465596
 40
250.0
  1
MZ-DG20
 50
359.9999999733196
 41
0.8
  7
_HZTXT
100
AcDbText
  0
LINE
  5
C74EB
330
2
100
AcDbEntity
  8
fas
 62
     7
 48
0.0001
100
AcDbLine
 10
1822463.103752957
 20
-990133.7951091893
 30
0.0
 11
1822295.312636214
 21
-990301.4403111128
 31
0.0
  0
TEXT
  5
C74EC
330
2
100
AcDbEntity
  8
fas1
 62
     7
100
AcDbText
 10
1812984.608976114
 20
-990101.6880198736
 30
-0.0000000064255833
 40
250.0
  1
MZ-DG20
 50
359.9999999733196
 41
0.8
  7
_HZTXT
100
AcDbText
  0
LINE
  5
C74ED
330
2
100
AcDbEntity
  8
fas
 62
     7
 48
0.0001
100
AcDbLine
 10
1813491.079295561
 20
-990133.7951091893
 30
-0.0000000000790237
 11
1813323.288178819
 21
-990301.4403111128
 31
-0.0000000000790237
  0
TEXT
  5
C74EE
330
2
100
AcDbEntity
  8
fas1
 62
     7
100
AcDbText
 10
1804832.406108267
 20
-990101.6880198738
 30
-0.0000000063465596
 40
250.0
  1
MZ-DG20
 50
359.9999999733196
 41
0.8
  7
_HZTXT
100
AcDbText
  0
LINE
  5
C74EF
330
2
100
AcDbEntity
  8
fas
 62
     7
 48
0.0001
100
AcDbLine
 10
1805338.876427714
 20
-990133.7951091896
 30
0.0
 11
1805171.085310972
 21
-990301.440311113
 31
0.0
  0
TEXT
  5
C74F0
330
2
100
AcDbEntity
  8
fas1
 62
     7
100
AcDbText
 10
1801399.492284902
 20
-991900.5861119427
 30
-0.0000000063465596
 40
250.0
  1
MZ-DG20
 50
359.9999999733196
 41
0.8
  7
_HZTXT
100
AcDbText
  0
LINE
  5
C74F1
330
2
100
AcDbEntity
  8
fas
 62
     7
 48
0.0001
100
AcDbLine
 10
1801905.962604348
 20
-991932.6932012584
 30
0.0
 11
1801738.171487606
 21
-992100.3384031816
 31
0.0
  0
TEXT
  5
C74F2
330
2
100
AcDbEntity
  8
fas1
 62
     7
100
AcDbText
 10
1797060.256977275
 20
-990101.6880198738
 30
-0.0000000063465596
 40
250.0
  1
MZ-DG20
 50
359.9999999733196
 41
0.8
  7
_HZTXT
100
AcDbText
  0
LINE
  5
C74F3
330
2
100
AcDbEntity
  8
fas
 62
     7
 48
0.0001
100
AcDbLine
 10
1797566.727296722
 20
-990133.7951091896
 30
0.0
 11
1797398.936179979
 21
-990301.440311113
 31
0.0
  0
TEXT
  5
C76D0
330
2
100
AcDbEntity
  8
fas1
 62
     7
100
AcDbText
 10
1824456.386209765
 20
-987189.682489161
 30
-0.0000000063604915
 40
250.0
  1
T2-DG20
 50
359.9999999733196
 41
0.8
  7
_HZTXT
100
AcDbText
  0
LINE
  5
C76D1
330
2
100
AcDbEntity
  8
fas
 62
     7
 48
0.0001
100
AcDbLine
 10
1825878.156051153
 20
-987131.8436093748
 30
0.0
 11
1825710.364934411
 21
-987299.488811298
 31
0.0
  0
TEXT
  5
C76D2
330
2
100
AcDbEntity
  8
fas1
 62
     7
100
AcDbText
 10
1799769.757095646
 20
-988189.7253275362
 30
-0.0000000063604915
 40
250.0
  1
T2-DG20
 50
359.9999999733196
 41
0.8
  7
_HZTXT
100
AcDbText
  0
LINE
  5
C76D3
330
2
100
AcDbEntity
  8
fas
 62
     7
 48
0.0001
100
AcDbLine
 10
1800126.66281809
 20
-988131.88644775
 30
0.0
 11
1799958.871701348
 21
-988299.5316496732
 31
0.0
  0
TEXT
  5
C76D4
330
2
100
AcDbEntity
  8
fas1
 62
     7
100
AcDbText
 10
1784371.039196166
 20
-986455.2628238548
 30
-0.0000000063604915
 40
250.0
  1
T2-DG20
 50
359.9999999733196
 41
0.8
  7
_HZTXT
100
AcDbText
  0
LINE
  5
C76D5
330
2
100
AcDbEntity
  8
fas
 62
     7
 48
0.0001
100
AcDbLine
 10
1784399.727374796
 20
-986397.4239440686
 30
0.0
 11
1784231.936258054
 21
-986565.069145992
 31
0.0
  0
TEXT
  5
C76D6
330
2
100
AcDbEntity
  8
fas1
 62
     7
100
AcDbText
 10
1810140.623618771
 20
-970170.723383318
 30
-0.0000000049494919
 40
250.0
  1
(T2+T3+T4)-DG32
 50
359.9999999733196
 41
0.8
  7
_HZTXT
100
AcDbText
  0
TEXT
  5
CD9D8
330
2
100
AcDbEntity
  8
TEXT
  6
CONTINOUS
 62
     8
100
AcDbText
 10
1774449.139324047
 20
-996189.5776420094
 30
0.0000000027079533
 40
500.0
  1
R=920000
 41
0.7
  7
标注
100
AcDbText
  0
LWPOLYLINE
  5
CD9D9
330
2
100
AcDbEntity
  8
SHADE
  6
CONTINOUS
 62
     8
 48
5.0
100
AcDbPolyline
 90
        2
 70
     0
 43
0.0
 10
1777097.29528193
 20
-994252.1863234252
 10
1777083.54441301
 20
-996486.427351159
  0
DIMENSION
  5
CDC39
330
2
100
AcDbEntity
  8
SHADE
  6
CONTINOUS
 62
     8
 48
5.0
100
AcDbDimension
280
     0
  2
*D72
 10
1782239.606221998
 20
-973136.0065575616
 30
0.0000000000591239
 11
1790461.084944237
 21
-999395.9588132002
 31
0.0
 70
    34
  1
15200
 71
     5
 42
0.016877637130789
 73
     0
 74
     0
 75
     0
  3
AXIS-G100
100
AcDb2LineAngularDimension
 13
1798036.359524608
 23
-1001872.467512871
 33
0.0000000000572635
 14
1797791.636690839
 24
-972873.5001047954
 34
0.0000000000591239
 15
1782973.705014531
 25
-1002126.713671442
 35
0.0000000000572635
 16
1792982.715743153
 26
-999631.9757709668
 36
0.0
1001
ACAD
1000
DSTYLE
1002
{
1070
   176
1070
     8
1070
   177
1070
     8
1070
   178
1070
     8
1002
}
  0
LINE
  5
CEFD4
330
2
100
AcDbEntity
  8
STAIR
  6
Continuous
 62
     1
 48
100.0
100
AcDbLine
 10
1821241.367279994
 20
-1006482.928330009
 30
0.0
 11
1808717.759609315
 21
-1006482.928330009
 31
0.0
  0
LINE
  5
CEFD5
330
2
100
AcDbEntity
  8
STAIR
  6
Continuous
 62
     1
 48
100.0
100
AcDbLine
 10
1808717.759609315
 20
-1004242.948222522
 30
0.0
 11
1821241.367279994
 21
-1004242.922184321
 31
0.0
  0
LINE
  5
CEFD6
330
2
100
AcDbEntity
  8
STAIR
  6
Continuous
 62
     1
 48
100.0
100
AcDbLine
 10
1821241.36754028
 20
-1006562.928330009
 30
0.0
 11
1808817.759609315
 21
-1006562.954058994
 31
0.0
  0
LINE
  5
CEFD8
330
2
100
AcDbEntity
  8
STAIR
  6
Continuous
 62
     1
 48
100.0
100
AcDbLine
 10
1821241.367279994
 20
-1004162.92218432
 30
0.0
 11
1808817.759609315
 21
-1004162.948222523
 31
0.0
  0
LINE
  5
CEFD9
330
2
100
AcDbEntity
  8
STAIR
  6
Continuous
 62
     1
 48
100.0
100
AcDbLine
 10
1814261.367279994
 20
-1006482.928330009
 30
0.0
 11
1814261.367279994
 21
-1004242.928330009
 31
0.0
  0
LINE
  5
CEFDA
330
2
100
AcDbEntity
  8
STAIR
  6
Continuous
 62
     1
 48
100.0
100
AcDbLine
 10
1813961.367279994
 20
-1006482.928330009
 30
0.0
 11
1813961.367279994
 21
-1004242.928330009
 31
0.0
  0
LINE
  5
CEFDB
330
2
100
AcDbEntity
  8
STAIR
  6
Continuous
 62
     1
 48
100.0
100
AcDbLine
 10
1813661.367279994
 20
-1006482.928330009
 30
0.0
 11
1813661.367279994
 21
-1004242.928330009
 31
0.0
  0
LINE
  5
CEFDC
330
2
100
AcDbEntity
  8
STAIR
  6
Continuous
 62
     1
 48
100.0
100
AcDbLine
 10
1812161.367279994
 20
-1006482.928330009
 30
0.0
 11
1812161.367279994
 21
-1004242.928330008
 31
0.0
  0
LINE
  5
CEFDD
330
2
100
AcDbEntity
  8
STAIR
  6
Continuous
 62
     1
 48
100.0
100
AcDbLine
 10
1811861.367279994
 20
-1006482.928330009
 30
0.0
 11
1811861.367279994
 21
-1004242.928330009
 31
0.0
  0
LINE
  5
CEFDE
330
2
100
AcDbEntity
  8
STAIR
  6
Continuous
 62
     1
 48
100.0
100
AcDbLine
 10
1811561.367279994
 20
-1006482.928330008
 30
0.0
 11
1811561.367279994
 21
-1004242.928330008
 31
0.0
  0
LINE
  5
CEFDF
330
2
100
AcDbEntity
  8
STAIR
  6
Continuous
 62
     1
 48
100.0
100
AcDbLine
 10
1811261.367279994
 20
-1006482.928330008
 30
0.0
 11
1811261.367279994
 21
-1004242.928330008
 31
0.0
  0
LINE
  5
CEFE0
330
2
100
AcDbEntity
  8
STAIR
  6
Continuous
 62
     1
 48
100.0
100
AcDbLine
 10
1810961.367279994
 20
-1006482.928330009
 30
0.0
 11
1810961.367279994
 21
-1004242.928330008
 31
0.0
  0
LINE
  5
CEFE1
330
2
100
AcDbEntity
  8
STAIR
  6
Continuous
 62
     1
 48
100.0
100
AcDbLine
 10
1810361.367279994
 20
-1006482.928330009
 30
0.0
 11
1810361.367279994
 21
-1004242.928330008
 31
0.0
  0
LINE
  5
CEFE2
330
2
100
AcDbEntity
  8
STAIR
  6
Continuous
 62
     1
 48
100.0
100
AcDbLine
 10
1810661.367279994
 20
-1006482.928330009
 30
0.0
 11
1810661.367279994
 21
-1004242.928330008
 31
0.0
  0
LINE
  5
CEFE3
330
2
100
AcDbEntity
  8
STAIR
  6
Continuous
 62
     1
 48
100.0
100
AcDbLine
 10
1810061.367279994
 20
-1006482.928330009
 30
0.0
 11
1810061.367279994
 21
-1004242.928330008
 31
0.0
  0
LINE
  5
CEFE4
330
2
100
AcDbEntity
  8
STAIR
  6
Continuous
 62
     1
 48
100.0
100
AcDbLine
 10
1816661.367279994
 20
-1006482.928330009
 30
0.0
 11
1816661.367279994
 21
-1004242.928330009
 31
0.0
  0
LINE
  5
CEFE5
330
2
100
AcDbEntity
  8
STAIR
  6
Continuous
 62
     1
 48
100.0
100
AcDbLine
 10
1814561.367279994
 20
-1006482.928330009
 30
0.0
 11
1814561.367279994
 21
-1004242.928330009
 31
0.0
  0
LINE
  5
CEFE6
330
2
100
AcDbEntity
  8
STAIR
  6
Continuous
 62
     1
 48
100.0
100
AcDbLine
 10
1816661.367279994
 20
-1006562.928330009
 30
0.0
 11
1816661.367279994
 21
-1006562.928330009
 31
0.0
  0
LINE
  5
CEFE7
330
2
100
AcDbEntity
  8
STAIR
  6
Continuous
 62
     1
 48
100.0
100
AcDbLine
 10
1816361.367279994
 20
-1006482.928330009
 30
0.0
 11
1816361.367279994
 21
-1004242.928330009
 31
0.0
  0
LINE
  5
CEFE8
330
2
100
AcDbEntity
  8
STAIR
  6
Continuous
 62
     1
 48
100.0
100
AcDbLine
 10
1816061.367279994
 20
-1006482.928330009
 30
0.0
 11
1816061.367279994
 21
-1004242.928330009
 31
0.0
  0
LINE
  5
CEFE9
330
2
100
AcDbEntity
  8
STAIR
  6
Continuous
 62
     1
 48
100.0
100
AcDbLine
 10
1815161.367279994
 20
-1006482.928330009
 30
0.0
 11
1815161.367279994
 21
-1004242.928330009
 31
0.0
  0
LINE
  5
CEFEA
330
2
100
AcDbEntity
  8
STAIR
  6
Continuous
 62
     1
 48
100.0
100
AcDbLine
 10
1814861.367279994
 20
-1006482.928330009
 30
0.0
 11
1814861.367279994
 21
-1004242.928330009
 31
0.0
  0
LINE
  5
CEFEB
330
2
100
AcDbEntity
  8
STAIR
  6
Continuous
 62
     1
 48
100.0
100
AcDbLine
 10
1815461.367279994
 20
-1006482.928330009
 30
0.0
 11
1815461.367279994
 21
-1004242.928330009
 31
0.0
  0
LINE
  5
CEFEC
330
2
100
AcDbEntity
  8
STAIR
  6
Continuous
 62
     1
 48
100.0
100
AcDbLine
 10
1815761.367279994
 20
-1006482.928330009
 30
0.0
 11
1815761.367279994
 21
-1004242.928330009
 31
0.0
  0
LINE
  5
CEFEE
330
2
100
AcDbEntity
  8
STAIR
  6
Continuous
 62
     1
 48
100.0
100
AcDbLine
 10
1809161.367279994
 20
-1006482.928330008
 30
0.0
 11
1809161.367279994
 21
-1004242.928330008
 31
0.0
  0
LINE
  5
CEFEF
330
2
100
AcDbEntity
  8
STAIR
  6
Continuous
 62
     1
 48
100.0
100
AcDbLine
 10
1809461.367279994
 20
-1006482.928330008
 30
0.0
 11
1809461.367279994
 21
-1004242.928330008
 31
0.0
  0
LINE
  5
CEFF0
330
2
100
AcDbEntity
  8
STAIR
  6
Continuous
 62
     1
 48
100.0
100
AcDbLine
 10
1809761.367279994
 20
-1006482.928330008
 30
0.0
 11
1809761.367279994
 21
-1004242.928330008
 31
0.0
  0
LINE
  5
CEFFA
330
2
100
AcDbEntity
  8
STAIR
  6
Continuous
 62
     1
 48
100.0
100
AcDbLine
 10
1818761.367279994
 20
-1006482.928330009
 30
0.0
 11
1818761.367279994
 21
-1004242.928330009
 31
0.0
  0
LINE
  5
CEFFB
330
2
100
AcDbEntity
  8
STAIR
  6
Continuous
 62
     1
 48
100.0
100
AcDbLine
 10
1818461.367279994
 20
-1006482.928330009
 30
0.0
 11
1818461.367279994
 21
-1004242.928330009
 31
0.0
  0
LINE
  5
CEFFC
330
2
100
AcDbEntity
  8
STAIR
  6
Continuous
 62
     1
 48
100.0
100
AcDbLine
 10
1818161.367279994
 20
-1006482.928330009
 30
0.0
 11
1818161.367279994
 21
-1004242.928330009
 31
0.0
  0
LINE
  5
CEFFD
330
2
100
AcDbEntity
  8
STAIR
  6
Continuous
 62
     1
 48
100.0
100
AcDbLine
 10
1816661.367279994
 20
-1006482.928330009
 30
0.0
 11
1816661.367279994
 21
-1004242.928330009
 31
0.0
  0
LINE
  5
CEFFE
330
2
100
AcDbEntity
  8
STAIR
  6
Continuous
 62
     1
 48
100.0
100
AcDbLine
 10
1821161.367279994
 20
-1006482.92833001
 30
0.0
 11
1821161.367279994
 21
-1004242.92833001
 31
0.0
  0
LINE
  5
CEFFF
330
2
100
AcDbEntity
  8
STAIR
  6
Continuous
 62
     1
 48
100.0
100
AcDbLine
 10
1819061.367279994
 20
-1006482.928330009
 30
0.0
 11
1819061.367279994
 21
-1004242.928330009
 31
0.0
  0
LINE
  5
CF000
330
2
100
AcDbEntity
  8
STAIR
  6
Continuous
 62
     1
 48
100.0
100
AcDbLine
 10
1821161.367279994
 20
-1006562.92833001
 30
0.0
 11
1821161.367279994
 21
-1006562.92833001
 31
0.0
  0
LINE
  5
CF001
330
2
100
AcDbEntity
  8
STAIR
  6
Continuous
 62
     1
 48
100.0
100
AcDbLine
 10
1820861.367279994
 20
-1006482.92833001
 30
0.0
 11
1820861.367279994
 21
-1004242.928330009
 31
0.0
  0
LINE
  5
CF002
330
2
100
AcDbEntity
  8
STAIR
  6
Continuous
 62
     1
 48
100.0
100
AcDbLine
 10
1820561.367279994
 20
-1006482.92833001
 30
0.0
 11
1820561.367279994
 21
-1004242.928330009
 31
0.0
  0
LINE
  5
CF003
330
2
100
AcDbEntity
  8
STAIR
  6
Continuous
 62
     1
 48
100.0
100
AcDbLine
 10
1819661.367279994
 20
-1006482.928330009
 30
0.0
 11
1819661.367279994
 21
-1004242.928330009
 31
0.0
  0
LINE
  5
CF004
330
2
100
AcDbEntity
  8
STAIR
  6
Continuous
 62
     1
 48
100.0
100
AcDbLine
 10
1819361.367279994
 20
-1006482.928330009
 30
0.0
 11
1819361.367279994
 21
-1004242.928330009
 31
0.0
  0
LINE
  5
CF005
330
2
100
AcDbEntity
  8
STAIR
  6
Continuous
 62
     1
 48
100.0
100
AcDbLine
 10
1819961.367279994
 20
-1006482.92833001
 30
0.0
 11
1819961.367279994
 21
-1004242.928330009
 31
0.0
  0
LINE
  5
CF006
330
2
100
AcDbEntity
  8
STAIR
  6
Continuous
 62
     1
 48
100.0
100
AcDbLine
 10
1820261.367279994
 20
-1006482.92833001
 30
0.0
 11
1820261.367279994
 21
-1004242.928330009
 31
0.0
  0
LINE
  5
CF007
330
2
100
AcDbEntity
  8
STAIR
  6
Continuous
 62
     1
 48
100.0
100
AcDbLine
 10
1821241.367279993
 20
-1006562.92833001
 30
0.0
 11
1821241.367279994
 21
-1006482.92833001
 31
0.0
  0
LINE
  5
CF008
330
2
100
AcDbEntity
  8
STAIR
  6
Continuous
 62
     1
 48
100.0
100
AcDbLine
 10
1821241.367279994
 20
-1004162.922184321
 30
0.0
 11
1821241.367279994
 21
-1004242.922184321
 31
0.0
  0
LINE
  5
CF00F
330
2
100
AcDbEntity
  8
SHADE
 62
     1
100
AcDbLine
 10
1802317.759609315
 20
-1009660.080705109
 30
0.0
 11
1802317.759609315
 21
-1007952.900968552
 31
0.0
  0
LINE
  5
CF010
330
2
100
AcDbEntity
  8
SHADE
 62
     1
100
AcDbLine
 10
1802417.759609317
 20
-1009580.080422148
 30
0.0
 11
1802417.759609317
 21
-1007872.901000644
 31
0.0
  0
LINE
  5
CF011
330
2
100
AcDbEntity
  8
SHADE
 62
     1
100
AcDbLine
 10
1808817.759609315
 20
-1009660.070657001
 30
0.0
 11
1808817.759609315
 21
-1006562.954058994
 31
0.0
  0
LINE
  5
CF012
330
2
100
AcDbEntity
  8
SHADE
 62
     1
100
AcDbLine
 10
1808717.759609315
 20
-1009660.111425429
 30
0.0
 11
1808717.759609315
 21
-1009660.070811587
 31
0.0
  0
LINE
  5
CF013
330
2
100
AcDbEntity
  8
STAIR
  6
Continuous
 62
     1
 48
100.0
100
AcDbLine
 10
1786009.334853663
 20
-1006482.941623282
 30
0.0
 11
1802417.757686596
 21
-1006482.918925995
 31
0.0
  0
LINE
  5
CF014
330
2
100
AcDbEntity
  8
STAIR
  6
Continuous
 62
     1
 48
100.0
100
AcDbLine
 10
1802417.759609316
 20
-1004242.910112426
 30
0.0
 11
1786009.325575668
 21
-1004242.935477613
 31
0.0
  0
LINE
  5
CF015
330
2
100
AcDbEntity
  8
STAIR
  6
Continuous
 62
     1
 48
100.0
100
AcDbLine
 10
1786009.334924733
 20
-1006562.941623282
 30
0.0
 11
1802317.757686594
 21
-1006562.91889695
 31
0.0
  0
LINE
  5
CF016
330
2
100
AcDbEntity
  8
STAIR
  6
Continuous
 62
     1
 48
100.0
100
AcDbLine
 10
1786009.325244313
 20
-1004162.935477613
 30
0.0
 11
1802317.749668609
 21
-1004162.910057845
 31
0.0
  0
LINE
  5
CF017
330
2
100
AcDbEntity
  8
STAIR
  6
Continuous
 62
     1
 48
100.0
100
AcDbLine
 10
1792989.334853604
 20
-1006482.912712466
 30
0.0
 11
1792989.325575634
 21
-1004242.912712485
 31
0.0
  0
LINE
  5
CF018
330
2
100
AcDbEntity
  8
STAIR
  6
Continuous
 62
     1
 48
100.0
100
AcDbLine
 10
1793289.334853601
 20
-1006482.911469881
 30
0.0
 11
1793289.325575632
 21
-1004242.9114699
 31
0.0
  0
LINE
  5
CF019
330
2
100
AcDbEntity
  8
STAIR
  6
Continuous
 62
     1
 48
100.0
100
AcDbLine
 10
1793589.334853599
 20
-1006482.910227295
 30
0.0
 11
1793589.325575629
 21
-1004242.910227314
 31
0.0
  0
LINE
  5
CF01A
330
2
100
AcDbEntity
  8
STAIR
  6
Continuous
 62
     1
 48
100.0
100
AcDbLine
 10
1795089.334853586
 20
-1006482.904014369
 30
0.0
 11
1795089.325575616
 21
-1004242.904014388
 31
0.0
  0
LINE
  5
CF01B
330
2
100
AcDbEntity
  8
STAIR
  6
Continuous
 62
     1
 48
100.0
100
AcDbLine
 10
1795389.334853583
 20
-1006482.902771784
 30
0.0
 11
1795389.325575614
 21
-1004242.902771803
 31
0.0
  0
LINE
  5
CF01C
330
2
100
AcDbEntity
  8
STAIR
  6
Continuous
 62
     1
 48
100.0
100
AcDbLine
 10
1795689.334853581
 20
-1006482.901529198
 30
0.0
 11
1795689.325575611
 21
-1004242.901529218
 31
0.0
  0
LINE
  5
CF01D
330
2
100
AcDbEntity
  8
STAIR
  6
Continuous
 62
     1
 48
100.0
100
AcDbLine
 10
1795989.334853578
 20
-1006482.900286613
 30
0.0
 11
1795989.325575609
 21
-1004242.900286633
 31
0.0
  0
LINE
  5
CF01E
330
2
100
AcDbEntity
  8
STAIR
  6
Continuous
 62
     1
 48
100.0
100
AcDbLine
 10
1796289.334853575
 20
-1006482.899044028
 30
0.0
 11
1796289.325575606
 21
-1004242.899044047
 31
0.0
  0
LINE
  5
CF01F
330
2
100
AcDbEntity
  8
STAIR
  6
Continuous
 62
     1
 48
100.0
100
AcDbLine
 10
1796889.33485357
 20
-1006482.896558858
 30
0.0
 11
1796889.325575601
 21
-1004242.896558877
 31
0.0
  0
LINE
  5
CF020
330
2
100
AcDbEntity
  8
STAIR
  6
Continuous
 62
     1
 48
100.0
100
AcDbLine
 10
1796589.334853573
 20
-1006482.897801443
 30
0.0
 11
1796589.325575604
 21
-1004242.897801462
 31
0.0
  0
LINE
  5
CF021
330
2
100
AcDbEntity
  8
STAIR
  6
Continuous
 62
     1
 48
100.0
100
AcDbLine
 10
1797189.334853568
 20
-1006482.895316273
 30
0.0
 11
1797189.325575598
 21
-1004242.895316292
 31
0.0
  0
LINE
  5
CF022
330
2
100
AcDbEntity
  8
STAIR
  6
Continuous
 62
     1
 48
100.0
100
AcDbLine
 10
1790589.334853624
 20
-1006482.922653148
 30
0.0
 11
1790589.325575655
 21
-1004242.922653167
 31
0.0
  0
LINE
  5
CF023
330
2
100
AcDbEntity
  8
STAIR
  6
Continuous
 62
     1
 48
100.0
100
AcDbLine
 10
1792689.334853606
 20
-1006482.913955051
 30
0.0
 11
1792689.325575637
 21
-1004242.91395507
 31
0.0
  0
LINE
  5
CF024
330
2
100
AcDbEntity
  8
STAIR
  6
Continuous
 62
     1
 48
100.0
100
AcDbLine
 10
1790589.335184981
 20
-1006562.922653147
 30
0.0
 11
1790589.335184981
 21
-1006562.922653147
 31
0.0
  0
LINE
  5
CF025
330
2
100
AcDbEntity
  8
STAIR
  6
Continuous
 62
     1
 48
100.0
100
AcDbLine
 10
1790889.334853622
 20
-1006482.921410563
 30
0.0
 11
1790889.325575652
 21
-1004242.921410582
 31
0.0
  0
LINE
  5
CF026
330
2
100
AcDbEntity
  8
STAIR
  6
Continuous
 62
     1
 48
100.0
100
AcDbLine
 10
1791189.334853619
 20
-1006482.920167977
 30
0.0
 11
1791189.32557565
 21
-1004242.920167996
 31
0.0
  0
LINE
  5
CF027
330
2
100
AcDbEntity
  8
STAIR
  6
Continuous
 62
     1
 48
100.0
100
AcDbLine
 10
1792089.334853611
 20
-1006482.916440221
 30
0.0
 11
1792089.325575642
 21
-1004242.91644024
 31
0.0
  0
LINE
  5
CF028
330
2
100
AcDbEntity
  8
STAIR
  6
Continuous
 62
     1
 48
100.0
100
AcDbLine
 10
1792389.334853609
 20
-1006482.915197636
 30
0.0
 11
1792389.325575639
 21
-1004242.915197655
 31
0.0
  0
LINE
  5
CF029
330
2
100
AcDbEntity
  8
STAIR
  6
Continuous
 62
     1
 48
100.0
100
AcDbLine
 10
1791789.334853614
 20
-1006482.917682807
 30
0.0
 11
1791789.325575645
 21
-1004242.917682826
 31
0.0
  0
LINE
  5
CF02A
330
2
100
AcDbEntity
  8
STAIR
  6
Continuous
 62
     1
 48
100.0
100
AcDbLine
 10
1791489.334853617
 20
-1006482.918925392
 30
0.0
 11
1791489.325575647
 21
-1004242.918925411
 31
0.0
  0
LINE
  5
CF02B
330
2
100
AcDbEntity
  8
STAIR
  6
Continuous
 62
     1
 48
100.0
100
AcDbLine
 10
1798089.33485356
 20
-1006482.891588517
 30
0.0
 11
1798089.32557559
 21
-1004242.891588536
 31
0.0
  0
LINE
  5
CF02C
330
2
100
AcDbEntity
  8
STAIR
  6
Continuous
 62
     1
 48
100.0
100
AcDbLine
 10
1797789.334853562
 20
-1006482.892831102
 30
0.0
 11
1797789.325575593
 21
-1004242.892831121
 31
0.0
  0
LINE
  5
CF02D
330
2
100
AcDbEntity
  8
STAIR
  6
Continuous
 62
     1
 48
100.0
100
AcDbLine
 10
1797489.334853565
 20
-1006482.894073687
 30
0.0
 11
1797489.325575596
 21
-1004242.894073706
 31
0.0
  0
LINE
  5
CF02E
330
2
100
AcDbEntity
  8
STAIR
  6
Continuous
 62
     1
 48
100.0
100
AcDbLine
 10
1788489.334853642
 20
-1006482.931351244
 30
0.0
 11
1788489.325575673
 21
-1004242.931351263
 31
0.0
  0
LINE
  5
CF02F
330
2
100
AcDbEntity
  8
STAIR
  6
Continuous
 62
     1
 48
100.0
100
AcDbLine
 10
1788789.33485364
 20
-1006482.930108659
 30
0.0
 11
1788789.32557567
 21
-1004242.930108678
 31
0.0
  0
LINE
  5
CF030
330
2
100
AcDbEntity
  8
STAIR
  6
Continuous
 62
     1
 48
100.0
100
AcDbLine
 10
1789089.334853637
 20
-1006482.928866074
 30
0.0
 11
1789089.325575668
 21
-1004242.928866093
 31
0.0
  0
LINE
  5
CF031
330
2
100
AcDbEntity
  8
STAIR
  6
Continuous
 62
     1
 48
100.0
100
AcDbLine
 10
1790589.334853624
 20
-1006482.922653148
 30
0.0
 11
1790589.325575655
 21
-1004242.922653167
 31
0.0
  0
LINE
  5
CF032
330
2
100
AcDbEntity
  8
STAIR
  6
Continuous
 62
     1
 48
100.0
100
AcDbLine
 10
1786089.334853663
 20
-1006482.941291926
 30
0.0
 11
1786089.325575693
 21
-1004242.941291946
 31
0.0
  0
LINE
  5
CF033
330
2
100
AcDbEntity
  8
STAIR
  6
Continuous
 62
     1
 48
100.0
100
AcDbLine
 10
1788189.334853645
 20
-1006482.93259383
 30
0.0
 11
1788189.325575675
 21
-1004242.932593849
 31
0.0
  0
LINE
  5
CF034
330
2
100
AcDbEntity
  8
STAIR
  6
Continuous
 62
     1
 48
100.0
100
AcDbLine
 10
1786089.335185019
 20
-1006562.941291926
 30
0.0
 11
1786089.335185019
 21
-1006562.941291926
 31
0.0
  0
LINE
  5
CF035
330
2
100
AcDbEntity
  8
STAIR
  6
Continuous
 62
     1
 48
100.0
100
AcDbLine
 10
1786389.33485366
 20
-1006482.940049341
 30
0.0
 11
1786389.325575691
 21
-1004242.94004936
 31
0.0
  0
LINE
  5
CF036
330
2
100
AcDbEntity
  8
STAIR
  6
Continuous
 62
     1
 48
100.0
100
AcDbLine
 10
1786689.334853658
 20
-1006482.938806756
 30
0.0
 11
1786689.325575688
 21
-1004242.938806775
 31
0.0
  0
LINE
  5
CF037
330
2
100
AcDbEntity
  8
STAIR
  6
Continuous
 62
     1
 48
100.0
100
AcDbLine
 10
1787589.33485365
 20
-1006482.935079
 30
0.0
 11
1787589.325575681
 21
-1004242.935079019
 31
0.0
  0
LINE
  5
CF038
330
2
100
AcDbEntity
  8
STAIR
  6
Continuous
 62
     1
 48
100.0
100
AcDbLine
 10
1787889.334853647
 20
-1006482.933836415
 30
0.0
 11
1787889.325575678
 21
-1004242.933836434
 31
0.0
  0
LINE
  5
CF039
330
2
100
AcDbEntity
  8
STAIR
  6
Continuous
 62
     1
 48
100.0
100
AcDbLine
 10
1787289.334853653
 20
-1006482.936321586
 30
0.0
 11
1787289.325575683
 21
-1004242.936321604
 31
0.0
  0
LINE
  5
CF03A
330
2
100
AcDbEntity
  8
STAIR
  6
Continuous
 62
     1
 48
100.0
100
AcDbLine
 10
1786989.334853655
 20
-1006482.937564171
 30
0.0
 11
1786989.325575686
 21
-1004242.93756419
 31
0.0
  0
LINE
  5
CF03B
330
2
100
AcDbEntity
  8
STAIR
  6
Continuous
 62
     1
 48
100.0
100
AcDbLine
 10
1786009.33518502
 20
-1006562.941623282
 30
0.0
 11
1786009.334853663
 21
-1006482.941623282
 31
0.0
  0
LINE
  5
CF03C
330
2
100
AcDbEntity
  8
STAIR
  6
Continuous
 62
     1
 48
100.0
100
AcDbLine
 10
1786009.325244313
 20
-1004162.935477614
 30
0.0
 11
1786009.325575668
 21
-1004242.935477613
 31
0.0
  0
LINE
  5
CF03D
330
2
100
AcDbEntity
  8
SHADE
 62
     1
100
AcDbLine
 10
1802317.749668609
 20
-1004162.910057845
 30
0.0
 11
1802317.759609315
 21
-999335.0033465974
 31
0.0
  0
LINE
  5
CF03E
330
2
100
AcDbEntity
  8
SHADE
 62
     1
100
AcDbLine
 10
1802417.759609316
 20
-1004242.910112426
 30
0.0
 11
1802417.759609315
 21
-999335.0033465974
 31
0.0
  0
LINE
  5
CF03F
330
2
100
AcDbEntity
  8
SHADE
 62
     1
100
AcDbLine
 10
1808817.759609315
 20
-1004162.948222523
 30
0.0
 11
1808817.759609315
 21
-999335.0033465974
 31
0.0
  0
LINE
  5
CF040
330
2
100
AcDbEntity
  8
SHADE
 62
     1
100
AcDbLine
 10
1808717.759609315
 20
-1004242.948222522
 30
0.0
 11
1808717.759609315
 21
-999335.0033465974
 31
0.0
  0
LINE
  5
CF07E
330
2
100
AcDbEntity
  8
DIM
 62
     1
100
AcDbLine
 10
1784447.698853282
 20
-1006617.923968021
 30
0.0
 11
1794218.602318349
 21
-1006617.923966716
 31
0.0
  0
LINE
  5
CF07F
330
2
100
AcDbEntity
  8
DIM
 62
     1
100
AcDbLine
 10
1791477.165223542
 20
-1006617.923967879
 30
0.0
 11
1794218.602318349
 21
-1006617.923966687
 31
0.0
  0
LINE
  5
CF080
330
2
100
AcDbEntity
  8
DIM
 62
     1
100
AcDbLine
 10
1784447.698853296
 20
-1006717.923966482
 30
0.0
 11
1794218.602318409
 21
-1006717.923965405
 31
0.0
  0
LINE
  5
CF081
330
2
100
AcDbEntity
  8
DIM
 62
     1
100
AcDbLine
 10
1791477.165223542
 20
-1006717.923966359
 30
0.0
 11
1794218.602318409
 21
-1006717.923965346
 31
0.0
  0
LINE
  5
CF082
330
2
100
AcDbEntity
  8
DIM
 62
     1
100
AcDbLine
 10
1784447.698853448
 20
-1007817.923955816
 30
0.0
 11
1794218.602318826
 21
-1007817.923954706
 31
0.0
  0
LINE
  5
CF083
330
2
100
AcDbEntity
  8
DIM
 62
     1
100
AcDbLine
 10
1784447.698853456
 20
-1007872.923955295
 30
0.0
 11
1794218.602318886
 21
-1007872.92395411
 31
0.0
  0
LINE
  5
CF084
330
2
100
AcDbEntity
  8
DIM
 62
     1
100
AcDbLine
 10
1784447.698853441
 20
-1007762.923956444
 30
0.0
 11
1794218.602318826
 21
-1007762.923955302
 31
0.0
  0
LINE
  5
CF085
330
2
100
AcDbEntity
  8
DIM
 62
     1
100
AcDbLine
 10
1784447.698853429
 20
-1007717.923957549
 30
0.0
 11
1794218.602318826
 21
-1007717.923956017
 31
0.0
  0
LINE
  5
CF093
330
2
100
AcDbEntity
  8
DIM
 62
     1
100
AcDbLine
 10
1794218.602318409
 20
-1006717.923965316
 30
0.0
 11
1791477.165223542
 21
-1006717.923966359
 31
0.0
  0
LINE
  5
CF094
330
2
100
AcDbEntity
  8
DIM
 62
     1
100
AcDbLine
 10
1794218.602318349
 20
-1006562.923967313
 30
0.0
 11
1790676.624397954
 21
-1006562.923968776
 31
0.0
  0
LINE
  5
CF095
330
2
100
AcDbEntity
  8
DIM
 62
     1
100
AcDbLine
 10
1794218.602318409
 20
-1006672.92396612
 30
0.0
 11
1784447.69885329
 21
-1006672.92396743
 31
0.0
  0
LINE
  5
CF096
330
2
100
AcDbEntity
  8
DIM
 62
     1
100
AcDbLine
 10
1794218.602318349
 20
-1006562.923967253
 30
0.0
 11
1791477.165223482
 21
-1006562.923968475
 31
0.0
  0
LINE
  5
CF097
330
2
100
AcDbEntity
  8
DIM
 62
     1
100
AcDbLine
 10
1791477.165223542
 20
-1006617.923967819
 30
0.0
 11
1797249.277649107
 21
-1006617.923965375
 31
0.0
  0
LINE
  5
CF098
330
2
100
AcDbEntity
  8
DIM
 62
     1
100
AcDbLine
 10
1791477.165223542
 20
-1006717.923966448
 30
0.0
 11
1796831.640859487
 21
-1006717.923964511
 31
0.0
  0
LINE
  5
CF099
330
2
100
AcDbEntity
  8
DIM
 62
     1
100
AcDbLine
 10
1794218.602318409
 20
-1006672.923966091
 30
0.0
 11
1791477.165223542
 21
-1006672.923967283
 31
0.0
  0
LINE
  5
CF09A
330
2
100
AcDbEntity
  8
DIM
 62
     1
100
AcDbLine
 10
1784447.698853429
 20
-1007717.923957315
 30
0.0
 11
1796830.53340787
 21
-1007717.923954825
 31
0.0
  0
LINE
  5
CF09B
330
2
100
AcDbEntity
  8
DIM
 62
     1
100
AcDbLine
 10
1784447.698853456
 20
-1007872.923955263
 30
0.0
 11
1797204.456236723
 21
-1007872.923953067
 31
0.0
  0
LINE
  5
CF09C
330
2
100
AcDbEntity
  8
DIM
 62
     1
100
AcDbLine
 10
1784447.698853448
 20
-1007817.923955825
 30
0.0
 11
1797249.27539927
 21
-1007817.923953633
 31
0.0
  0
LINE
  5
CF09D
330
2
100
AcDbEntity
  8
DIM
 62
     1
100
AcDbLine
 10
1784447.69885344
 20
-1007762.923956418
 30
0.0
 11
1797195.968447926
 21
-1007762.923954259
 31
0.0
  0
LINE
  5
CF0A3
330
2
100
AcDbEntity
  8
DIM
 62
     1
100
AcDbLine
 10
1796831.087133649
 20
-1007717.923955392
 30
0.0
 11
1796831.087133291
 21
-1006717.923963975
 31
0.0
  0
LINE
  5
CF0A5
330
2
100
AcDbEntity
  8
DIM
 62
     1
100
AcDbLine
 10
1794218.602318409
 20
-1006717.923965375
 30
0.0
 11
1791477.165223542
 21
-1006717.923966329
 31
0.0
  0
LINE
  5
CF0A6
330
2
100
AcDbEntity
  8
DIM
 62
     1
100
AcDbLine
 10
1797201.49454582
 20
-1006562.923965971
 30
0.0
 11
1791477.165223482
 21
-1006562.923968415
 31
0.0
  0
LINE
  5
CF0A7
330
2
100
AcDbEntity
  8
DIM
 62
     1
100
AcDbLine
 10
1797193.00677258
 20
-1006672.923964809
 30
0.0
 11
1791477.165223542
 21
-1006672.923967223
 31
0.0
  0
ELLIPSE
  5
CF0A8
330
2
100
AcDbEntity
  8
DIM
 62
     1
100
AcDbEllipse
 10
1797190.77096081
 20
-1006617.423981647
 30
0.0
 11
45.53699636700087
 21
31.8061158451834
 31
0.0
210
0.0
220
0.0
230
1.0
 40
0.9999999949948108
 41
4.142955130941857
 42
7.050003778213735
  0
LINE
  5
CF0A9
330
2
100
AcDbEntity
  8
DIM
 62
     1
100
AcDbLine
 10
1796831.087133291
 20
-1006718.423948507
 30
0.0
 11
1796880.924086097
 21
-1006673.423948656
 31
0.0
  0
LINE
  5
CF0AA
330
2
100
AcDbEntity
  8
DIM
 62
     1
100
AcDbLine
 10
1796831.087133649
 20
-1007718.423938494
 30
0.0
 11
1796880.924086514
 21
-1007763.423938255
 31
0.0
  0
ELLIPSE
  5
CF0AB
330
2
100
AcDbEntity
  8
DIM
 62
     1
100
AcDbEllipse
 10
1797193.73264915
 20
-1007818.423937898
 30
0.0
 11
45.53022560728915
 21
31.81580739339634
 31
0.0
210
0.0
220
0.0
230
1.0
 40
0.999999994786096
 41
4.296760483941066
 42
7.203809131558089
  0
LINE
  5
CF0AD
330
2
100
AcDbEntity
  8
DIM
 62
     1
100
AcDbLine
 10
1796831.08713341
 20
-1006994.179261403
 30
0.0
 11
1796831.087133649
 21
-1007718.423938589
 31
0.0
  0
LINE
  5
CF0AE
330
2
100
AcDbEntity
  8
DIM
 62
     1
100
AcDbLine
 10
1796831.087133649
 20
-1007718.423938589
 30
0.0
 11
1796831.087133291
 21
-1006718.42394762
 31
0.0
  0
LINE
  5
CF0AF
330
2
100
AcDbEntity
  8
DIM
 62
     1
100
AcDbLine
 10
1796431.08713192
 20
-1007718.423938798
 30
0.0
 11
1796431.087131503
 21
-1006718.423947769
 31
0.0
  0
LINE
  5
CF0B0
330
2
100
AcDbEntity
  8
DIM
 62
     1
100
AcDbLine
 10
1796431.087131503
 20
-1006718.423947769
 30
0.0
 11
1796431.08713192
 21
-1007718.423938798
 31
0.0
  0
LINE
  5
CF10A
330
2
100
AcDbEntity
  8
DIM
 62
     1
100
AcDbLine
 10
1796031.640855553
 20
-1006718.423947935
 30
0.0
 11
1796031.64085597
 21
-1007718.423938965
 31
0.0
  0
LINE
  5
CF10D
330
2
100
AcDbEntity
  8
DIM
 62
     1
100
AcDbLine
 10
1795632.7483058
 20
-1007718.923922896
 30
0.0
 11
1795632.748305442
 21
-1006718.923931926
 31
0.0
  0
LINE
  5
CF10E
330
2
100
AcDbEntity
  8
DIM
 62
     1
100
AcDbLine
 10
1795232.748303654
 20
-1006718.923932075
 30
0.0
 11
1795232.748304071
 21
-1007718.923923104
 31
0.0
  0
LINE
  5
CF10F
330
2
100
AcDbEntity
  8
DIM
 62
     1
100
AcDbLine
 10
1795232.748304071
 20
-1007718.923923104
 30
0.0
 11
1795232.748303654
 21
-1006718.923932075
 31
0.0
  0
LINE
  5
CF111
330
2
100
AcDbEntity
  8
DIM
 62
     1
100
AcDbLine
 10
1794833.302027704
 20
-1006718.923932241
 30
0.0
 11
1794833.302028122
 21
-1007718.923923271
 31
0.0
  0
LINE
  5
CF112
330
2
100
AcDbEntity
  8
DIM
 62
     1
100
AcDbLine
 10
1794434.409477951
 20
-1007719.423907202
 30
0.0
 11
1794434.409477593
 21
-1006719.423916232
 31
0.0
  0
LINE
  5
CF113
330
2
100
AcDbEntity
  8
DIM
 62
     1
100
AcDbLine
 10
1794034.409475805
 20
-1006719.423916381
 30
0.0
 11
1794034.409476222
 21
-1007719.42390741
 31
0.0
  0
LINE
  5
CF114
330
2
100
AcDbEntity
  8
DIM
 62
     1
100
AcDbLine
 10
1794034.409476222
 20
-1007717.923956055
 30
0.0
 11
1794034.409475804
 21
-1006717.923965026
 31
0.0
  0
LINE
  5
CF116
330
2
100
AcDbEntity
  8
DIM
 62
     1
100
AcDbLine
 10
1793634.963199855
 20
-1006717.923965192
 30
0.0
 11
1793634.963200272
 21
-1007717.923956222
 31
0.0
  0
LINE
  5
CF117
330
2
100
AcDbEntity
  8
DIM
 62
     1
100
AcDbLine
 10
1793236.070650101
 20
-1007718.423940153
 30
0.0
 11
1793236.070649744
 21
-1006718.423949183
 31
0.0
  0
LINE
  5
CF118
330
2
100
AcDbEntity
  8
DIM
 62
     1
100
AcDbLine
 10
1792836.070647956
 20
-1006718.423949332
 30
0.0
 11
1792836.070648373
 21
-1007718.423940361
 31
0.0
  0
LINE
  5
CF119
330
2
100
AcDbEntity
  8
DIM
 62
     1
100
AcDbLine
 10
1792836.070648373
 20
-1007718.923924243
 30
0.0
 11
1792836.070647956
 21
-1006718.923933214
 31
0.0
  0
LINE
  5
CF11A
330
2
100
AcDbEntity
  8
DIM
 62
     1
100
AcDbLine
 10
1792836.070647956
 20
-1006718.923933214
 30
0.0
 11
1792836.070648373
 21
-1007718.923924243
 31
0.0
  0
LINE
  5
CF11B
330
2
100
AcDbEntity
  8
DIM
 62
     1
100
AcDbLine
 10
1792436.624372006
 20
-1006718.923933381
 30
0.0
 11
1792436.624372423
 21
-1007718.92392441
 31
0.0
  0
LINE
  5
CF11C
330
2
100
AcDbEntity
  8
DIM
 62
     1
100
AcDbLine
 10
1792037.731822253
 20
-1007719.423908341
 30
0.0
 11
1792037.731821895
 21
-1006719.423917371
 31
0.0
  0
LINE
  5
CF11D
330
2
100
AcDbEntity
  8
DIM
 62
     1
100
AcDbLine
 10
1791637.731820107
 20
-1006719.42391752
 30
0.0
 11
1791637.731820524
 21
-1007719.42390855
 31
0.0
  0
LINE
  5
CF11E
330
2
100
AcDbEntity
  8
DIM
 62
     1
100
AcDbLine
 10
1791637.731820524
 20
-1007719.42390855
 30
0.0
 11
1791637.731820107
 21
-1006719.42391752
 31
0.0
  0
LINE
  5
CF11F
330
2
100
AcDbEntity
  8
DIM
 62
     1
100
AcDbLine
 10
1791238.285544157
 20
-1006719.423917687
 30
0.0
 11
1791238.285544574
 21
-1007719.423908716
 31
0.0
  0
LINE
  5
CF120
330
2
100
AcDbEntity
  8
DIM
 62
     1
100
AcDbLine
 10
1790839.392994404
 20
-1007719.923892647
 30
0.0
 11
1790839.392994046
 21
-1006719.923901677
 31
0.0
  0
LINE
  5
CF121
330
2
100
AcDbEntity
  8
DIM
 62
     1
100
AcDbLine
 10
1790439.392992258
 20
-1006719.923901826
 30
0.0
 11
1790439.392992675
 21
-1007719.923892856
 31
0.0
  0
LINE
  5
CF122
330
2
100
AcDbEntity
  8
DIM
 62
     1
100
AcDbLine
 10
1790439.392992674
 20
-1007718.423941501
 30
0.0
 11
1790439.392992257
 21
-1006718.423950471
 31
0.0
  0
LINE
  5
CF123
330
2
100
AcDbEntity
  8
DIM
 62
     1
100
AcDbLine
 10
1790039.946716308
 20
-1006718.423950638
 30
0.0
 11
1790039.946716725
 21
-1007718.423941667
 31
0.0
  0
LINE
  5
CF124
330
2
100
AcDbEntity
  8
DIM
 62
     1
100
AcDbLine
 10
1789641.054166554
 20
-1007718.923925598
 30
0.0
 11
1789641.054166197
 21
-1006718.923934628
 31
0.0
  0
LINE
  5
CF125
330
2
100
AcDbEntity
  8
DIM
 62
     1
100
AcDbLine
 10
1789241.054164408
 20
-1006718.923934777
 30
0.0
 11
1789241.054164826
 21
-1007718.923925807
 31
0.0
  0
LINE
  5
CF126
330
2
100
AcDbEntity
  8
DIM
 62
     1
100
AcDbLine
 10
1789241.054164825
 20
-1007718.423940428
 30
0.0
 11
1789241.054164408
 21
-1006718.423949398
 31
0.0
  0
LINE
  5
CF127
330
2
100
AcDbEntity
  8
DIM
 62
     1
100
AcDbLine
 10
1789241.054164408
 20
-1006718.423949398
 30
0.0
 11
1789241.054164825
 21
-1007718.423940428
 31
0.0
  0
LINE
  5
CF128
330
2
100
AcDbEntity
  8
DIM
 62
     1
100
AcDbLine
 10
1788841.607888458
 20
-1006718.423949565
 30
0.0
 11
1788841.607888876
 21
-1007718.423940595
 31
0.0
  0
LINE
  5
CF129
330
2
100
AcDbEntity
  8
DIM
 62
     1
100
AcDbLine
 10
1788442.715338705
 20
-1007718.923924525
 30
0.0
 11
1788442.715338347
 21
-1006718.923933556
 31
0.0
  0
LINE
  5
CF12A
330
2
100
AcDbEntity
  8
DIM
 62
     1
100
AcDbLine
 10
1788042.715336559
 20
-1006718.923933705
 30
0.0
 11
1788042.715336976
 21
-1007718.923924734
 31
0.0
  0
LINE
  5
CF12B
330
2
100
AcDbEntity
  8
DIM
 62
     1
100
AcDbLine
 10
1788042.715336976
 20
-1007718.923924734
 30
0.0
 11
1788042.715336559
 21
-1006718.923933705
 31
0.0
  0
LINE
  5
CF12C
330
2
100
AcDbEntity
  8
DIM
 62
     1
100
AcDbLine
 10
1787643.26906061
 20
-1006718.923933871
 30
0.0
 11
1787643.269061027
 21
-1007718.923924901
 31
0.0
  0
LINE
  5
CF12D
330
2
100
AcDbEntity
  8
DIM
 62
     1
100
AcDbLine
 10
1787244.376510856
 20
-1007719.423908832
 30
0.0
 11
1787244.376510498
 21
-1006719.423917862
 31
0.0
  0
LINE
  5
CF12E
330
2
100
AcDbEntity
  8
DIM
 62
     1
100
AcDbLine
 10
1786844.37650871
 20
-1006719.423918011
 30
0.0
 11
1786844.376509128
 21
-1007719.42390904
 31
0.0
  0
LINE
  5
CF12F
330
2
100
AcDbEntity
  8
DIM
 62
     1
100
AcDbLine
 10
1786844.376509127
 20
-1007717.923957685
 30
0.0
 11
1786844.37650871
 21
-1006717.923966655
 31
0.0
  0
LINE
  5
CF130
330
2
100
AcDbEntity
  8
DIM
 62
     1
100
AcDbLine
 10
1786444.93023276
 20
-1006717.923966822
 30
0.0
 11
1786444.930233177
 21
-1007717.923957852
 31
0.0
  0
LINE
  5
CF131
330
2
100
AcDbEntity
  8
DIM
 62
     1
100
AcDbLine
 10
1786046.037683007
 20
-1007718.423941783
 30
0.0
 11
1786046.037682649
 21
-1006718.423950813
 31
0.0
  0
LINE
  5
CF132
330
2
100
AcDbEntity
  8
DIM
 62
     1
100
AcDbLine
 10
1785646.037680861
 20
-1006718.423950962
 30
0.0
 11
1785646.037681278
 21
-1007718.423941991
 31
0.0
  0
LINE
  5
CF133
330
2
100
AcDbEntity
  8
DIM
 62
     1
100
AcDbLine
 10
1785646.037681278
 20
-1007718.423941243
 30
0.0
 11
1785646.037680861
 21
-1006718.423950213
 31
0.0
  0
LINE
  5
CF134
330
2
100
AcDbEntity
  8
DIM
 62
     1
100
AcDbLine
 10
1785646.037680861
 20
-1006718.423950213
 30
0.0
 11
1785646.037681278
 21
-1007718.423941243
 31
0.0
  0
LINE
  5
CF135
330
2
100
AcDbEntity
  8
DIM
 62
     1
100
AcDbLine
 10
1785246.591404911
 20
-1006718.42395038
 30
0.0
 11
1785246.591405328
 21
-1007718.42394141
 31
0.0
  0
LINE
  5
CF136
330
2
100
AcDbEntity
  8
DIM
 62
     1
100
AcDbLine
 10
1784847.698855158
 20
-1007718.92392534
 30
0.0
 11
1784847.6988548
 21
-1006718.92393437
 31
0.0
  0
LINE
  5
CF137
330
2
100
AcDbEntity
  8
DIM
 62
     1
100
AcDbLine
 10
1784447.698853429
 20
-1007717.923957548
 30
0.0
 11
1784447.698853429
 21
-1007718.923925549
 31
0.0
  0
LINE
  5
CF138
330
2
100
AcDbEntity
  8
DIM
 62
     1
100
AcDbLine
 10
1784447.698853455
 20
-1007872.923955263
 30
0.0
 11
1784447.698853434
 21
-1007717.923957549
 31
0.0
  0
LINE
  5
CF140
330
2
100
AcDbEntity
  8
DIM
 62
     1
100
AcDbLine
 10
1784447.698853296
 20
-1006717.923966482
 30
0.0
 11
1784447.698853282
 21
-1006617.923968021
 31
0.0
  0
LINE
  5
CF141
330
2
100
AcDbEntity
  8
STAIR
  6
Continuous
 62
     1
 48
100.0
100
AcDbLine
 10
1784447.698853455
 20
-1007872.923955294
 30
0.0
 11
1802417.759609317
 21
-1007872.901000644
 31
0.0
  0
LINE
  5
CF142
330
2
100
AcDbEntity
  8
STAIR
  6
Continuous
 62
     1
 48
100.0
100
AcDbLine
 10
1784447.698924525
 20
-1007952.923955294
 30
0.0
 11
1802317.759609315
 21
-1007952.900968552
 31
0.0
  0
LINE
  5
CF143
330
2
100
AcDbEntity
  8
STAIR
  6
Continuous
 62
     1
 48
100.0
100
AcDbLine
 10
1784447.699184812
 20
-1007952.923955294
 30
0.0
 11
1784447.698853455
 21
-1007872.923955295
 31
0.0
  0
LINE
  5
CF144
330
2
100
AcDbEntity
  8
SHADE
 62
     1
100
AcDbLine
 10
1802317.757686594
 20
-1006812.115400829
 30
0.0
 11
1802317.757686594
 21
-1006562.918893903
 31
0.0
  0
LINE
  5
CF145
330
2
100
AcDbEntity
  8
SHADE
 62
     1
100
AcDbLine
 10
1802417.757686596
 20
-1006812.115261475
 30
0.0
 11
1802417.757686596
 21
-1006482.918925995
 31
0.0
  0
LINE
  5
CF146
330
2
100
AcDbEntity
  8
STAIR
  6
Continuous
 62
     1
 48
100.0
100
AcDbLine
 10
1802317.757686594
 20
-1006812.115400828
 30
0.0
 11
1802417.757686596
 21
-1006812.115261475
 31
0.0
  0
LINE
  5
CF147
330
2
100
AcDbEntity
  8
STAIR
  6
Continuous
 62
     1
 48
100.0
100
AcDbLine
 10
1808817.759609315
 20
-1009660.070657001
 30
0.0
 11
1802317.759609315
 21
-1009660.080705109
 31
0.0
  0
LINE
  5
CF148
330
2
100
AcDbEntity
  8
STAIR
  6
Continuous
 62
     1
 48
100.0
100
AcDbLine
 10
1802417.759609317
 20
-1009580.080422147
 30
0.0
 11
1808717.749668607
 21
-1009580.07060242
 31
0.0
  0
LINE
  5
CF149
330
2
100
AcDbEntity
  8
SHADE
 62
     1
100
AcDbLine
 10
1808717.759609315
 20
-1009580.044928016
 30
0.0
 11
1808717.759609315
 21
-1006482.928330009
 31
0.0
  0
VIEWPORT
  5
CDA70
330
F
100
AcDbEntity
 67
     1
  8
0
  6
Continuous
 62
     6
100
AcDbViewport
 10
1109.022896191101
 20
-256.4494694191725
 30
0.0
 40
2626.351408175714
 41
1005.385072490483
 68
     1
 69
     1
 12
1109.022896191101
 22
-256.4494694191725
 13
0.0
 23
0.0
 14
10.0
 24
10.0
 15
10.0
 25
10.0
 16
0.0
 26
0.0
 36
1.0
 17
0.0
 27
0.0
 37
0.0
 42
50.0
 43
0.0
 44
0.0
 45
1005.385072490483
 50
0.0
 51
0.0
 72
   100
 90
   819232
  1

281
     0
 71
     1
 74
     0
110
0.0
120
0.0
130
0.0
111
1.0
121
0.0
131
0.0
112
0.0
122
1.0
132
0.0
 79
     0
146
0.0
170
     0
 61
     5
348
69B5D
292
     1
282
     1
141
0.0
142
0.0
 63
   250
421
  3355443
  0
LWPOLYLINE
  5
CDC61
330
F
100
AcDbEntity
 67
     1
  8
fas
  6
Continuous
 62
     3
100
AcDbPolyline
 90
        4
 70
     1
 43
0.0
 10
529.6344518633887
 20
-22.28889911198621
 10
1272.134451863389
 20
-22.28889911198621
 10
1272.134451863389
 20
-442.2888991119862
 10
529.6344518633887
 20
-442.2888991119862
  0
LINE
  5
CDC62
330
F
100
AcDbEntity
 67
     1
  8
fas
  6
Continuous
 62
     3
100
AcDbLine
 10
529.6344518633887
 20
-442.2888991119862
 30
0.0
 11
554.6344518633887
 21
-442.2888991119862
 31
0.0
  0
LINE
  5
CDC63
330
F
100
AcDbEntity
 67
     1
  8
fas
  6
Continuous
 62
     3
100
AcDbLine
 10
554.6344518633887
 20
-432.2888991119861
 30
0.0
 11
554.6344518633887
 21
-32.28889911198615
 31
0.0
  0
LWPOLYLINE
  5
CDC67
330
F
100
AcDbEntity
 67
     1
  8
fas
  6
Continuous
 62
     3
100
AcDbPolyline
 90
        5
 70
     0
 43
1.0
 10
554.6344518633887
 20
-432.2888991119861
 10
1262.134451863389
 20
-432.2888991119861
 10
1262.134451863389
 20
-32.28889911198615
 10
554.6344518633887
 20
-32.28889911198615
 10
554.6344518633887
 20
-432.2888991119861
  0
LINE
  5
CDC68
330
F
100
AcDbEntity
 67
     1
  8
0
 62
     3
100
AcDbLine
 10
1262.134451863389
 20
-370.2888991119861
 30
0.0
 11
1222.134451863389
 21
-370.2888991119861
 31
0.0
  0
MTEXT
  5
CDC69
330
F
100
AcDbEntity
 67
     1
  8
0
 62
     3
100
AcDbMText
 10
1230.911518481593
 20
-375.1083593372776
 30
0.0
 40
2.5
 41
50.0
 46
0.0
 71
     5
 72
     5
  1
{\W0.75;\P\W0.7;\P}工程项目编号
  7
S3
 73
     1
 44
1.0
  0
LINE
  5
CDC6A
330
F
100
AcDbEntity
 67
     1
  8
0
 62
     3
100
AcDbLine
 10
1222.134451863389
 20
-376.2888991119861
 30
0.0
 11
1262.134451863389
 21
-376.2888991119861
 31
0.0
  0
MTEXT
  5
CDC6C
330
F
100
AcDbEntity
 67
     1
  8
0
 62
     3
100
AcDbMText
 10
1230.676198228295
 20
-373.4054515626802
 30
0.0
 40
2.5
 41
50.0
 46
0.0
 71
     5
 72
     5
  1
CAD文件名
  7
S3
 73
     1
 44
1.0
  0
LINE
  5
CDC6D
330
F
100
AcDbEntity
 67
     1
  8
0
 62
     3
100
AcDbLine
 10
1240.044593852978
 20
-370.2888991119861
 30
0.0
 11
1240.044593852978
 21
-382.2888991119861
 31
0.0
  0
LINE
  5
CDC6E
330
F
100
AcDbEntity
 67
     1
  8
0
 62
     3
100
AcDbLine
 10
1222.134451863389
 20
-370.2888991119861
 30
0.0
 11
1222.134451863389
 21
-382.2888991119861
 31
0.0
  0
MTEXT
  5
CDC6F
330
F
100
AcDbEntity
 67
     1
  8
0
 62
     3
100
AcDbMText
 10
1229.616892044465
 20
-402.2963462448269
 30
0.0
 40
2.5
 41
50.0
 46
0.0
 71
     5
 72
     5
  1
设计阶段
  7
S3
 73
     1
 44
1.0
  0
TEXT
  5
CDC70
330
F
100
AcDbEntity
 67
     1
  8
0
 62
     3
100
AcDbText
 10
1244.220039288546
 20
-403.6484308917596
 30
0.0
 40
3.0
  1
施工图
 41
0.85
  7
S3
100
AcDbText
  0
MTEXT
  5
CDC71
330
F
100
AcDbEntity
 67
     1
  8
0
 62
     3
100
AcDbMText
 10
1229.356935850377
 20
-412.6873365421369
 30
0.0
 40
2.5
 41
50.0
 46
0.0
 71
     5
 72
     5
  1
比  例
  7
S3
 73
     1
 44
1.0
  0
LINE
  5
CDC72
330
F
100
AcDbEntity
 67
     1
  8
0
 62
     3
100
AcDbLine
 10
1222.134451863389
 20
-417.2888991119861
 30
0.0
 11
1262.134451863389
 21
-417.2888991119861
 31
0.0
  0
MTEXT
  5
CDC73
330
F
100
AcDbEntity
 67
     1
  8
0
 62
     3
100
AcDbMText
 10
1232.209123999845
 20
-428.928029411897
 30
0.0
 40
2.5
 41
50.0
 46
0.0
 71
     5
 72
     5
  1
第  1  张
  7
S3
 73
     1
 44
1.0
  0
MTEXT
  5
CDC74
330
F
100
AcDbEntity
 67
     1
  8
0
 62
     3
100
AcDbMText
 10
1250.63474199086
 20
-429.1264387196451
 30
0.0
 40
2.5
 41
50.0
 46
0.0
 71
     5
 72
     5
  1
共  1  张
  7
S3
 73
     1
 44
1.0
  0
MTEXT
  5
CDC75
330
F
100
AcDbEntity
 67
     1
  8
0
 62
     3
100
AcDbMText
 10
1229.356935850377
 20
-421.3407784648761
 30
0.0
 40
2.5
 41
50.0
 46
0.0
 71
     5
 72
     5
  1
日  期
  7
S3
 73
     1
 44
1.0
  0
LINE
  5
CDC76
330
F
100
AcDbEntity
 67
     1
  8
0
 62
     3
100
AcDbLine
 10
1222.134451863389
 20
-396.2888991119861
 30
0.0
 11
1222.134451863389
 21
-432.2888991119861
 31
0.0
  0
LINE
  5
CDC77
330
F
100
AcDbEntity
 67
     1
  8
0
 62
     3
100
AcDbLine
 10
1237.134451863389
 20
-396.2888991119861
 30
0.0
 11
1237.134451863389
 21
-426.2888991119861
 31
0.0
  0
LINE
  5
CDC78
330
F
100
AcDbEntity
 67
     1
  8
0
 62
     3
100
AcDbLine
 10
1142.134451863389
 20
-401.8917882707491
 30
0.0
 11
1142.134451863389
 21
-402.2888991119861
 31
0.0
  0
MTEXT
  5
CDC79
330
F
100
AcDbEntity
 67
     1
  8
0
 62
     3
100
AcDbMText
 10
1094.522613714482
 20
-405.2608047700077
 30
0.0
 40
2.5
 41
50.0
 46
0.0
 71
     5
 72
     5
  1
审      核
  7
S3
 73
     1
 44
1.0
  0
MTEXT
  5
CDC7A
330
F
100
AcDbEntity
 67
     1
  8
0
 62
     3
100
AcDbMText
 10
1094.522613714482
 20
-399.1285505559816
 30
0.0
 40
2.5
 41
50.0
 46
0.0
 71
     5
 72
     5
  1
审      定
  7
S3
 73
     1
 44
1.0
  0
LINE
  5
CDC7B
330
F
100
AcDbEntity
 67
     1
  8
0
 62
     3
100
AcDbLine
 10
1082.134451863389
 20
-396.2888991119861
 30
0.0
 11
1142.134451863389
 21
-396.2888991119861
 31
0.0
  0
LINE
  5
CDC7C
330
F
100
AcDbEntity
 67
     1
  8
0
 62
     3
100
AcDbLine
 10
1082.134451863389
 20
-402.2888991119861
 30
0.0
 11
1142.134451863389
 21
-402.2888991119861
 31
0.0
  0
LINE
  5
CDC7D
330
F
100
AcDbEntity
 67
     1
  8
0
 62
     3
100
AcDbLine
 10
1082.134451863389
 20
-408.2888991119861
 30
0.0
 11
1142.134451863389
 21
-408.2888991119861
 31
0.0
  0
MTEXT
  5
CDC7E
330
F
100
AcDbEntity
 67
     1
  8
0
 62
     3
100
AcDbMText
 10
1111.85397427253
 20
-386.9207540093511
 30
0.0
 40
3.5
 41
124.004566724542
 46
0.0
 71
     2
 72
     5
  1
\pt49;{\fSimHei|b0|i0|c134|p2;中铁上海设计院集团有限公司}
  7
S3
 73
     1
 44
1.0
  0
LINE
  5
CDC7F
330
F
100
AcDbEntity
 67
     1
  8
0
 62
     3
100
AcDbLine
 10
1157.134451863389
 20
-426.2888991119861
 30
0.0
 11
1157.134451863389
 21
-432.2888991119861
 31
0.0
  0
MTEXT
  5
CDC80
330
F
100
AcDbEntity
 67
     1
  8
0
 62
     3
100
AcDbMText
 10
1149.527395165558
 20
-428.9845322579666
 30
0.0
 40
2.5
 41
50.0
 46
0.0
 71
     5
 72
     5
  1
图    号
  7
S3
 73
     1
 44
1.0
  0
MTEXT
  5
CDC81
330
F
100
AcDbEntity
 67
     1
  8
0
 62
     3
100
AcDbMText
 10
1094.522613714482
 20
-417.0696622752174
 30
0.0
 40
2.5
 41
50.0
 46
0.0
 71
     5
 72
     5
  1
专业负责人
  7
S3
 73
     1
 44
1.0
  0
MTEXT
  5
CDC82
330
F
100
AcDbEntity
 67
     1
  8
0
 62
     3
100
AcDbMText
 10
1094.522613714482
 20
-429.101890545763
 30
0.0
 40
2.5
 41
50.0
 46
0.0
 71
     5
 72
     5
  1
设      计
  7
S3
 73
     1
 44
1.0
  0
MTEXT
  5
CDC83
330
F
100
AcDbEntity
 67
     1
  8
0
 62
     3
100
AcDbMText
 10
1094.522613714482
 20
-423.1738328230157
 30
0.0
 40
2.5
 41
50.0
 46
0.0
 71
     5
 72
     5
  1
校      核
  7
S3
 73
     1
 44
1.0
  0
LINE
  5
CDC84
330
F
100
AcDbEntity
 67
     1
  8
0
 62
     3
100
AcDbLine
 10
1082.134451863389
 20
-420.2888991119861
 30
0.0
 11
1142.134451863389
 21
-420.2888991119861
 31
0.0
  0
LINE
  5
CDC85
330
F
100
AcDbEntity
 67
     1
  8
0
 62
     3
100
AcDbLine
 10
1082.134451863389
 20
-414.2888991119861
 30
0.0
 11
1142.134451863389
 21
-414.2888991119861
 31
0.0
  0
LINE
  5
CDC86
330
F
100
AcDbEntity
 67
     1
  8
0
 62
     3
100
AcDbLine
 10
1142.134451863389
 20
-402.2888991119861
 30
0.0
 11
1142.134451863389
 21
-432.2888991119861
 31
0.0
  0
LINE
  5
CDC87
330
F
100
AcDbEntity
 67
     1
  8
0
 62
     3
100
AcDbLine
 10
1127.134451863389
 20
-396.2888991119861
 30
0.0
 11
1127.134451863389
 21
-432.2888991119861
 31
0.0
  0
LINE
  5
CDC88
330
F
100
AcDbEntity
 67
     1
  8
0
 62
     3
100
AcDbLine
 10
1107.134451863389
 20
-396.2888991119861
 30
0.0
 11
1107.134451863389
 21
-432.2888991119861
 31
0.0
  0
MTEXT
  5
CDC89
330
F
100
AcDbEntity
 67
     1
  8
0
 62
     3
100
AcDbMText
 10
1094.522613714482
 20
-411.0152593063711
 30
0.0
 40
2.5
 41
50.0
 46
0.0
 71
     5
 72
     5
  1
项目负责人
  7
S3
 73
     1
 44
1.0
  0
LINE
  5
CDC8A
330
F
100
AcDbEntity
 67
     1
  8
0
 62
     3
100
AcDbLine
 10
1142.134451863389
 20
-382.2888991119861
 30
0.0
 11
1142.134451863389
 21
-401.8917882707491
 31
0.0
  0
LWPOLYLINE
  5
CDC8B
330
F
100
AcDbEntity
 67
     1
  8
0
 62
     3
100
AcDbPolyline
 90
        6
 70
     1
 43
0.5
 10
1142.134451863389
 20
-382.2888991119861
 10
1262.134451863389
 20
-382.2888991119861
 10
1262.134451863389
 20
-432.2888991119861
 10
1082.134451863389
 20
-432.2888991119861
 10
1082.134451863389
 20
-382.2888991119861
 10
1142.134451863389
 20
-382.2888991119861
  0
LINE
  5
CDC8C
330
F
100
AcDbEntity
 67
     1
  8
0
 62
     3
100
AcDbLine
 10
1082.134451863389
 20
-426.2888991119861
 30
0.0
 11
1262.134451863389
 21
-426.2888991119861
 31
0.0
  0
LINE
  5
CDC8D
330
F
100
AcDbEntity
 67
     1
  8
0
 62
     3
100
AcDbLine
 10
1082.134451863389
 20
-396.2888991119861
 30
0.0
 11
1262.134451863389
 21
-396.2888991119861
 31
0.0
  0
LINE
  5
CDC8E
330
F
100
AcDbEntity
 67
     1
  8
0
 62
     3
100
AcDbLine
 10
1142.134451863389
 20
-408.2888991119861
 30
0.0
 11
1262.134451863389
 21
-408.2888991119861
 31
0.0
  0
MTEXT
  5
CDC93
330
F
100
AcDbEntity
 67
     1
  8
0
 62
     3
100
AcDbMText
 10
1182.250268350388
 20
-416.2910085520297
 30
0.0
 40
2.5
 41
50.0
 46
0.0
 71
     5
 72
     5
  1
站厅火灾报警系统平面布置图
  7
S3
 73
     1
 44
1.0
  0
LWPOLYLINE
  5
CDC98
102
{ACAD_REACTORS
330
CDC9A
102
}
330
F
100
AcDbEntity
 67
     1
  8
fas
  6
Continuous
 62
   255
100
AcDbPolyline
 90
        9
 70
     1
 43
0.0
 10
554.6344518633887
 20
-432.2888991119861
 10
1082.134451863389
 20
-432.2888991119861
 10
1082.134451863389
 20
-382.2888991119861
 10
1222.134451863389
 20
-382.2888991119861
 10
1222.134451863389
 20
-370.2888991119861
 10
1262.134451863389
 20
-370.2888991119861
 10
1262.134451863389
 20
-32.28889911198615
 10
554.6344518633887
 20
-32.28889911198615
 10
554.6344518633887
 20
-432.2888991119861
  0
VIEWPORT
  5
CDC9A
330
F
100
AcDbEntity
 67
     1
  8
fas
  6
Continuous
 62
   255
100
AcDbViewport
 10
908.3844518633887
 20
-232.2888991119861
 30
0.0
 40
707.5
 41
399.9999999999999
 68
     2
 69
     2
 12
1805594.614189012
 22
-987833.7095506114
 13
0.0
 23
0.0
 14
300.0
 24
300.0
 15
3000.0
 25
3000.0
 16
0.0
 26
0.0
 36
1.0
 17
0.0
 27
0.0
 37
0.0
 42
50.0
 43
0.0
 44
0.0
 45
40000.00015825492
 50
0.0
 51
0.0
 72
   100
 90
   892928
340
CDC98
  1

281
     0
 71
     1
 74
     0
110
0.0
120
0.0
130
0.0
111
1.0
121
0.0
131
0.0
112
0.0
122
1.0
132
0.0
 79
     0
146
0.0
170
     0
 61
     5
348
69B5D
292
     1
282
     1
141
0.0
142
0.0
 63
   250
421
  3355443
  0
TEXT
  5
CE91F
330
F
100
AcDbEntity
 67
     1
  8
102
 62
     3
100
AcDbText
 10
1166.814926567575
 20
-391.7304725168442
 30
0.0
 40
4.5
  1
罗店中心镇公共交通配套工程
 41
0.85
  7
S3
100
AcDbText
  0
TEXT
  5
CE920
330
F
100
AcDbEntity
 67
     1
  8
0
 62
     3
100
AcDbText
 10
1243.949331748399
 20
-422.9427006539127
 30
0.0
 40
3.0
  1
2009.06
 41
0.85
  7
S3
 72
     1
 11
1250.295998415066
 21
-422.9427006539127
 31
0.0
100
AcDbText
  0
TEXT
  5
CE921
330
F
100
AcDbEntity
 67
     1
  8
102
 62
     3
100
AcDbText
 10
1170.932505734352
 20
-403.9537634100934
 30
0.0
 40
4.0
  1
罗 店 站
 41
0.85
  7
S3
100
AcDbText
  0
TEXT
  5
CEA69
330
F
100
AcDbEntity
 67
     1
  8
0
 62
     3
100
AcDbText
 10
1245.272764112369
 20
-414.3170713287227
 30
0.0
 40
3.0
  1
1:100
 41
0.85
  7
S3
 72
     1
 11
1249.806097445702
 21
-414.3170713287227
 31
0.0
100
AcDbText
  0
MTEXT
  5
CEB77
330
F
100
AcDbEntity
 67
     1
  8
0
 62
     3
100
AcDbMText
 10
1250.504516819132
 20
-379.0982643258822
 30
0.0
 40
3.0
 41
50.0
 46
0.0
 71
     5
 72
     5
  1
{\fTimes New Roman|b0|i0|c0|p18;\H0.875x;2006S028}
  7
S3
 73
     1
 44
1.0
  0
TEXT
  5
CEB78
330
F
100
AcDbEntity
 67
     1
  8
0
 62
     3
100
AcDbText
 10
1173.105873433141
 20
-430.3342665550363
 30
0.0
 40
2.5
  1
SG7Y·105-FB-00-06
 41
0.85
  7
S3
 72
     1
 11
1186.70587343314
 21
-430.3342665550363
 31
0.0
100
AcDbText
  0
ENDSEC
  0
SECTION
  2
OBJECTS
  0
DICTIONARY
  5
9
330
0
100
AcDbDictionary
281
     1
  3
ACAD_CIP_PREVIOUS_PRODUCT_INFO
350
CEF4B
  3
ACAD_COLOR
350
3D
  3
ACAD_DETAILVIEWSTYLE
350
CEF38
  3
ACAD_GROUP
350
39
  3
ACAD_LAYOUT
350
E
  3
ACAD_MATERIAL
350
3C
  3
ACAD_MLEADERSTYLE
350
69B8C
  3
ACAD_MLINESTYLE
350
3A
  3
ACAD_PLOTSETTINGS
350
3B
  3
ACAD_PLOTSTYLENAME
350
8
  3
ACAD_SCALELIST
350
69B6A
  3
ACAD_SECTIONVIEWSTYLE
350
CEF36
  3
ACAD_TABLESTYLE
350
69B68
  3
ACAD_VISUALSTYLE
350
69B57
  3
ACDB_RECOMPOSE_DATA
350
CF16C
  3
AcDbVariableDictionary
350
7116
  3
ASE_INDEX_DICTIONARY
350
CEF66
  3
GCAD_REPLACEFONT
350
CF15C
  0
DICTIONARY
  5
6B28F
330
20
100
AcDbDictionary
280
     1
281
     1
  0
SUN
  5
CF165
330
CABF8
100
AcDbSun
 90
        1
290
     0
 63
     7
421
 16777215
 40
1.0
291
     1
 91
  2455826
 92
 54000000
292
     0
 70
     2
 71
   256
280
     1
  0
DICTIONARY
  5
14
330
13
100
AcDbDictionary
280
     1
281
     1
  3
ACAD_LAYERFILTERS
360
A38B3
  3
ACAD_LAYERSTATES
360
16
  3
ACLYDICTIONARY
360
A38B2
  0
DICTIONARY
  5
69BCB
330
6
100
AcDbDictionary
280
     1
281
     1
  3
ADSK_XREC_LAYER_RECONCILED
360
69BCC
  0
DICTIONARY
  5
69BCD
330
70F9
100
AcDbDictionary
280
     1
281
     1
  3
ADSK_XREC_LAYER_RECONCILED
360
69BCE
  0
DICTIONARY
  5
69BCF
330
64
100
AcDbDictionary
280
     1
281
     1
  3
ADSK_XREC_LAYER_RECONCILED
360
69BD0
  0
DICTIONARY
  5
69BD1
330
D6A
100
AcDbDictionary
280
     1
281
     1
  3
ADSK_XREC_LAYER_RECONCILED
360
69BD2
  0
DICTIONARY
  5
69BD3
330
5C
100
AcDbDictionary
280
     1
281
     1
  3
ADSK_XREC_LAYER_RECONCILED
360
69BD4
  0
DICTIONARY
  5
69BD5
330
4C
100
AcDbDictionary
280
     1
281
     1
  3
ADSK_XREC_LAYER_RECONCILED
360
69BD6
  0
DICTIONARY
  5
69BD7
330
CBF
100
AcDbDictionary
280
     1
281
     1
  3
ADSK_XREC_LAYER_RECONCILED
360
69BD8
  0
DICTIONARY
  5
69BD9
330
7D
100
AcDbDictionary
280
     1
281
     1
  3
ADSK_XREC_LAYER_RECONCILED
360
69BDA
  0
DICTIONARY
  5
69BDB
330
E0A
100
AcDbDictionary
280
     1
281
     1
  3
ADSK_XREC_LAYER_RECONCILED
360
69BDC
  0
DICTIONARY
  5
69BDD
330
1393
100
AcDbDictionary
280
     1
281
     1
  3
ADSK_XREC_LAYER_RECONCILED
360
69BDE
  0
DICTIONARY
  5
69BDF
330
C1B
100
AcDbDictionary
280
     1
281
     1
  3
ADSK_XREC_LAYER_RECONCILED
360
69BE0
  0
DICTIONARY
  5
69BE1
330
5986
100
AcDbDictionary
280
     1
281
     1
  3
ADSK_XREC_LAYER_RECONCILED
360
69BE2
  0
DICTIONARY
  5
69BE3
330
DB2
100
AcDbDictionary
280
     1
281
     1
  3
ADSK_XREC_LAYER_RECONCILED
360
69BE4
  0
DICTIONARY
  5
69BE5
330
105E
100
AcDbDictionary
280
     1
281
     1
  3
ADSK_XREC_LAYER_RECONCILED
360
69BE6
  0
DICTIONARY
  5
69BE7
330
6E5A
100
AcDbDictionary
280
     1
281
     1
  3
ADSK_XREC_LAYER_RECONCILED
360
69BE8
  0
DICTIONARY
  5
69BE9
330
421B
100
AcDbDictionary
280
     1
281
     1
  3
ADSK_XREC_LAYER_RECONCILED
360
69BEA
  0
DICTIONARY
  5
69BED
330
1BD
100
AcDbDictionary
280
     1
281
     1
  3
ADSK_XREC_LAYER_RECONCILED
360
69BEE
  0
DICTIONARY
  5
69BEF
330
1CF8
100
AcDbDictionary
280
     1
281
     1
  3
ADSK_XREC_LAYER_RECONCILED
360
69BF0
  0
DICTIONARY
  5
69BF1
330
6531
100
AcDbDictionary
280
     1
281
     1
  3
ADSK_XREC_LAYER_RECONCILED
360
69BF2
  0
DICTIONARY
  5
69BF3
330
62BB
100
AcDbDictionary
280
     1
281
     1
  3
ADSK_XREC_LAYER_RECONCILED
360
69BF4
  0
DICTIONARY
  5
69BF5
330
4EC7
100
AcDbDictionary
280
     1
281
     1
  3
ADSK_XREC_LAYER_RECONCILED
360
69BF6
  0
DICTIONARY
  5
69BF7
330
5BB4
100
AcDbDictionary
280
     1
281
     1
  3
ADSK_XREC_LAYER_RECONCILED
360
69BF8
  0
DICTIONARY
  5
69BF9
330
5ACF
100
AcDbDictionary
280
     1
281
     1
  3
ADSK_XREC_LAYER_RECONCILED
360
69BFA
  0
DICTIONARY
  5
69BFB
330
463A
100
AcDbDictionary
280
     1
281
     1
  3
ADSK_XREC_LAYER_RECONCILED
360
69BFC
  0
DICTIONARY
  5
69BFD
330
412E
100
AcDbDictionary
280
     1
281
     1
  3
ADSK_XREC_LAYER_RECONCILED
360
69BFE
  0
DICTIONARY
  5
69C01
330
5A22
100
AcDbDictionary
280
     1
281
     1
  3
ADSK_XREC_LAYER_RECONCILED
360
69C02
  0
DICTIONARY
  5
69C03
330
43CC
100
AcDbDictionary
280
     1
281
     1
  3
ADSK_XREC_LAYER_RECONCILED
360
69C04
  0
DICTIONARY
  5
69C09
330
45
100
AcDbDictionary
280
     1
281
     1
  3
ADSK_XREC_LAYER_RECONCILED
360
69C0A
  0
DICTIONARY
  5
69C0B
330
B26
100
AcDbDictionary
280
     1
281
     1
  3
ADSK_XREC_LAYER_RECONCILED
360
69C0C
  0
DICTIONARY
  5
69C0D
330
C5D
100
AcDbDictionary
280
     1
281
     1
  3
ADSK_XREC_LAYER_RECONCILED
360
69C0E
  0
DICTIONARY
  5
69C0F
330
C63
100
AcDbDictionary
280
     1
281
     1
  3
ADSK_XREC_LAYER_RECONCILED
360
69C10
  0
DICTIONARY
  5
69C13
330
1280
100
AcDbDictionary
280
     1
281
     1
  3
ADSK_XREC_LAYER_RECONCILED
360
69C14
  0
DICTIONARY
  5
69C15
330
C8B2
100
AcDbDictionary
280
     1
281
     1
  3
ADSK_XREC_LAYER_RECONCILED
360
69C16
  0
DICTIONARY
  5
69C17
330
E388
100
AcDbDictionary
280
     1
281
     1
  3
ADSK_XREC_LAYER_RECONCILED
360
69C18
  0
DICTIONARY
  5
69C19
330
12907
100
AcDbDictionary
280
     1
281
     1
  3
ADSK_XREC_LAYER_RECONCILED
360
69C1A
  0
DICTIONARY
  5
69C1D
330
17071
100
AcDbDictionary
280
     1
281
     1
  3
ADSK_XREC_LAYER_RECONCILED
360
69C1E
  0
DICTIONARY
  5
69C1F
330
17072
100
AcDbDictionary
280
     1
281
     1
  3
ADSK_XREC_LAYER_RECONCILED
360
69C20
  0
DICTIONARY
  5
69C27
330
19D48
100
AcDbDictionary
280
     1
281
     1
  3
ADSK_XREC_LAYER_RECONCILED
360
69C28
  0
DICTIONARY
  5
69C29
330
29133
100
AcDbDictionary
280
     1
281
     1
  3
ADSK_XREC_LAYER_RECONCILED
360
69C2A
  0
DICTIONARY
  5
69C2B
330
43B6A
100
AcDbDictionary
280
     1
281
     1
  3
ADSK_XREC_LAYER_RECONCILED
360
69C2C
  0
DICTIONARY
  5
69C2D
330
49F12
100
AcDbDictionary
280
     1
281
     1
  3
ADSK_XREC_LAYER_RECONCILED
360
69C2E
  0
DICTIONARY
  5
69C33
330
4AA8A
100
AcDbDictionary
280
     1
281
     1
  3
ADSK_XREC_LAYER_RECONCILED
360
69C34
  0
DICTIONARY
  5
69C47
330
524E0
100
AcDbDictionary
280
     1
281
     1
  3
ADSK_XREC_LAYER_RECONCILED
360
69C48
  0
DICTIONARY
  5
69C49
330
5785F
100
AcDbDictionary
280
     1
281
     1
  3
ADSK_XREC_LAYER_RECONCILED
360
69C4A
  0
DICTIONARY
  5
ACA33
330
ACA32
100
AcDbDictionary
280
     1
281
     1
  3
ADSK_XREC_LAYER_RECONCILED
360
ACA35
  0
DICTIONARY
  5
ACA37
330
ACA36
100
AcDbDictionary
280
     1
281
     1
  3
ADSK_XREC_LAYER_RECONCILED
360
ACA39
  0
DICTIONARY
  5
ACA3B
330
ACA3A
100
AcDbDictionary
280
     1
281
     1
  3
ADSK_XREC_LAYER_RECONCILED
360
ACA3D
  0
DICTIONARY
  5
ACA3F
330
ACA3E
100
AcDbDictionary
280
     1
281
     1
  3
ADSK_XREC_LAYER_RECONCILED
360
ACA41
  0
DICTIONARY
  5
ACA43
330
ACA42
100
AcDbDictionary
280
     1
281
     1
  3
ADSK_XREC_LAYER_RECONCILED
360
ACA45
  0
DICTIONARY
  5
ACA47
330
ACA46
100
AcDbDictionary
280
     1
281
     1
  3
ADSK_XREC_LAYER_RECONCILED
360
ACA49
  0
DICTIONARY
  5
ACA4B
330
ACA4A
100
AcDbDictionary
280
     1
281
     1
  3
ADSK_XREC_LAYER_RECONCILED
360
ACA4D
  0
DICTIONARY
  5
ACA4F
330
ACA4E
100
AcDbDictionary
280
     1
281
     1
  3
ADSK_XREC_LAYER_RECONCILED
360
ACA51
  0
DICTIONARY
  5
BA567
330
BA566
100
AcDbDictionary
280
     1
281
     1
  3
ADSK_XREC_LAYER_RECONCILED
360
BA569
  0
DICTIONARY
  5
3
330
2
100
AcDbDictionary
280
     1
281
     1
  3
ACAD_SORTENTS
360
4
  0
DICTIONARY
  5
7161
330
F
100
AcDbDictionary
280
     1
281
     1
  3
ACAD_SORTENTS
360
CDAF6
  0
DICTIONARY
  5
2F
330
2E
100
AcDbDictionary
280
     1
281
     1
  3
ACAD_SORTENTS
360
CAB95
  0
DICTIONARY
  5
28
330
27
100
AcDbDictionary
280
     1
281
     1
  3
ACAD_SORTENTS
360
CAB74
  0
DICTIONARY
  5
138E
330
138D
100
AcDbDictionary
280
     1
281
     1
  3
ACAD_SORTENTS
360
C525E
  0
DICTIONARY
  5
CD79F
330
57D7
100
AcDbDictionary
280
     1
281
     1
  3
ACAD_SORTENTS
360
CD7A0
  0
DICTIONARY
  5
ACA18
330
ACA17
100
AcDbDictionary
280
     1
281
     1
  3
ACAD_SORTENTS
360
C525C
  0
DICTIONARY
  5
ACA2B
330
ACA2A
100
AcDbDictionary
280
     1
281
     1
  3
ACAD_ENHANCEDBLOCK
360
ACA2C
  3
AcDbDynamicBlockRoundTripPurgePreventer
360
ACA2E
  0
DICTIONARY
  5
B5C86
330
B5C75
100
AcDbDictionary
280
     1
281
     1
  3
ACAD_SORTENTS
360
B5C89
  0
DICTIONARY
  5
B9E78
330
B9E51
100
AcDbDictionary
280
     1
281
     1
  3
ACAD_SORTENTS
360
B9E79
  0
DICTIONARY
  5
BA54F
330
BA54E
100
AcDbDictionary
280
     1
281
     1
  3
ACAD_SORTENTS
360
C525B
  0
DICTIONARY
  5
BA9BA
330
BA9B9
100
AcDbDictionary
280
     1
281
     1
  3
ACAD_SORTENTS
360
C13F3
  0
DICTIONARY
  5
BAEEC
330
BAEEB
100
AcDbDictionary
280
     1
281
     1
  3
ACAD_SORTENTS
360
BAEED
  0
DICTIONARY
  5
CF0EA
330
CF0B3
100
AcDbDictionary
280
     1
281
     1
  3
ACAD_SORTENTS
360
CF0EB
  0
DICTIONARY
  5
CF0F9
330
CF0F1
100
AcDbDictionary
280
     1
281
     1
  3
ACAD_SORTENTS
360
CF0FA
  0
DICTIONARY
  5
CF105
330
CF0FD
100
AcDbDictionary
280
     1
281
     1
  3
ACAD_SORTENTS
360
CF106
  0
XRECORD
  5
CEF4B
102
{ACAD_REACTORS
330
9
102
}
330
9
100
AcDbXrecord
280
     1
300
ACD
300
2014
300
ACD_F_S
  0
DICTIONARY
  5
3D
102
{ACAD_REACTORS
330
9
102
}
330
9
100
AcDbDictionary
281
     1
  0
DICTIONARY
  5
CEF38
102
{ACAD_REACTORS
330
9
102
}
330
9
100
AcDbDictionary
281
     1
  3
Imperial24
350
CEF39
  0
DICTIONARY
  5
39
102
{ACAD_REACTORS
330
9
102
}
330
9
100
AcDbDictionary
281
     1
  0
DICTIONARY
  5
E
102
{ACAD_REACTORS
330
9
102
}
330
9
100
AcDbDictionary
281
     1
  3
Model
350
D
  3
布局1
350
12
  0
DICTIONARY
  5
3C
102
{ACAD_REACTORS
330
9
102
}
330
9
100
AcDbDictionary
281
     1
  3
ByBlock
350
69B4F
  3
ByLayer
350
69B47
  3
Global
350
DB5
  0
DICTIONARY
  5
69B8C
102
{ACAD_REACTORS
330
9
102
}
330
9
100
AcDbDictionary
281
     1
  3
Standard
350
69B8D
  0
DICTIONARY
  5
3A
102
{ACAD_REACTORS
330
9
102
}
330
9
100
AcDbDictionary
281
     1
  3
STANDARD
350
40
  0
DICTIONARY
  5
3B
102
{ACAD_REACTORS
330
9
102
}
330
9
100
AcDbDictionary
281
     1
  0
ACDBDICTIONARYWDFLT
  5
8
102
{ACAD_REACTORS
330
9
102
}
330
9
100
AcDbDictionary
281
     1
  3
Normal
350
7
100
AcDbDictionaryWithDefault
340
7
  0
DICTIONARY
  5
69B6A
102
{ACAD_REACTORS
330
9
102
}
330
9
100
AcDbDictionary
281
     1
  3
A0
350
69B6B
  3
A1
350
69B6C
  3
A2
350
69B6D
  3
A3
350
69B6E
  3
A4
350
69B6F
  3
A5
350
69B70
  3
A6
350
69B71
  3
A7
350
69B72
  3
A8
350
69B73
  3
A9
350
69B74
  3
B0
350
69B75
  3
B1
350
69B76
  3
B2
350
69B77
  3
B3
350
69B78
  3
B4
350
69B79
  3
B5
350
69B7A
  3
B6
350
69B7B
  3
B7
350
69B7C
  3
B8
350
69B7D
  3
B9
350
69B7E
  3
C0
350
69B7F
  3
C1
350
69B80
  3
C2
350
69B81
  3
C3
350
69B82
  3
C4
350
69B83
  3
C5
350
69B84
  3
C6
350
69B85
  3
C7
350
69B86
  3
C8
350
69B87
  3
C9
350
69B88
  3
D0
350
69B89
  3
D1
350
69B8A
  3
D2
350
69B8B
  0
DICTIONARY
  5
CEF36
102
{ACAD_REACTORS
330
9
102
}
330
9
100
AcDbDictionary
281
     1
  3
Imperial24
350
CEF37
  0
DICTIONARY
  5
69B68
102
{ACAD_REACTORS
330
9
102
}
330
9
100
AcDbDictionary
281
     1
  3
Standard
350
69B69
  0
DICTIONARY
  5
69B57
102
{ACAD_REACTORS
330
9
102
}
330
9
100
AcDbDictionary
281
     1
  3
2dWireframe
350
69B5D
  3
3D Hidden
350
69B5F
  3
3dWireframe
350
69B5E
  3
Basic
350
69B5C
  3
Brighten
350
69B63
  3
ColorChange
350
69B67
  3
Conceptual
350
69B60
  3
Dim
350
69B62
  3
EdgeColorOff
350
CEF35
  3
Facepattern
350
69B66
  3
Flat
350
69B58
  3
FlatWithEdges
350
69B59
  3
Gouraud
350
69B5A
  3
GouraudWithEdges
350
69B5B
  3
Hidden
350
CEF2D
  3
JitterOff
350
CEF33
  3
Linepattern
350
69B65
  3
OverhangOff
350
CEF34
  3
Realistic
350
69B61
  3
Shaded
350
CEF32
  3
Shaded with edges
350
CEF31
  3
Shades of Gray
350
CEF2E
  3
Sketchy
350
CEF2F
  3
Thicken
350
69B64
  3
Wireframe
350
CEF2C
  3
X-Ray
350
CEF30
  0
XRECORD
  5
CF16C
102
{ACAD_REACTORS
330
9
102
}
330
9
100
AcDbXrecord
280
     1
 90
        1
330
69B69
  0
DICTIONARY
  5
7116
102
{ACAD_REACTORS
330
9
102
}
330
9
100
AcDbDictionary
281
     1
  3
CANNOSCALE
350
69C79
  3
CMLEADERSTYLE
350
69C77
  3
CTABLESTYLE
350
69C76
  3
CVIEWDETAILSTYLE
350
CEF77
  3
CVIEWSECTIONSTYLE
350
CEF78
  3
DIMADEC
350
C6B9
  3
DIMASSOC
350
7118
  3
HIDETEXT
350
7117
  3
LAYEREVAL
350
CEF79
  3
LAYERNOTIFY
350
CEF7A
  3
LIGHTINGUNITS
350
69C7A
  3
MSLTSCALE
350
69C78
  3
PROJECTNAME
350
7119
  3
SORTENTS
350
1243F
  0
DICTIONARY
  5
CEF66
102
{ACAD_REACTORS
330
9
102
}
330
9
100
AcDbDictionary
281
     1
  3
ASEBlockHierarchyIndexRecord
350
CEF67
1001
DCO15
1040
1980401752.637
  0
DICTIONARY
  5
CF15C
102
{ACAD_REACTORS
330
9
102
}
330
9
100
AcDbDictionary
281
     1
  3
_HZXY
350
CF15D
  3
C
350
CF161
  0
DICTIONARY
  5
A38B3
102
{ACAD_REACTORS
330
14
102
}
330
14
100
AcDbDictionary
281
     1
  0
DICTIONARY
  5
16
102
{ACAD_REACTORS
330
14
102
}
330
14
100
AcDbDictionary
281
     1
  0
DICTIONARY
  5
A38B2
102
{ACAD_REACTORS
330
14
102
}
330
14
100
AcDbDictionary
281
     1
1001
ACAD
1000
<All
  0
XRECORD
  5
69BCC
102
{ACAD_REACTORS
330
69BCB
102
}
330
69BCB
100
AcDbXrecord
280
     1
290
     1
  0
XRECORD
  5
69BCE
102
{ACAD_REACTORS
330
69BCD
102
}
330
69BCD
100
AcDbXrecord
280
     1
290
     1
  0
XRECORD
  5
69BD0
102
{ACAD_REACTORS
330
69BCF
102
}
330
69BCF
100
AcDbXrecord
280
     1
290
     1
  0
XRECORD
  5
69BD2
102
{ACAD_REACTORS
330
69BD1
102
}
330
69BD1
100
AcDbXrecord
280
     1
290
     1
  0
XRECORD
  5
69BD4
102
{ACAD_REACTORS
330
69BD3
102
}
330
69BD3
100
AcDbXrecord
280
     1
290
     1
  0
XRECORD
  5
69BD6
102
{ACAD_REACTORS
330
69BD5
102
}
330
69BD5
100
AcDbXrecord
280
     1
290
     1
  0
XRECORD
  5
69BD8
102
{ACAD_REACTORS
330
69BD7
102
}
330
69BD7
100
AcDbXrecord
280
     1
290
     1
  0
XRECORD
  5
69BDA
102
{ACAD_REACTORS
330
69BD9
102
}
330
69BD9
100
AcDbXrecord
280
     1
290
     1
  0
XRECORD
  5
69BDC
102
{ACAD_REACTORS
330
69BDB
102
}
330
69BDB
100
AcDbXrecord
280
     1
290
     1
  0
XRECORD
  5
69BDE
102
{ACAD_REACTORS
330
69BDD
102
}
330
69BDD
100
AcDbXrecord
280
     1
290
     1
  0
XRECORD
  5
69BE0
102
{ACAD_REACTORS
330
69BDF
102
}
330
69BDF
100
AcDbXrecord
280
     1
290
     1
  0
XRECORD
  5
69BE2
102
{ACAD_REACTORS
330
69BE1
102
}
330
69BE1
100
AcDbXrecord
280
     1
290
     1
  0
XRECORD
  5
69BE4
102
{ACAD_REACTORS
330
69BE3
102
}
330
69BE3
100
AcDbXrecord
280
     1
290
     1
  0
XRECORD
  5
69BE6
102
{ACAD_REACTORS
330
69BE5
102
}
330
69BE5
100
AcDbXrecord
280
     1
290
     1
  0
XRECORD
  5
69BE8
102
{ACAD_REACTORS
330
69BE7
102
}
330
69BE7
100
AcDbXrecord
280
     1
290
     1
  0
XRECORD
  5
69BEA
102
{ACAD_REACTORS
330
69BE9
102
}
330
69BE9
100
AcDbXrecord
280
     1
290
     1
  0
XRECORD
  5
69BEE
102
{ACAD_REACTORS
330
69BED
102
}
330
69BED
100
AcDbXrecord
280
     1
290
     1
  0
XRECORD
  5
69BF0
102
{ACAD_REACTORS
330
69BEF
102
}
330
69BEF
100
AcDbXrecord
280
     1
290
     1
  0
XRECORD
  5
69BF2
102
{ACAD_REACTORS
330
69BF1
102
}
330
69BF1
100
AcDbXrecord
280
     1
290
     1
  0
XRECORD
  5
69BF4
102
{ACAD_REACTORS
330
69BF3
102
}
330
69BF3
100
AcDbXrecord
280
     1
290
     1
  0
XRECORD
  5
69BF6
102
{ACAD_REACTORS
330
69BF5
102
}
330
69BF5
100
AcDbXrecord
280
     1
290
     1
  0
XRECORD
  5
69BF8
102
{ACAD_REACTORS
330
69BF7
102
}
330
69BF7
100
AcDbXrecord
280
     1
290
     1
  0
XRECORD
  5
69BFA
102
{ACAD_REACTORS
330
69BF9
102
}
330
69BF9
100
AcDbXrecord
280
     1
290
     1
  0
XRECORD
  5
69BFC
102
{ACAD_REACTORS
330
69BFB
102
}
330
69BFB
100
AcDbXrecord
280
     1
290
     1
  0
XRECORD
  5
69BFE
102
{ACAD_REACTORS
330
69BFD
102
}
330
69BFD
100
AcDbXrecord
280
     1
290
     1
  0
XRECORD
  5
69C02
102
{ACAD_REACTORS
330
69C01
102
}
330
69C01
100
AcDbXrecord
280
     1
290
     1
  0
XRECORD
  5
69C04
102
{ACAD_REACTORS
330
69C03
102
}
330
69C03
100
AcDbXrecord
280
     1
290
     1
  0
XRECORD
  5
69C0A
102
{ACAD_REACTORS
330
69C09
102
}
330
69C09
100
AcDbXrecord
280
     1
290
     1
  0
XRECORD
  5
69C0C
102
{ACAD_REACTORS
330
69C0B
102
}
330
69C0B
100
AcDbXrecord
280
     1
290
     1
  0
XRECORD
  5
69C0E
102
{ACAD_REACTORS
330
69C0D
102
}
330
69C0D
100
AcDbXrecord
280
     1
290
     1
  0
XRECORD
  5
69C10
102
{ACAD_REACTORS
330
69C0F
102
}
330
69C0F
100
AcDbXrecord
280
     1
290
     1
  0
XRECORD
  5
69C14
102
{ACAD_REACTORS
330
69C13
102
}
330
69C13
100
AcDbXrecord
280
     1
290
     1
  0
XRECORD
  5
69C16
102
{ACAD_REACTORS
330
69C15
102
}
330
69C15
100
AcDbXrecord
280
     1
290
     1
  0
XRECORD
  5
69C18
102
{ACAD_REACTORS
330
69C17
102
}
330
69C17
100
AcDbXrecord
280
     1
290
     1
  0
XRECORD
  5
69C1A
102
{ACAD_REACTORS
330
69C19
102
}
330
69C19
100
AcDbXrecord
280
     1
290
     1
  0
XRECORD
  5
69C1E
102
{ACAD_REACTORS
330
69C1D
102
}
330
69C1D
100
AcDbXrecord
280
     1
290
     1
  0
XRECORD
  5
69C20
102
{ACAD_REACTORS
330
69C1F
102
}
330
69C1F
100
AcDbXrecord
280
     1
290
     1
  0
XRECORD
  5
69C28
102
{ACAD_REACTORS
330
69C27
102
}
330
69C27
100
AcDbXrecord
280
     1
290
     1
  0
XRECORD
  5
69C2A
102
{ACAD_REACTORS
330
69C29
102
}
330
69C29
100
AcDbXrecord
280
     1
290
     1
  0
XRECORD
  5
69C2C
102
{ACAD_REACTORS
330
69C2B
102
}
330
69C2B
100
AcDbXrecord
280
     1
290
     1
  0
XRECORD
  5
69C2E
102
{ACAD_REACTORS
330
69C2D
102
}
330
69C2D
100
AcDbXrecord
280
     1
290
     1
  0
XRECORD
  5
69C34
102
{ACAD_REACTORS
330
69C33
102
}
330
69C33
100
AcDbXrecord
280
     1
290
     1
  0
XRECORD
  5
69C48
102
{ACAD_REACTORS
330
69C47
102
}
330
69C47
100
AcDbXrecord
280
     1
290
     1
  0
XRECORD
  5
69C4A
102
{ACAD_REACTORS
330
69C49
102
}
330
69C49
100
AcDbXrecord
280
     1
290
     1
  0
XRECORD
  5
ACA35
102
{ACAD_REACTORS
330
ACA33
102
}
330
ACA33
100
AcDbXrecord
280
     1
290
     1
  0
XRECORD
  5
ACA39
102
{ACAD_REACTORS
330
ACA37
102
}
330
ACA37
100
AcDbXrecord
280
     1
290
     1
  0
XRECORD
  5
ACA3D
102
{ACAD_REACTORS
330
ACA3B
102
}
330
ACA3B
100
AcDbXrecord
280
     1
290
     1
  0
XRECORD
  5
ACA41
102
{ACAD_REACTORS
330
ACA3F
102
}
330
ACA3F
100
AcDbXrecord
280
     1
290
     1
  0
XRECORD
  5
ACA45
102
{ACAD_REACTORS
330
ACA43
102
}
330
ACA43
100
AcDbXrecord
280
     1
290
     1
  0
XRECORD
  5
ACA49
102
{ACAD_REACTORS
330
ACA47
102
}
330
ACA47
100
AcDbXrecord
280
     1
290
     1
  0
XRECORD
  5
ACA4D
102
{ACAD_REACTORS
330
ACA4B
102
}
330
ACA4B
100
AcDbXrecord
280
     1
290
     1
  0
XRECORD
  5
ACA51
102
{ACAD_REACTORS
330
ACA4F
102
}
330
ACA4F
100
AcDbXrecord
280
     1
290
     1
  0
XRECORD
  5
BA569
102
{ACAD_REACTORS
330
BA567
102
}
330
BA567
100
AcDbXrecord
280
     1
290
     1
  0
SORTENTSTABLE
  5
4
102
{ACAD_REACTORS
330
3
102
}
330
3
100
AcDbSortentsTable
330
2
331
1CF5
  5
1CF5
331
1CF6
  5
1CF6
331
404C
  5
404C
331
404D
  5
404D
331
420F
  5
420F
331
7109
  5
7109
331
710A
  5
710A
331
CD54
  5
CD54
331
D670
  5
D670
331
DD52
  5
DD52
331
DE93
  5
DE93
331
DE94
  5
DE94
331
DF80
  5
DF80
331
E386
  5
E386
331
FAFD
  5
FAFD
331
12FE0
  5
13208
331
1301E
  5
13211
331
145FA
  5
145FE
331
145FD
  5
14603
331
14600
  5
156B5
331
14603
  5
156B6
331
17363
  5
17369
331
17364
  5
17376
331
17366
  5
17377
331
17368
  5
17378
331
17369
  5
17379
331
17376
  5
173B7
331
17377
  5
173BA
331
17378
  5
173BB
331
17379
  5
173C2
331
173B7
  5
173FE
331
173BA
  5
173FF
331
173BB
  5
17400
331
173C2
  5
17401
331
173FE
  5
17411
331
173FF
  5
1741B
331
17400
  5
1741D
331
17401
  5
1741E
331
17411
  5
1741F
331
1741B
  5
17427
331
1741D
  5
17428
331
1741E
  5
17433
331
1741F
  5
17434
331
17427
  5
17438
331
17428
  5
1753F
331
17433
  5
17549
331
17434
  5
1754A
331
17438
  5
17550
331
1753F
  5
17555
331
17549
  5
17557
331
1754A
  5
17559
331
17550
  5
1755D
331
17555
  5
1757C
331
17557
  5
1757D
331
17559
  5
1757E
331
1755D
  5
1757F
331
1757C
  5
17583
331
1757D
  5
17584
331
1757E
  5
1759B
331
1757F
  5
1A947
331
17583
  5
1A96A
331
17584
  5
1A96B
331
1759B
  5
1A96C
331
41EB8
  5
42552
331
41F1A
  5
42553
331
4254A
  5
42554
331
4254B
  5
42557
331
4254C
  5
42558
331
4254D
  5
42559
331
4254E
  5
42E54
331
42551
  5
42E55
331
42552
  5
42E56
331
42553
  5
42E57
331
42EA4
  5
42EAF
331
470D7
  5
48FF8
331
4B14E
  5
4B2FB
331
52809
  5
52874
331
55CD4
  5
55EAC
331
55D07
  5
55EAD
331
55E9B
  5
55EB0
331
55E9C
  5
55EB1
331
55EA3
  5
55EB7
331
55EA4
  5
55EB8
331
55EA8
  5
55EB9
331
55EA9
  5
55EBA
331
55EAF
  5
55EBB
331
55EB0
  5
55EC6
331
55EB1
  5
55ED4
331
55EB2
  5
56247
331
55EB3
  5
56248
331
55EBE
  5
5624B
331
55ECC
  5
5624C
331
5623F
  5
56253
331
56240
  5
56254
331
56243
  5
56255
331
56244
  5
56256
331
5624B
  5
56268
331
5624C
  5
56269
331
5624D
  5
5626C
331
5624E
  5
5626D
331
5625A
  5
56271
331
5625B
  5
56272
331
5625C
  5
56273
331
5625D
  5
56276
331
56266
  5
56277
331
56267
  5
56278
331
56268
  5
56279
331
56269
  5
5627A
331
5626C
  5
5627B
331
5626D
  5
5627C
331
5626E
  5
5627D
331
5626F
  5
5627E
331
56271
  5
5627F
331
56272
  5
5629C
331
56273
  5
5629E
331
56276
  5
5629F
331
56277
  5
562A1
331
5627F
  5
562A2
331
56296
  5
562AC
331
56297
  5
562B6
331
56299
  5
562B7
331
5629A
  5
562BA
331
562A4
  5
562BB
331
562AE
  5
562D3
331
562AF
  5
5631D
331
562B2
  5
5635B
331
562B3
  5
56468
331
562CB
  5
56666
331
56315
  5
566CF
331
56353
  5
566DC
331
56420
  5
566F3
331
592D4
  5
5A612
331
5B1EA
  5
5B1F7
331
67699
  5
6A6CF
331
7A594
  5
7AF2F
331
7A595
  5
7AF30
331
7AF2D
  5
7AF31
331
7AF2E
  5
7AF32
331
7AF2F
  5
7AF33
331
7AF30
  5
7AF34
331
7AF31
  5
7AF35
331
7AF32
  5
7AF36
331
7AF33
  5
7AF37
331
7AF3B
  5
7AF3F
331
7AF3C
  5
7AF40
331
7AF3D
  5
7AF41
331
7AF3E
  5
7AF42
331
7AF3F
  5
7AF43
331
7AF41
  5
7AF45
331
7B114
  5
7B11B
331
7B14F
  5
7B15C
331
7B1C0
  5
7B1C9
331
7B1C1
  5
7B1CA
331
7B1C2
  5
7B1CB
331
7B1C5
  5
7B1CE
331
7B233
  5
7B23C
331
7B234
  5
7B23D
331
7B235
  5
7B23E
331
7B236
  5
7B23F
331
7B237
  5
7B240
331
7B238
  5
7B241
331
7B239
  5
7B242
331
7B23A
  5
7B243
331
7B23B
  5
7B244
331
7B23C
  5
7B245
331
7B23D
  5
7B246
331
7B23E
  5
7B247
331
7B23F
  5
7B248
331
7B240
  5
7B249
331
7B241
  5
7B24A
331
7B242
  5
7B24B
331
7B243
  5
7B24C
331
7B244
  5
7B24D
331
7B245
  5
7B24E
331
7B246
  5
7B24F
331
7B247
  5
7B250
331
7B248
  5
7B251
331
7B249
  5
7B252
331
7B24A
  5
7B253
331
7B24B
  5
7B254
331
7B24C
  5
7B255
331
7B24D
  5
7B256
331
7B24E
  5
7B257
331
7B24F
  5
7B258
331
7B250
  5
7B259
331
7B251
  5
7B25A
331
7B252
  5
7B25B
331
7B253
  5
7B25C
331
7B254
  5
7B25D
331
7B255
  5
7B25E
331
7B256
  5
7B25F
331
7B257
  5
7B260
331
7B258
  5
7B261
331
7B259
  5
7B262
331
7B25A
  5
7B263
331
7B25B
  5
7B264
331
7B25C
  5
7B265
331
7BB7D
  5
7BB86
331
7BB7E
  5
7BB87
331
7BB81
  5
7BB8A
331
7BB82
  5
7BB8B
331
7BB83
  5
7BB8C
331
7BB84
  5
7BB8D
331
7BB85
  5
7BB8E
331
7BB86
  5
7BB8F
331
7BB87
  5
7BB90
331
7BB88
  5
7BB91
331
7BB9F
  5
7BBA8
331
7BC65
  5
7BC6E
331
7BCB3
  5
7BCBC
331
7BD30
  5
7BD39
331
7BD42
  5
7BD4B
331
7BD43
  5
7BD4C
331
7BD44
  5
7BD4D
331
7BD45
  5
7BD4E
331
7BD46
  5
7BD4F
331
7BD47
  5
7BD50
331
7BD48
  5
7BD51
331
7BD49
  5
7BD52
331
7BD4A
  5
7BD53
331
7BD4B
  5
7BD54
331
7BD4C
  5
7BD55
331
7BD4D
  5
7BD56
331
7BD4E
  5
7BD57
331
7BD4F
  5
7BD58
331
7BD50
  5
7BD59
331
7BD51
  5
7BD5A
331
7BD52
  5
7BD5B
331
7BD53
  5
7BD5C
331
7BD54
  5
7BD5D
331
7BD55
  5
7BD5E
331
7BD56
  5
7BD5F
331
7BD57
  5
7BD60
331
7BD58
  5
7BD61
331
7BD59
  5
7BD62
331
7BD5A
  5
7BD63
331
7BD5B
  5
7BD64
331
7BD5C
  5
7BD65
331
7BD5D
  5
7BD66
331
7BD5E
  5
7BD67
331
7BD5F
  5
7BD68
331
7BD60
  5
7BD69
331
7BD61
  5
7BD6A
331
7BD62
  5
7BD6B
331
7BD63
  5
7BD6C
331
7BD64
  5
7BD6D
331
7BD65
  5
7BD6E
331
7BD66
  5
7BD6F
331
7BD67
  5
7BD70
331
7BD68
  5
7BD71
331
7BD69
  5
7BD72
331
7BD6A
  5
7BD73
331
7BD6B
  5
7BD74
331
7BD6C
  5
7BD75
331
7BD6D
  5
7BD76
331
7BD6E
  5
7BD77
331
7BD6F
  5
7BD78
331
7BD70
  5
7BD79
331
7BD71
  5
7BD7A
331
7BD72
  5
7BD7B
331
7BD73
  5
7BD7C
331
7BD74
  5
7BD7D
331
7BD75
  5
7BD7E
331
7BD76
  5
7BD7F
331
7BD80
  5
7BD89
331
7BDF3
  5
7BDFC
331
7BE26
  5
7BE31
331
7BE97
  5
7BEA0
331
C55F3
  5
C55F3
331
C55F6
  5
C55F6
331
C55F9
  5
C55F9
331
C55FC
  5
C55FC
331
C55FF
  5
C55FF
331
C5602
  5
C5602
331
C5603
  5
C5603
331
C5604
  5
C5604
331
C5605
  5
C5605
331
C5606
  5
C5606
331
C5607
  5
C5607
331
C5608
  5
C5608
331
C5609
  5
C5609
331
C560A
  5
C560A
331
C560B
  5
C560B
331
C560C
  5
C560C
331
C560F
  5
C560F
331
C5612
  5
C5612
331
C5613
  5
C5613
331
C5614
  5
C5614
331
C5617
  5
C5617
331
C561A
  5
C561A
331
C561B
  5
C561B
331
C561C
  5
C561C
331
C561E
  5
C561E
331
C5620
  5
C5620
331
C5621
  5
C5621
331
C5622
  5
C5622
331
C5623
  5
C5623
331
C5624
  5
C5624
331
C5627
  5
C5627
331
C5628
  5
C5628
331
C5629
  5
C5629
331
C562A
  5
C562A
331
C562B
  5
C562B
331
C562C
  5
C562C
331
C562D
  5
C562D
331
C562E
  5
C562E
331
C562F
  5
C562F
331
C5630
  5
C5630
331
C5631
  5
C5631
331
C5632
  5
C5632
331
C5633
  5
C5633
331
C5634
  5
C5634
331
C5635
  5
C5635
331
C5636
  5
C5636
331
C5637
  5
C5637
331
C5638
  5
C5638
331
C5639
  5
C5639
331
C563A
  5
C563A
331
C563B
  5
C563B
331
C563C
  5
C563C
331
C563D
  5
C563D
331
C563E
  5
C563E
331
C563F
  5
C563F
331
C5640
  5
C5640
331
C5641
  5
C5641
331
C5642
  5
C5642
331
C5643
  5
C5643
331
C5644
  5
C5644
331
C5645
  5
C5645
331
C5646
  5
C5646
331
C5647
  5
C5647
331
C5648
  5
C5648
331
C5649
  5
C5649
331
C564A
  5
C564A
331
C564B
  5
C564B
331
C564C
  5
C564C
331
C564D
  5
C564D
331
C564E
  5
C564E
331
C564F
  5
C564F
331
C5650
  5
C5650
331
C5651
  5
C5651
331
C5652
  5
C5652
331
C5653
  5
C5653
331
C5654
  5
C5654
331
C5655
  5
C5655
331
C5656
  5
C5656
331
C5657
  5
C5657
331
C5658
  5
C5658
331
C5659
  5
C5659
331
C565A
  5
C565A
331
C565B
  5
C565B
331
C565C
  5
C565C
331
C565D
  5
C565D
331
C565E
  5
C565E
331
C565F
  5
C565F
331
C5660
  5
C5660
331
C5661
  5
C5661
331
C5662
  5
C5662
331
C5663
  5
C5663
331
C5664
  5
C5664
331
C5665
  5
C5665
331
C5666
  5
C5666
331
C5667
  5
C5667
331
C5668
  5
C5668
331
C5669
  5
C5669
331
C566A
  5
C566A
331
C566B
  5
C566B
331
C566C
  5
C566C
331
C566D
  5
C566D
331
C566E
  5
C566E
331
C566F
  5
C566F
331
C5670
  5
C5670
331
C5671
  5
C5671
331
C5672
  5
C5672
331
C5673
  5
C5673
331
C5674
  5
C5674
331
C5675
  5
C5675
331
C5676
  5
C5676
331
C5677
  5
C5677
331
C5678
  5
C5678
331
C5679
  5
C5679
331
C567A
  5
C567A
331
C567B
  5
C567B
331
C567C
  5
C567C
331
C567D
  5
C567D
331
C567E
  5
C567E
331
C567F
  5
C567F
331
C5680
  5
C5680
331
C5681
  5
C5681
331
C5682
  5
C5682
331
C5683
  5
C5683
331
C5684
  5
C5684
331
C5685
  5
C5685
331
C5686
  5
C5686
331
C5687
  5
C5687
331
C5688
  5
C5688
331
C5689
  5
C5689
331
C568A
  5
C568A
331
C568B
  5
C568B
331
C568C
  5
C568C
331
C568D
  5
C568D
331
C568E
  5
C568E
331
C568F
  5
C568F
331
C5690
  5
C5690
331
C5691
  5
C5691
331
C5692
  5
C5692
331
C5693
  5
C5693
331
C5694
  5
C5694
331
C5695
  5
C5695
331
C5696
  5
C5696
331
C5697
  5
C5697
331
C5698
  5
C5698
331
C5699
  5
C5699
331
C569A
  5
C569A
331
C569B
  5
C569B
331
C569C
  5
C569C
331
C569D
  5
C569D
331
C569E
  5
C569E
331
C569F
  5
C569F
331
C56A0
  5
C56A0
331
C56A1
  5
C56A1
331
C56A2
  5
C56A2
331
C56A4
  5
C56A4
331
C56A5
  5
C56A5
331
C56A6
  5
C56A6
331
C56A7
  5
C56A7
331
C56A8
  5
C56A8
331
C56A9
  5
C56A9
331
C56AA
  5
C56AA
331
C56AB
  5
C56AB
331
C56AC
  5
C56AC
331
C56AD
  5
C56AD
331
C56AE
  5
C56AE
331
C56AF
  5
C56AF
331
C56B0
  5
C56B0
331
C56B1
  5
C56B1
331
C56B2
  5
C56B2
331
C56B3
  5
C56B3
331
C56B4
  5
C56B4
331
C56B5
  5
C56B5
331
C56B6
  5
C56B6
331
C56B7
  5
C56B7
331
C56B8
  5
C56B8
331
C56B9
  5
C56B9
331
C56BA
  5
C56BA
331
C56BB
  5
C56BB
331
C56BC
  5
C56BC
331
C56BD
  5
C56BD
331
C56BF
  5
C56BF
331
C56C0
  5
C56C0
331
C56C1
  5
C56C1
331
C56C2
  5
C56C2
331
C56C3
  5
C56C3
331
C56C4
  5
C56C4
331
C56C5
  5
C56C5
331
C56C6
  5
C56C6
331
C56C7
  5
C56C7
331
C56C8
  5
C56C8
331
C56C9
  5
C56C9
331
C56CA
  5
C56CA
331
C56CB
  5
C56CB
331
C56CC
  5
C56CC
331
C56CD
  5
C56CD
331
C56CE
  5
C56CE
331
C56D0
  5
C56D0
331
C56D1
  5
C56D1
331
C56D2
  5
C56D2
331
C56D3
  5
C56D3
331
C56D4
  5
C56D4
331
C56D5
  5
C56D5
331
C56D6
  5
C56D6
331
C56D7
  5
C56D7
331
C56D8
  5
C56D8
331
C56D9
  5
C56D9
331
C56DA
  5
C56DA
331
C56DB
  5
C56DB
331
C56DC
  5
C56DC
331
C56DD
  5
C56DD
331
C56DE
  5
C56DE
331
C56DF
  5
C56DF
331
C56E0
  5
C56E0
331
C56E1
  5
C56E1
331
C56E2
  5
C56E2
331
C56E3
  5
C56E3
331
C56E4
  5
C56E4
331
C56E5
  5
C56E5
331
C56E6
  5
C56E6
331
C56E7
  5
C56E7
331
C56E8
  5
C56E8
331
C56E9
  5
C56E9
331
C56EA
  5
C56EA
331
C56EB
  5
C56EB
331
C56EC
  5
C56EC
331
C56ED
  5
C56ED
331
C56EE
  5
C56EE
331
C56EF
  5
C56EF
331
C56F0
  5
C56F0
331
C56F1
  5
C56F1
331
C56F2
  5
C56F2
331
C56F3
  5
C56F3
331
C56F4
  5
C56F4
331
C56F5
  5
C56F5
331
C56F6
  5
C56F6
331
C56F7
  5
C56F7
331
C56F8
  5
C56F8
331
C56F9
  5
C56F9
331
C56FA
  5
C56FA
331
C56FB
  5
C56FB
331
C56FC
  5
C56FC
331
C56FD
  5
C56FD
331
C56FE
  5
C56FE
331
C56FF
  5
C56FF
331
C5700
  5
C5700
331
C5701
  5
C5701
331
C5702
  5
C5702
331
C5703
  5
C5703
331
C5704
  5
C5704
331
C5705
  5
C5705
331
C5706
  5
C5706
331
C5707
  5
C5707
331
C5708
  5
C5708
331
C5709
  5
C5709
331
C570A
  5
C570A
331
C570B
  5
C570B
331
C570C
  5
C570C
331
C570D
  5
C570D
331
C570E
  5
C570E
331
C570F
  5
C570F
331
C5710
  5
C5710
331
C5711
  5
C5711
331
C5712
  5
C5712
331
C5713
  5
C5713
331
C5714
  5
C5714
331
C5715
  5
C5715
331
C5716
  5
C5716
331
C5717
  5
C5717
331
C5718
  5
C5718
331
C5719
  5
C5719
331
C571A
  5
C571A
331
C571B
  5
C571B
331
C571C
  5
C571C
331
C571D
  5
C571D
331
C571E
  5
C571E
331
C571F
  5
C571F
331
C5720
  5
C5720
331
C5721
  5
C5721
331
C5722
  5
C5722
331
C5723
  5
C5723
331
C5724
  5
C5724
331
C5725
  5
C5725
331
C5726
  5
C5726
331
C5727
  5
C5727
331
C5728
  5
C5728
331
C5729
  5
C5729
331
C572A
  5
C572A
331
C572B
  5
C572B
331
C572C
  5
C572C
331
C572D
  5
C572D
331
C572E
  5
C572E
331
C572F
  5
C572F
331
C5730
  5
C5730
331
C5731
  5
C5731
331
C5732
  5
C5732
331
C5733
  5
C5733
331
C5734
  5
C5734
331
C5735
  5
C5735
331
C5736
  5
C5736
331
C5737
  5
C5737
331
C573A
  5
C573A
331
C573B
  5
C573B
331
C573C
  5
C573C
331
C573D
  5
C573D
331
C573E
  5
C573E
331
C573F
  5
C573F
331
C5740
  5
C5740
331
C5741
  5
C5741
331
C5742
  5
C5742
331
C5747
  5
C5747
331
C574A
  5
C574A
331
C574D
  5
C574D
331
C5750
  5
C5750
331
C5753
  5
C5753
331
C5756
  5
C5756
331
C5759
  5
C5759
331
C575B
  5
C575B
331
C575C
  5
C575C
331
C575F
  5
C575F
331
C5760
  5
C5760
331
C5761
  5
C5761
331
C5762
  5
C5762
331
C5763
  5
C5763
331
C5764
  5
C5764
331
C5765
  5
C5765
331
C5766
  5
C5766
331
C5767
  5
C5767
331
C5768
  5
C5768
331
C5769
  5
C5769
331
C576A
  5
C576A
331
C576B
  5
C576B
331
C576C
  5
C576C
331
C576D
  5
C576D
331
C576E
  5
C576E
331
C576F
  5
C576F
331
C5770
  5
C5770
331
C5771
  5
C5771
331
C5772
  5
C5772
331
C5773
  5
C5773
331
C5774
  5
C5774
331
C5775
  5
C5775
331
C5776
  5
C5776
331
C5777
  5
C5777
331
C5778
  5
C5778
331
C5779
  5
C5779
331
C577A
  5
C577A
331
C577B
  5
C577B
331
C577C
  5
C577C
331
C577D
  5
C577D
331
C577E
  5
C577E
331
C577F
  5
C577F
331
C5780
  5
C5780
331
C5781
  5
C5781
331
C5782
  5
C5782
331
C5783
  5
C5783
331
C5784
  5
C5784
331
C5785
  5
C5785
331
C5786
  5
C5786
331
C5787
  5
C5787
331
C5788
  5
C5788
331
C5789
  5
C5789
331
C578A
  5
C578A
331
C578B
  5
C578B
331
C578C
  5
C578C
331
C578D
  5
C578D
331
C578E
  5
C578E
331
C578F
  5
C578F
331
C5790
  5
C5790
331
C5791
  5
C5791
331
C5792
  5
C5792
331
C5793
  5
C5793
331
C5794
  5
C5794
331
C5795
  5
C5795
331
C5796
  5
C5796
331
C5797
  5
C5797
331
C5798
  5
C5798
331
C5799
  5
C5799
331
C579A
  5
C579A
331
C579B
  5
C579B
331
C579C
  5
C579C
331
C579D
  5
C579D
331
C579E
  5
C579E
331
C579F
  5
C579F
331
C57A0
  5
C57A0
331
C57A1
  5
C57A1
331
C57A2
  5
C57A2
331
C57A3
  5
C57A3
331
C57A4
  5
C57A4
331
C57A5
  5
C57A5
331
C57A6
  5
C57A6
331
C57A7
  5
C57A7
331
C57A8
  5
C57A8
331
C57A9
  5
C57A9
331
C57AA
  5
C57AA
331
C57AB
  5
C57AB
331
C57AC
  5
C57AC
331
C57AD
  5
C57AD
331
C57AE
  5
C57AE
331
C57AF
  5
C57AF
331
C57B0
  5
C57B0
331
C57B1
  5
C57B1
331
C57B2
  5
C57B2
331
C57B3
  5
C57B3
331
C57B4
  5
C57B4
331
C57B5
  5
C57B5
331
C57B6
  5
C57B6
331
C57B7
  5
C57B7
331
C57B8
  5
C57B8
331
C57B9
  5
C57B9
331
C57BA
  5
C57BA
331
C57BB
  5
C57BB
331
C57BC
  5
C57BC
331
C57BD
  5
C57BD
331
C57BE
  5
C57BE
331
C57BF
  5
C57BF
331
C57C0
  5
C57C0
331
C57C1
  5
C57C1
331
C57C2
  5
C57C2
331
C57C3
  5
C57C3
331
C57C4
  5
C57C4
331
C57C5
  5
C57C5
331
C57C6
  5
C57C6
331
C57C7
  5
C57C7
331
C57C8
  5
C57C8
331
C57C9
  5
C57C9
331
C57CA
  5
C57CA
331
C57CB
  5
C57CB
331
C57CC
  5
C57CC
331
C57CD
  5
C57CD
331
C57CE
  5
C57CE
331
C57CF
  5
C57CF
331
C57D0
  5
C57D0
331
C57D1
  5
C57D1
331
C57D2
  5
C57D2
331
C57D3
  5
C57D3
331
C57D4
  5
C57D4
331
C57D5
  5
C57D5
331
C57D8
  5
C57D8
331
C57D9
  5
C57D9
331
C57DC
  5
C57DC
331
C57DD
  5
C57DD
331
C57DE
  5
C57DE
331
C57DF
  5
C57DF
331
C57E0
  5
C57E0
331
C57E1
  5
C57E1
331
C57E2
  5
C57E2
331
C57E3
  5
C57E3
331
C57E4
  5
C57E4
331
C57E5
  5
C57E5
331
C57E6
  5
C57E6
331
C57E7
  5
C57E7
331
C57E8
  5
C57E8
331
C57E9
  5
C57E9
331
C57EA
  5
C57EA
331
C57EB
  5
C57EB
331
C57EC
  5
C57EC
331
C57ED
  5
C57ED
331
C57EE
  5
C57EE
331
C57EF
  5
C57EF
331
C57F0
  5
C57F0
331
C57F1
  5
C57F1
331
C57F2
  5
C57F2
331
C57F3
  5
C57F3
331
C57F4
  5
C57F4
331
C57F5
  5
C57F5
331
C57F6
  5
C57F6
331
C57F7
  5
C57F7
331
C57F8
  5
C57F8
331
C57F9
  5
C57F9
331
C57FA
  5
C57FA
331
C57FB
  5
C57FB
331
C57FC
  5
C57FC
331
C5835
  5
C5835
331
C5836
  5
C5836
331
C5837
  5
C5837
331
C5873
  5
C5873
331
C5874
  5
C5874
331
C5881
  5
C5881
331
C5884
  5
C5884
331
C5887
  5
C5887
331
C588A
  5
C588A
331
C5A05
  5
C5A05
331
C5A06
  5
C5A06
331
C5A12
  5
C5A12
331
C5A13
  5
C5A13
331
C5A14
  5
C5A14
331
C5A15
  5
C5A15
331
C5A16
  5
C5A16
331
C5A17
  5
C5A17
331
C5A18
  5
C5A18
331
C5A19
  5
C5A19
331
C5A1A
  5
C5A1A
331
C5A1B
  5
C5A1B
331
C5A1C
  5
C5A1C
331
C5A1D
  5
C5A1D
331
C5A1E
  5
C5A1E
331
C5A1F
  5
C5A1F
331
C5A22
  5
C5A22
331
C5A23
  5
C5A23
331
C5A24
  5
C5A24
331
C5A25
  5
C5A25
331
C5A26
  5
C5A26
331
C5A27
  5
C5A27
331
C5A28
  5
C5A28
331
C5A29
  5
C5A29
331
C5A2A
  5
C5A2A
331
C5A2B
  5
C5A2B
331
C5A2C
  5
C5A2C
331
C5A2D
  5
C5A2D
331
C5A2E
  5
C5A2E
331
C5A2F
  5
C5A2F
331
C5A30
  5
C5A30
331
C5A31
  5
C5A31
331
C5A3F
  5
C5A3F
331
C5A40
  5
C5A40
331
C5A41
  5
C5A41
331
C5A42
  5
C5A42
331
C5A43
  5
C5A43
331
C5A44
  5
C5A44
331
C5A45
  5
C5A45
331
C5A46
  5
C5A46
331
C5A47
  5
C5A47
331
C5A48
  5
C5A48
331
C5A49
  5
C5A49
331
C5A4A
  5
C5A4A
331
C5A4B
  5
C5A4B
331
C5A4C
  5
C5A4C
331
C5A4D
  5
C5A4D
331
C5A4E
  5
C5A4E
331
C5A50
  5
C5A50
331
C5A51
  5
C5A51
331
C5A52
  5
C5A52
331
C5A53
  5
C5A53
331
C5A54
  5
C5A54
331
C5A55
  5
C5A55
331
C5A56
  5
C5A56
331
C5A57
  5
C5A57
331
C5A58
  5
C5A58
331
C5A59
  5
C5A59
331
C5A62
  5
C5A62
331
C5A63
  5
C5A63
331
C5A64
  5
C5A64
331
C5A65
  5
C5A65
331
C5A66
  5
C5A66
331
C5A67
  5
C5A67
331
C5A68
  5
C5A68
331
C5A69
  5
C5A69
331
C5A6A
  5
C5A6A
331
C5A6B
  5
C5A6B
331
C5A6C
  5
C5A6C
331
C5A6D
  5
C5A6D
331
C5A6E
  5
C5A6E
331
C5A6F
  5
C5A6F
331
C5A70
  5
C5A70
331
C5A71
  5
C5A71
331
C5A72
  5
C5A72
331
C5A73
  5
C5A73
331
C5A74
  5
C5A74
331
C5A75
  5
C5A75
331
C5A76
  5
C5A76
331
C5A77
  5
C5A77
331
C5A78
  5
C5A78
331
C5A79
  5
C5A79
331
C5A7A
  5
C5A7A
331
C5A7B
  5
C5A7B
331
C5A7C
  5
C5A7C
331
C5A7D
  5
C5A7D
331
C5A7E
  5
C5A7E
331
C5A7F
  5
C5A7F
331
C5A80
  5
C5A80
331
C5A81
  5
C5A81
331
C5A82
  5
C5A82
331
C5A83
  5
C5A83
331
C5ACC
  5
C5ACC
331
C5ACD
  5
C5ACD
331
C5ACE
  5
C5ACE
331
C5ACF
  5
C5ACF
331
C5AD0
  5
C5AD0
331
C5AD1
  5
C5AD1
331
C5AD2
  5
C5AD2
331
C5AD3
  5
C5AD3
331
C5AD4
  5
C5AD4
331
C5AD5
  5
C5AD5
331
C5AD6
  5
C5AD6
331
C5AD7
  5
C5AD7
331
C5AD8
  5
C5AD8
331
C5AD9
  5
C5AD9
331
C5ADA
  5
C5ADA
331
C5ADB
  5
C5ADB
331
C5ADC
  5
C5ADC
331
C5ADD
  5
C5ADD
331
C5ADE
  5
C5ADE
331
C5AE5
  5
C5AE5
331
C5AE6
  5
C5AE6
331
C5AE7
  5
C5AE7
331
C5AE8
  5
C5AE8
331
C5AE9
  5
C5AE9
331
C5AEA
  5
C5AEA
331
C5AEB
  5
C5AEB
331
C5AEC
  5
C5AEC
331
C5AED
  5
C5AED
331
C5AEE
  5
C5AEE
331
C5AEF
  5
C5AEF
331
C5AF0
  5
C5AF0
331
C5AF1
  5
C5AF1
331
C5AF2
  5
C5AF2
331
C5AFA
  5
C5AFA
331
C5AFB
  5
C5AFB
331
C5AFC
  5
C5AFC
331
C5AFD
  5
C5AFD
331
C5AFE
  5
C5AFE
331
C5AFF
  5
C5AFF
331
C5B00
  5
C5B00
331
C5B01
  5
C5B01
331
C5B02
  5
C5B02
331
C5B03
  5
C5B03
331
C5B04
  5
C5B04
331
C5B05
  5
C5B05
331
C5B06
  5
C5B06
331
C5B07
  5
C5B07
331
C5B08
  5
C5B08
331
C5B09
  5
C5B09
331
C5B0A
  5
C5B0A
331
C5B0B
  5
C5B0B
331
C5B0C
  5
C5B0C
331
C5B0D
  5
C5B0D
331
C5B0E
  5
C5B0E
331
C5B0F
  5
C5B0F
331
C5B10
  5
C5B10
331
C5B11
  5
C5B11
331
C5B12
  5
C5B12
331
C5B13
  5
C5B13
331
C5B14
  5
C5B14
331
C5B15
  5
C5B15
331
C5B16
  5
C5B16
331
C5B17
  5
C5B17
331
C5B18
  5
C5B18
331
C5B19
  5
C5B19
331
C5B1A
  5
C5B1A
331
C5B1B
  5
C5B1B
331
C5B1C
  5
C5B1C
331
C5B1D
  5
C5B1D
331
C5B1E
  5
C5B1E
331
C5B1F
  5
C5B1F
331
C5B20
  5
C5B20
331
C5B21
  5
C5B21
331
C5B22
  5
C5B22
331
C5B23
  5
C5B23
331
C5B24
  5
C5B24
331
C5B25
  5
C5B25
331
C5B26
  5
C5B26
331
C5B2F
  5
C5B2F
331
C5B30
  5
C5B30
331
C5B31
  5
C5B31
331
C5B32
  5
C5B32
331
C5B33
  5
C5B33
331
C5B34
  5
C5B34
331
C5B3E
  5
C5B3E
331
C5B3F
  5
C5B3F
331
C5B40
  5
C5B40
331
C5B41
  5
C5B41
331
C61AB
  5
C61AB
331
C61AC
  5
C61AC
331
C61AD
  5
C61AD
331
C61AE
  5
C61AE
331
C61AF
  5
C61AF
331
C61B0
  5
C61B0
331
C61B1
  5
C61B1
331
C61B2
  5
C61B2
331
C61B3
  5
C61B3
331
C61B4
  5
C61B4
331
C61B5
  5
C61B5
331
C61B6
  5
C61B6
331
C61B7
  5
C61B7
331
C61B8
  5
C61B8
331
C61B9
  5
C61B9
331
C61BA
  5
C61BA
331
C61BB
  5
C61BB
331
C61BC
  5
C61BC
331
C6E0A
  5
C6E0A
331
C6E0E
  5
C6E0E
331
C6E0F
  5
C6E0F
331
C6E10
  5
C6E10
331
C6E11
  5
C6E11
331
C6E12
  5
C6E12
331
C6E13
  5
C6E13
331
C6E14
  5
C6E14
331
C6E15
  5
C6E15
331
C6E16
  5
C6E16
331
C6E17
  5
C6E17
331
C6E18
  5
C6E18
331
C6E19
  5
C6E19
331
C6E1A
  5
C6E1A
331
C6E1B
  5
C6E1B
331
C6E1C
  5
C6E1C
331
C6E1D
  5
C6E1D
331
C6E1E
  5
C6E1E
331
C6E1F
  5
C6E1F
331
C6E20
  5
C6E20
331
C6E21
  5
C6E21
331
C6E22
  5
C6E22
331
C6E23
  5
C6E23
331
C6E24
  5
C6E24
331
C6E25
  5
C6E25
331
C6E32
  5
C6E32
331
C6E33
  5
C6E33
331
C6E34
  5
C6E34
331
C6E35
  5
C6E35
331
C6FC2
  5
C6FC2
331
C6FC3
  5
C6FC3
331
C6FC4
  5
C6FC4
331
C6FC5
  5
C6FC5
331
C6FC6
  5
C6FC6
331
C6FC8
  5
C6FC8
331
C6FC9
  5
C6FC9
331
C6FCA
  5
C6FCA
331
C6FCB
  5
C6FCB
331
C6FCC
  5
C6FCC
331
C6FCD
  5
C6FCD
331
C6FCE
  5
C6FCE
331
C6FCF
  5
C6FCF
331
C6FD0
  5
C6FD0
331
C6FD1
  5
C6FD1
331
C6FD2
  5
C6FD2
331
C6FD3
  5
C6FD3
331
C6FD4
  5
C6FD4
331
C6FD5
  5
C6FD5
331
C6FD6
  5
C6FD6
331
C6FD7
  5
C6FD7
331
C6FD8
  5
C6FD8
331
C6FD9
  5
C6FD9
331
C6FDA
  5
C6FDA
331
C6FDB
  5
C6FDB
331
C6FDC
  5
C6FDC
331
C6FDD
  5
C6FDD
331
C6FDE
  5
C6FDE
331
C6FDF
  5
C6FDF
331
C6FE0
  5
C6FE0
331
C6FE1
  5
C6FE1
331
C6FE2
  5
C6FE2
331
C6FE3
  5
C6FE3
331
C6FE4
  5
C6FE4
331
C6FE5
  5
C6FE5
331
C70E9
  5
C70EA
331
C70EA
  5
C70EB
331
C70EB
  5
C70EC
331
C70EC
  5
C70ED
331
C70ED
  5
C70EE
331
C70EE
  5
C70EF
331
C70EF
  5
C70F0
331
C70F0
  5
C70F1
331
C70F1
  5
C70F2
331
C70F2
  5
C70F3
331
C70F3
  5
C70F4
331
C70F4
  5
C70F5
331
C70F5
  5
C70F6
331
C70F6
  5
C70F7
331
C70F7
  5
C70F8
331
C70F9
  5
C70FA
331
C70FA
  5
C70FB
331
C70FB
  5
C70FC
331
C70FC
  5
C70FD
331
C70FD
  5
C70FE
331
C70FE
  5
C70FF
331
C70FF
  5
C7100
331
C7100
  5
C7101
331
C7101
  5
C7102
331
C7102
  5
C7103
331
C7103
  5
C7104
331
C7104
  5
C7105
331
C7105
  5
C7106
331
C7106
  5
C7107
331
C7107
  5
C7108
331
C7108
  5
C7109
331
C7109
  5
C710A
331
C710A
  5
C710B
331
C710B
  5
C710C
331
C710C
  5
C710D
331
C710D
  5
C710E
331
C710E
  5
C710F
331
C710F
  5
C7110
331
C7110
  5
C7111
331
C7111
  5
C7112
331
C7112
  5
C7113
331
C7113
  5
C7114
331
C7114
  5
C7115
331
C712E
  5
C712F
331
C712F
  5
C7130
331
C7134
  5
C7135
331
C7135
  5
C7136
331
C7136
  5
C7137
331
C7137
  5
C7138
331
C7138
  5
C7139
331
C7139
  5
C713A
331
C713A
  5
C713B
331
C713B
  5
C713C
331
C713C
  5
C713D
331
C713D
  5
C713E
331
C713E
  5
C713F
331
C713F
  5
C7140
331
C7140
  5
C7141
331
C7141
  5
C7142
331
C7142
  5
C7143
331
C7143
  5
C7144
331
C7144
  5
C7145
331
C7145
  5
C7146
331
C7146
  5
C7147
331
C7147
  5
C7148
331
C7148
  5
C7149
331
C7149
  5
C714A
331
C714A
  5
C714B
331
C714B
  5
C714C
331
C714C
  5
C714D
331
C714D
  5
C714E
331
C714E
  5
C714F
331
C714F
  5
C7150
331
C7150
  5
C7151
331
C7151
  5
C7152
331
C7152
  5
C7153
331
C7153
  5
C7154
331
C7154
  5
C7155
331
C7155
  5
C7156
331
C7156
  5
C7157
331
C7157
  5
C7158
331
C7158
  5
C7159
331
C7159
  5
C715A
331
C715A
  5
C715B
331
C715B
  5
C715C
331
C715C
  5
C715D
331
C715D
  5
C715E
331
C715E
  5
C715F
331
C7281
  5
C7282
331
C7282
  5
C7283
331
C7283
  5
C7284
331
C7284
  5
C7285
331
C7285
  5
C7286
331
C7286
  5
C7287
331
C74CA
  5
C74D3
331
C74CB
  5
C74D4
331
C74CC
  5
C74D5
331
C74CD
  5
C74D6
331
C74CE
  5
C74D7
331
C74CF
  5
C74D8
331
C74D0
  5
C74D9
331
C74D1
  5
C74DA
331
C74D2
  5
C74DB
331
C74D3
  5
C74DC
331
C74D4
  5
C74DD
331
C74D5
  5
C74DE
331
C74D6
  5
C74DF
331
C74D7
  5
C74E0
331
C74D8
  5
C74E1
331
C74D9
  5
C74E2
331
C74DA
  5
C74E3
331
C74DB
  5
C74E4
331
C74DC
  5
C74E5
331
C74DD
  5
C74E6
331
C74DE
  5
C74E7
331
C74DF
  5
C74E8
331
C74E0
  5
C74E9
331
C74E1
  5
C74EA
331
C74E2
  5
C74EB
331
C74E3
  5
C74EC
331
C74E4
  5
C74ED
331
C74E5
  5
C74EE
331
C74E6
  5
C74EF
331
C74E7
  5
C74F0
331
C74E8
  5
C74F1
331
C74E9
  5
C74F2
331
C74EA
  5
C74F3
331
C74EB
  5
C74F4
331
C74EC
  5
C74F5
331
C74ED
  5
C74F6
331
C74EE
  5
C74F7
331
C74EF
  5
C74F8
331
C74F0
  5
C74F9
331
C74F1
  5
C74FA
331
C74F2
  5
C74FB
331
C74F3
  5
C74FE
331
C76D0
  5
C76ED
331
C76D1
  5
C76EE
331
C76D2
  5
C76EF
331
C76D3
  5
C76F0
331
C76D4
  5
C76F1
331
C76D5
  5
C76F2
331
C76D6
  5
C76F3
331
CD9D8
  5
CD9D8
331
CD9D9
  5
CD9D9
331
CDC39
  5
CDC39
331
CEFD4
  5
CEFD4
331
CEFD5
  5
CEFD5
331
CEFD6
  5
CEFD6
331
CEFD8
  5
CEFD8
331
CEFD9
  5
CEFD9
331
CEFDA
  5
CEFDA
331
CEFDB
  5
CEFDB
331
CEFDC
  5
CEFDC
331
CEFDD
  5
CEFDD
331
CEFDE
  5
CEFDE
331
CEFDF
  5
CEFDF
331
CEFE0
  5
CEFE0
331
CEFE1
  5
CEFE1
331
CEFE2
  5
CEFE2
331
CEFE3
  5
CEFE3
331
CEFE4
  5
CEFE4
331
CEFE5
  5
CEFE5
331
CEFE6
  5
CEFE6
331
CEFE7
  5
CEFE7
331
CEFE8
  5
CEFE8
331
CEFE9
  5
CEFE9
331
CEFEA
  5
CEFEA
331
CEFEB
  5
CEFEB
331
CEFEC
  5
CEFEC
331
CEFEE
  5
CEFEE
331
CEFEF
  5
CEFEF
331
CEFF0
  5
CEFF0
331
CEFFA
  5
CEFFA
331
CEFFB
  5
CEFFB
331
CEFFC
  5
CEFFC
331
CEFFD
  5
CEFFD
331
CEFFE
  5
CEFFE
331
CEFFF
  5
CEFFF
331
CF000
  5
CF000
331
CF001
  5
CF001
331
CF002
  5
CF002
331
CF003
  5
CF003
331
CF004
  5
CF004
331
CF005
  5
CF005
331
CF006
  5
CF006
331
CF007
  5
CF007
331
CF008
  5
CF008
331
CF00F
  5
CF00F
331
CF03D
  5
CF010
331
CF010
  5
CF011
331
CF03E
  5
CF012
331
CF011
  5
CF013
331
CF03F
  5
CF014
331
CF012
  5
CF015
331
CF040
  5
CF016
331
CF013
  5
CF017
331
CF014
  5
CF018
331
CF015
  5
CF019
331
CF146
  5
CF01A
331
CF016
  5
CF01B
331
CF017
  5
CF01C
331
CF018
  5
CF01D
331
CF019
  5
CF01E
331
CF01A
  5
CF01F
331
CF01B
  5
CF020
331
CF01C
  5
CF021
331
CF01D
  5
CF022
331
CF01E
  5
CF023
331
CF01F
  5
CF024
331
CF020
  5
CF025
331
CF021
  5
CF026
331
CF022
  5
CF027
331
CF023
  5
CF028
331
CF024
  5
CF029
331
CF025
  5
CF02A
331
CF026
  5
CF02B
331
CF027
  5
CF02C
331
CF028
  5
CF02D
331
CF029
  5
CF02E
331
CF02A
  5
CF02F
331
CF02B
  5
CF030
331
CF02C
  5
CF031
331
CF02D
  5
CF032
331
CF02E
  5
CF033
331
CF02F
  5
CF034
331
CF030
  5
CF035
331
CF031
  5
CF036
331
CF032
  5
CF037
331
CF033
  5
CF038
331
CF034
  5
CF039
331
CF035
  5
CF03A
331
CF036
  5
CF03B
331
CF037
  5
CF03C
331
CF038
  5
CF03D
331
CF039
  5
CF03E
331
CF03A
  5
CF03F
331
CF03B
  5
CF040
331
CF03C
  5
CF07E
331
CF07E
  5
CF07F
331
CF07F
  5
CF080
331
CF080
  5
CF081
331
CF081
  5
CF082
331
CF082
  5
CF083
331
CF083
  5
CF084
331
CF084
  5
CF085
331
CF085
  5
CF093
331
CF093
  5
CF094
331
CF094
  5
CF095
331
CF095
  5
CF096
331
CF096
  5
CF097
331
CF097
  5
CF098
331
CF098
  5
CF099
331
CF099
  5
CF09A
331
CF09A
  5
CF09B
331
CF09B
  5
CF09C
331
CF09C
  5
CF09D
331
CF09D
  5
CF0A3
331
CF0A3
  5
CF0A5
331
CF0A5
  5
CF0A6
331
CF0A6
  5
CF0A7
331
CF0A7
  5
CF0A8
331
CF0A8
  5
CF0A9
331
CF0A9
  5
CF0AA
331
CF0AA
  5
CF0AB
331
CF0AB
  5
CF0AD
331
CF0AD
  5
CF0AE
331
CF0AE
  5
CF0AF
331
CF0AF
  5
CF0B0
331
CF0B0
  5
CF10A
331
CF10A
  5
CF10D
331
CF10D
  5
CF10E
331
CF10E
  5
CF10F
331
CF10F
  5
CF111
331
CF111
  5
CF112
331
CF112
  5
CF113
331
CF113
  5
CF114
331
CF114
  5
CF116
331
CF116
  5
CF117
331
CF117
  5
CF118
331
CF118
  5
CF119
331
CF119
  5
CF11A
331
CF11A
  5
CF11B
331
CF11B
  5
CF11C
331
CF11C
  5
CF11D
331
CF11D
  5
CF11E
331
CF11E
  5
CF11F
331
CF11F
  5
CF120
331
CF120
  5
CF121
331
CF121
  5
CF122
331
CF122
  5
CF123
331
CF123
  5
CF124
331
CF124
  5
CF125
331
CF125
  5
CF126
331
CF126
  5
CF127
331
CF127
  5
CF128
331
CF128
  5
CF129
331
CF129
  5
CF12A
331
CF12A
  5
CF12B
331
CF12B
  5
CF12C
331
CF12C
  5
CF12D
331
CF12D
  5
CF12E
331
CF12E
  5
CF12F
331
CF12F
  5
CF130
331
CF130
  5
CF131
331
CF131
  5
CF132
331
CF132
  5
CF133
331
CF133
  5
CF134
331
CF134
  5
CF135
331
CF135
  5
CF136
331
CF136
  5
CF137
331
CF137
  5
CF138
331
CF138
  5
CF140
331
CF140
  5
CF141
331
CF141
  5
CF142
331
CF142
  5
CF143
331
CF143
  5
CF144
331
CF144
  5
CF145
331
CF145
  5
CF146
  0
SORTENTSTABLE
  5
CDAF6
102
{ACAD_REACTORS
330
7161
102
}
330
7161
100
AcDbSortentsTable
330
F
331
CDC98
  5
CDAB1
331
CDC9A
  5
CDAB2
331
CDA70
  5
CDAB8
331
CDC61
  5
CDC6A
331
CDC62
  5
CDC6B
331
CDC63
  5
CDC6C
331
CDC67
  5
CDC6D
331
CDC68
  5
CDC6E
331
CDC69
  5
CDC6F
331
CDC6A
  5
CDC70
331
CDC6C
  5
CDC72
331
CDC6D
  5
CDC73
331
CDC6E
  5
CDC74
331
CDC6F
  5
CDC75
331
CDC70
  5
CDC76
331
CDC71
  5
CDC77
331
CDC72
  5
CDC78
331
CDC73
  5
CDC79
331
CDC74
  5
CDC7A
331
CDC75
  5
CDC7B
331
CDC76
  5
CDC7C
331
CDC77
  5
CDC7D
331
CDC78
  5
CDC7E
331
CDC79
  5
CDC7F
331
CDC7A
  5
CDC80
331
CDC7B
  5
CDC81
331
CDC7C
  5
CDC82
331
CDC7D
  5
CDC83
331
CDC7E
  5
CDC84
331
CDC7F
  5
CDC85
331
CDC80
  5
CDC86
331
CDC81
  5
CDC87
331
CDC82
  5
CDC88
331
CDC83
  5
CDC89
331
CDC84
  5
CDC8A
331
CDC85
  5
CDC8B
331
CDC86
  5
CDC8C
331
CDC87
  5
CDC8D
331
CDC88
  5
CDC8E
331
CDC89
  5
CDC8F
331
CDC8A
  5
CDC90
331
CDC8B
  5
CDC91
331
CDC8C
  5
CDC92
331
CDC8D
  5
CDC93
331
CDC8E
  5
CDC94
331
CDC93
  5
CDCAC
331
CE91F
  5
CE91F
331
CE920
  5
CE920
331
CE921
  5
CE921
  0
SORTENTSTABLE
  5
CAB95
102
{ACAD_REACTORS
330
2F
102
}
330
2F
100
AcDbSortentsTable
330
2E
  0
SORTENTSTABLE
  5
CAB74
102
{ACAD_REACTORS
330
28
102
}
330
28
100
AcDbSortentsTable
330
27
  0
SORTENTSTABLE
  5
C525E
102
{ACAD_REACTORS
330
138E
102
}
330
138E
100
AcDbSortentsTable
330
138D
  0
SORTENTSTABLE
  5
CD7A0
102
{ACAD_REACTORS
330
CD79F
102
}
330
CD79F
100
AcDbSortentsTable
330
57D7
  0
SORTENTSTABLE
  5
C525C
102
{ACAD_REACTORS
330
ACA18
102
}
330
ACA18
100
AcDbSortentsTable
330
ACA17
  0
ACAD_EVALUATION_GRAPH
  5
ACA2C
102
{ACAD_REACTORS
330
ACA2B
102
}
330
ACA2B
100
AcDbEvalGraph
 96
        1
 97
        1
 91
        0
 93
       32
 95
        1
360
ACA2D
 92
       -1
 92
       -1
 92
       -1
 92
       -1
  0
ACDB_DYNAMICBLOCKPURGEPREVENTER_VERSION
  5
ACA2E
102
{ACAD_REACTORS
330
ACA2B
102
}
330
ACA2B
100
AcDbDynamicBlockPurgePreventer
 70
     1
  0
SORTENTSTABLE
  5
B5C89
102
{ACAD_REACTORS
330
B5C86
102
}
330
B5C86
100
AcDbSortentsTable
330
B5C75
  0
SORTENTSTABLE
  5
B9E79
102
{ACAD_REACTORS
330
B9E78
102
}
330
B9E78
100
AcDbSortentsTable
330
B9E51
  0
SORTENTSTABLE
  5
C525B
102
{ACAD_REACTORS
330
BA54F
102
}
330
BA54F
100
AcDbSortentsTable
330
BA54E
  0
SORTENTSTABLE
  5
C13F3
102
{ACAD_REACTORS
330
BA9BA
102
}
330
BA9BA
100
AcDbSortentsTable
330
BA9B9
  0
SORTENTSTABLE
  5
BAEED
102
{ACAD_REACTORS
330
BAEEC
102
}
330
BAEEC
100
AcDbSortentsTable
330
BAEEB
  0
SORTENTSTABLE
  5
CF0EB
102
{ACAD_REACTORS
330
CF0EA
102
}
330
CF0EA
100
AcDbSortentsTable
330
CF0B3
  0
SORTENTSTABLE
  5
CF0FA
102
{ACAD_REACTORS
330
CF0F9
102
}
330
CF0F9
100
AcDbSortentsTable
330
CF0F1
  0
SORTENTSTABLE
  5
CF106
102
{ACAD_REACTORS
330
CF105
102
}
330
CF105
100
AcDbSortentsTable
330
CF0FD
  0
ACDBDETAILVIEWSTYLE
  5
CEF39
102
{ACAD_REACTORS
330
CEF38
102
}
102
{ACAD_XDICTIONARY
360
CEF74
102
}
330
CEF38
100
AcDbModelDocViewStyle
 70
     0
  3
Imperial24
290
     0
300
Imperial24
 90
        0
100
AcDbDetailViewStyle
 70
     0
 71
     0
 90
        3
 71
     1
340
18
 62
   256
 40
0.24
340
0
 62
   256
 40
0.24
300

 40
0.36
280
     3
 71
     2
340
A
 90
       25
 62
   256
 71
     3
340
18
 62
   256
 40
0.24
 90
        1
 40
0.75
 90
        1
300
%<\AcVar ViewType \f "%tc1">% %<\AcVar ViewDetailId>%\PSCALE %<\AcVar ViewScale \f "%sn">%
 71
     4
340
A
 90
       25
 62
   256
340
A
 90
       25
 62
   256
280
     0
  0
LAYOUT
  5
D
102
{ACAD_REACTORS
330
E
102
}
330
E
100
AcDbPlotSettings
  1

  2
HP LaserJet 5100 PCL 6
  4
A3
  6

 40
4.233333110809326
 41
4.233341693878174
 42
4.23333740234375
 43
4.23333740234375
 44
296.9259948730469
 45
419.9466552734375
 46
0.0
 47
0.0
 48
2876456.601178909
 49
-1119106.060291448
140
2935856.601178838
141
-1077106.060291448
142
1.0
143
145.6011175690028
 70
  3760
 72
     1
 73
     1
 74
     4
  7
gsc-a3.ctb
 75
     0
 76
     1
 77
     2
 78
   300
147
0.006868079151426
148
-2876456.601178909
149
1119106.060291448
100
AcDbLayout
  1
Model
 70
     1
 71
     0
 10
0.0
 20
0.0
 11
12.0
 21
9.0
 12
0.0
 22
0.0
 32
0.0
 14
1770500.880693183
 24
-1025208.676203078
 34
-0.0000000075100736
 15
1840634.638525449
 25
-968461.9206754452
 35
0.0000000030412142
146
0.0
 13
0.0
 23
0.0
 33
0.0
 16
1.0
 26
0.0
 36
0.0
 17
0.0
 27
1.0
 37
0.0
 76
     0
330
2
331
CABF8
1001
ACAD_PSEXT
1000
HP LaserJet 5100 PCL 6
1000
HP LaserJet 5100 PCL 6
1000
HP510032-P1
1000

1070
     0
  0
LAYOUT
  5
12
102
{ACAD_REACTORS
330
E
102
}
102
{ACAD_XDICTIONARY
360
CDAE9
102
}
330
E
100
AcDbPlotSettings
  1

  2
none_device
  4
Letter_(8.50_x_11.00_Inches)
  6

 40
6.349999904632568
 41
6.349999904632568
 42
6.350006103515625
 43
6.350006103515625
 44
215.8999938964844
 45
279.3999938964844
 46
0.0
 47
0.0
 48
0.0
 49
0.0
140
0.0
141
0.0
142
1.0
143
1.0
 70
   688
 72
     0
 73
     1
 74
     5
  7
gsc-a03.ctb
 75
    16
 76
     0
 77
     2
 78
   300
147
1.0
148
0.0
149
0.0
100
AcDbLayout
  1
布局1
 70
     1
 71
     1
 10
-0.2500002402958907
 20
-0.2499999962453767
 11
10.74999951940822
 21
8.249999763458733
 12
0.0
 22
0.0
 32
0.0
 14
529.6344518633887
 24
-442.2888991119862
 34
0.0
 15
1272.134451863389
 25
-22.28889911198621
 35
0.0
146
0.0
 13
0.0
 23
0.0
 33
0.0
 16
1.0
 26
0.0
 36
0.0
 17
0.0
 27
1.0
 37
0.0
 76
     0
330
F
331
CDA70
1001
ACAD_PSEXT
1000
无
1000
无
1000
不可用
1000
在选择新的绘图仪配置名称之前，不能打印该布局。
1070
     0
  0
MATERIAL
  5
69B4F
102
{ACAD_REACTORS
330
3C
102
}
330
3C
100
AcDbMaterial
  1
ByBlock
 72
     0
 73
     2
 43
0.0208333333333333
 43
0.0
 43
0.0
 43
0.0
 43
0.0
 43
0.0208333333333333
 43
0.0
 43
0.0
 43
0.0
 43
0.0
 43
1.0
 43
0.0
 43
0.0
 43
0.0
 43
0.0
 43
1.0
 77
     0
 78
     2
 47
0.0208333333333333
 47
0.0
 47
0.0
 47
0.0
 47
0.0
 47
0.0208333333333333
 47
0.0
 47
0.0
 47
0.0
 47
0.0
 47
1.0
 47
0.0
 47
0.0
 47
0.0
 47
0.0
 47
1.0
171
     0
172
     2
 49
0.0208333333333333
 49
0.0
 49
0.0
 49
0.0
 49
0.0
 49
0.0208333333333333
 49
0.0
 49
0.0
 49
0.0
 49
0.0
 49
1.0
 49
0.0
 49
0.0
 49
0.0
 49
0.0
 49
1.0
175
     0
176
     2
142
0.0208333333333333
142
0.0
142
0.0
142
0.0
142
0.0
142
0.0208333333333333
142
0.0
142
0.0
142
0.0
142
0.0
142
1.0
142
0.0
142
0.0
142
0.0
142
0.0
142
1.0
179
     0
270
     2
144
0.0208333333333333
144
0.0
144
0.0
144
0.0
144
0.0
144
0.0208333333333333
144
0.0
144
0.0
144
0.0
144
0.0
144
1.0
144
0.0
144
0.0
144
0.0
144
0.0
144
1.0
274
     2
147
0.0208333333333333
147
0.0
147
0.0
147
0.0
147
0.0
147
0.0208333333333333
147
0.0
147
0.0
147
0.0
147
0.0
147
1.0
147
0.0
147
0.0
147
0.0
147
0.0
147
1.0
 94
      127
  0
MATERIAL
  5
69B47
102
{ACAD_REACTORS
330
3C
102
}
330
3C
100
AcDbMaterial
  1
ByLayer
 72
     0
 73
     2
 43
0.0208333333333333
 43
0.0
 43
0.0
 43
0.0
 43
0.0
 43
0.0208333333333333
 43
0.0
 43
0.0
 43
0.0
 43
0.0
 43
1.0
 43
0.0
 43
0.0
 43
0.0
 43
0.0
 43
1.0
 77
     0
 78
     2
 47
0.0208333333333333
 47
0.0
 47
0.0
 47
0.0
 47
0.0
 47
0.0208333333333333
 47
0.0
 47
0.0
 47
0.0
 47
0.0
 47
1.0
 47
0.0
 47
0.0
 47
0.0
 47
0.0
 47
1.0
171
     0
172
     2
 49
0.0208333333333333
 49
0.0
 49
0.0
 49
0.0
 49
0.0
 49
0.0208333333333333
 49
0.0
 49
0.0
 49
0.0
 49
0.0
 49
1.0
 49
0.0
 49
0.0
 49
0.0
 49
0.0
 49
1.0
175
     0
176
     2
142
0.0208333333333333
142
0.0
142
0.0
142
0.0
142
0.0
142
0.0208333333333333
142
0.0
142
0.0
142
0.0
142
0.0
142
1.0
142
0.0
142
0.0
142
0.0
142
0.0
142
1.0
179
     0
270
     2
144
0.0208333333333333
144
0.0
144
0.0
144
0.0
144
0.0
144
0.0208333333333333
144
0.0
144
0.0
144
0.0
144
0.0
144
1.0
144
0.0
144
0.0
144
0.0
144
0.0
144
1.0
274
     2
147
0.0208333333333333
147
0.0
147
0.0
147
0.0
147
0.0
147
0.0208333333333333
147
0.0
147
0.0
147
0.0
147
0.0
147
1.0
147
0.0
147
0.0
147
0.0
147
0.0
147
1.0
 94
      127
  0
MATERIAL
  5
DB5
102
{ACAD_REACTORS
330
3C
102
}
330
3C
100
AcDbMaterial
  1
Global
 72
     1
 94
       63
  0
MLEADERSTYLE
  5
69B8D
102
{ACAD_REACTORS
330
69B8C
102
}
330
69B8C
100
AcDbMLeaderStyle
179
     2
170
     2
171
     1
172
     0
 90
        2
 40
0.0
 41
0.0
173
     1
 91
-1056964608
340
1C
 92
       -2
290
     1
 42
0.09
291
     1
 43
0.36
  3
Standard
341
0
 44
0.18
300

342
18
174
     1
178
     6
175
     1
176
     0
 93
-1056964608
 45
0.18
292
     0
297
     0
 46
0.18
343
0
 94
-1056964608
 47
1.0
 49
1.0
140
1.0
293
     1
141
0.0
294
     1
177
     0
142
1.0
295
     1
296
     0
143
0.125
271
     0
272
     9
273
     9
298
     1
  0
MLINESTYLE
  5
40
102
{ACAD_REACTORS
330
3A
102
}
330
3A
100
AcDbMlineStyle
  2
STANDARD
 70
     0
  3

 62
     0
 51
90.0
 52
90.0
 71
     2
 49
0.5
 62
   256
  6
BYLAYER
 49
-0.5
 62
   256
  6
BYLAYER
  0
ACDBPLACEHOLDER
  5
7
102
{ACAD_REACTORS
330
8
102
}
330
8
  0
SCALE
  5
69B6B
102
{ACAD_REACTORS
330
69B6A
102
}
330
69B6A
100
AcDbScale
 70
     0
300
1:1
140
1.0
141
1.0
290
     1
  0
SCALE
  5
69B6C
102
{ACAD_REACTORS
330
69B6A
102
}
330
69B6A
100
AcDbScale
 70
     0
300
1:2
140
1.0
141
2.0
290
     0
  0
SCALE
  5
69B6D
102
{ACAD_REACTORS
330
69B6A
102
}
330
69B6A
100
AcDbScale
 70
     0
300
1:4
140
1.0
141
4.0
290
     0
  0
SCALE
  5
69B6E
102
{ACAD_REACTORS
330
69B6A
102
}
330
69B6A
100
AcDbScale
 70
     0
300
1:5
140
1.0
141
5.0
290
     0
  0
SCALE
  5
69B6F
102
{ACAD_REACTORS
330
69B6A
102
}
330
69B6A
100
AcDbScale
 70
     0
300
1:8
140
1.0
141
8.0
290
     0
  0
SCALE
  5
69B70
102
{ACAD_REACTORS
330
69B6A
102
}
330
69B6A
100
AcDbScale
 70
     0
300
1:10
140
1.0
141
10.0
290
     0
  0
SCALE
  5
69B71
102
{ACAD_REACTORS
330
69B6A
102
}
330
69B6A
100
AcDbScale
 70
     0
300
1:16
140
1.0
141
16.0
290
     0
  0
SCALE
  5
69B72
102
{ACAD_REACTORS
330
69B6A
102
}
330
69B6A
100
AcDbScale
 70
     0
300
1:20
140
1.0
141
20.0
290
     0
  0
SCALE
  5
69B73
102
{ACAD_REACTORS
330
69B6A
102
}
330
69B6A
100
AcDbScale
 70
     0
300
1:30
140
1.0
141
30.0
290
     0
  0
SCALE
  5
69B74
102
{ACAD_REACTORS
330
69B6A
102
}
330
69B6A
100
AcDbScale
 70
     0
300
1:40
140
1.0
141
40.0
290
     0
  0
SCALE
  5
69B75
102
{ACAD_REACTORS
330
69B6A
102
}
330
69B6A
100
AcDbScale
 70
     0
300
1:50
140
1.0
141
50.0
290
     0
  0
SCALE
  5
69B76
102
{ACAD_REACTORS
330
69B6A
102
}
330
69B6A
100
AcDbScale
 70
     0
300
1:100
140
1.0
141
100.0
290
     0
  0
SCALE
  5
69B77
102
{ACAD_REACTORS
330
69B6A
102
}
330
69B6A
100
AcDbScale
 70
     0
300
2:1
140
2.0
141
1.0
290
     0
  0
SCALE
  5
69B78
102
{ACAD_REACTORS
330
69B6A
102
}
330
69B6A
100
AcDbScale
 70
     0
300
4:1
140
4.0
141
1.0
290
     0
  0
SCALE
  5
69B79
102
{ACAD_REACTORS
330
69B6A
102
}
330
69B6A
100
AcDbScale
 70
     0
300
8:1
140
8.0
141
1.0
290
     0
  0
SCALE
  5
69B7A
102
{ACAD_REACTORS
330
69B6A
102
}
330
69B6A
100
AcDbScale
 70
     0
300
10:1
140
10.0
141
1.0
290
     0
  0
SCALE
  5
69B7B
102
{ACAD_REACTORS
330
69B6A
102
}
330
69B6A
100
AcDbScale
 70
     0
300
100:1
140
100.0
141
1.0
290
     0
  0
SCALE
  5
69B7C
102
{ACAD_REACTORS
330
69B6A
102
}
330
69B6A
100
AcDbScale
 70
     0
300
1/128" = 1'-0"
140
0.0078125
141
12.0
290
     0
  0
SCALE
  5
69B7D
102
{ACAD_REACTORS
330
69B6A
102
}
330
69B6A
100
AcDbScale
 70
     0
300
1/64" = 1'-0"
140
0.015625
141
12.0
290
     0
  0
SCALE
  5
69B7E
102
{ACAD_REACTORS
330
69B6A
102
}
330
69B6A
100
AcDbScale
 70
     0
300
1/32" = 1'-0"
140
0.03125
141
12.0
290
     0
  0
SCALE
  5
69B7F
102
{ACAD_REACTORS
330
69B6A
102
}
330
69B6A
100
AcDbScale
 70
     0
300
1/16" = 1'-0"
140
0.0625
141
12.0
290
     0
  0
SCALE
  5
69B80
102
{ACAD_REACTORS
330
69B6A
102
}
330
69B6A
100
AcDbScale
 70
     0
300
3/32" = 1'-0"
140
0.09375
141
12.0
290
     0
  0
SCALE
  5
69B81
102
{ACAD_REACTORS
330
69B6A
102
}
330
69B6A
100
AcDbScale
 70
     0
300
1/8" = 1'-0"
140
0.125
141
12.0
290
     0
  0
SCALE
  5
69B82
102
{ACAD_REACTORS
330
69B6A
102
}
330
69B6A
100
AcDbScale
 70
     0
300
3/16" = 1'-0"
140
0.1875
141
12.0
290
     0
  0
SCALE
  5
69B83
102
{ACAD_REACTORS
330
69B6A
102
}
330
69B6A
100
AcDbScale
 70
     0
300
1/4" = 1'-0"
140
0.25
141
12.0
290
     0
  0
SCALE
  5
69B84
102
{ACAD_REACTORS
330
69B6A
102
}
330
69B6A
100
AcDbScale
 70
     0
300
3/8" = 1'-0"
140
0.375
141
12.0
290
     0
  0
SCALE
  5
69B85
102
{ACAD_REACTORS
330
69B6A
102
}
330
69B6A
100
AcDbScale
 70
     0
300
1/2" = 1'-0"
140
0.5
141
12.0
290
     0
  0
SCALE
  5
69B86
102
{ACAD_REACTORS
330
69B6A
102
}
330
69B6A
100
AcDbScale
 70
     0
300
3/4" = 1'-0"
140
0.75
141
12.0
290
     0
  0
SCALE
  5
69B87
102
{ACAD_REACTORS
330
69B6A
102
}
330
69B6A
100
AcDbScale
 70
     0
300
1" = 1'-0"
140
1.0
141
12.0
290
     0
  0
SCALE
  5
69B88
102
{ACAD_REACTORS
330
69B6A
102
}
330
69B6A
100
AcDbScale
 70
     0
300
1-1/2" = 1'-0"
140
1.5
141
12.0
290
     0
  0
SCALE
  5
69B89
102
{ACAD_REACTORS
330
69B6A
102
}
330
69B6A
100
AcDbScale
 70
     0
300
3" = 1'-0"
140
3.0
141
12.0
290
     0
  0
SCALE
  5
69B8A
102
{ACAD_REACTORS
330
69B6A
102
}
330
69B6A
100
AcDbScale
 70
     0
300
6" = 1'-0"
140
6.0
141
12.0
290
     0
  0
SCALE
  5
69B8B
102
{ACAD_REACTORS
330
69B6A
102
}
330
69B6A
100
AcDbScale
 70
     0
300
1'-0" = 1'-0"
140
12.0
141
12.0
290
     0
  0
ACDBSECTIONVIEWSTYLE
  5
CEF37
102
{ACAD_REACTORS
330
CEF36
102
}
102
{ACAD_XDICTIONARY
360
CEF72
102
}
330
CEF36
100
AcDbModelDocViewStyle
 70
     0
  3
Imperial24
290
     0
300
Imperial24
 90
        0
100
AcDbSectionViewStyle
 70
     0
 71
     0
 90
       78
 71
     1
340
18
 62
   256
 40
0.24
340
0
340
0
 62
   256
 40
0.24
300
I, O, Q, S, X, Z
 40
0.48
 90
        3
 40
0.18
 90
        1
 71
     2
340
A
 90
       25
 62
   256
340
A
 90
       50
 62
   256
 40
0.24
 40
0.0
 40
0.24
 71
     3
340
18
 62
   256
 40
0.24
 90
        1
 40
0.75
 90
        1
300
%<\AcVar ViewType \f "%tc1">% %<\AcVar ViewSectionStartId>%-%<\AcVar ViewSectionEndId>%\PSCALE %<\AcVar ViewScale \f "%sn">%
 71
     4
 62
   256
 62
   257
300
ANSI31
 40
1.0
 90
        0
290
     0
290
     0
 90
        6
 40
0.0
 40
1.570796326794897
 40
0.2617993877991494
 40
1.308996938995747
 40
-0.2617993877991494
 40
1.832595714594046
  0
TABLESTYLE
  5
69B69
102
{ACAD_REACTORS
330
69B68
102
}
102
{ACAD_XDICTIONARY
360
CF16A
102
}
330
69B68
100
AcDbTableStyle
  3
Standard
 70
     0
 71
     0
 40
0.06
 41
0.06
280
     0
281
     0
  7
STANDARD
140
0.18
170
     2
 62
     0
 63
   257
283
     0
 90
      512
 91
        0
  1

274
    -2
284
     1
 64
     0
275
    -2
285
     1
 65
     0
276
    -2
286
     1
 66
     0
277
    -2
287
     1
 67
     0
278
    -2
288
     1
 68
     0
279
    -2
289
     1
 69
     0
  7
STANDARD
140
0.25
170
     5
 62
     0
 63
   257
283
     0
 90
      512
 91
        0
  1

274
    -2
284
     1
 64
     0
275
    -2
285
     1
 65
     0
276
    -2
286
     1
 66
     0
277
    -2
287
     1
 67
     0
278
    -2
288
     1
 68
     0
279
    -2
289
     1
 69
     0
  7
STANDARD
140
0.18
170
     5
 62
     0
 63
   257
283
     0
 90
      512
 91
        0
  1

274
    -2
284
     1
 64
     0
275
    -2
285
     1
 65
     0
276
    -2
286
     1
 66
     0
277
    -2
287
     1
 67
     0
278
    -2
288
     1
 68
     0
279
    -2
289
     1
 69
     0
  0
VISUALSTYLE
  5
69B5D
102
{ACAD_REACTORS
330
69B57
102
}
330
69B57
100
AcDbVisualStyle
  2
2dWireframe
 70
     4
177
     3
291
     0
 70
    58
 90
        0
176
     1
 90
        2
176
     1
 90
        0
176
     1
 90
        0
176
     1
 40
0.6
176
     1
 40
30.0
176
     1
 62
     7
420
 16777215
176
     1
 90
        1
176
     1
 90
        4
176
     1
 62
     7
176
     1
 62
   257
176
     1
 90
        1
176
     1
 90
        1
176
     1
 40
1.0
176
     1
 90
        0
176
     1
 62
   257
176
     1
 40
1.0
176
     1
 90
        1
176
     1
 90
        6
176
     1
 90
        2
176
     1
 62
     7
176
     1
 90
        5
176
     1
 90
        0
176
     1
 90
        0
176
     1
290
     0
176
     1
 90
        1
176
     1
 40
0.0
176
     1
 90
        0
176
     1
290
     1
176
     1
290
     1
176
     1
290
     0
176
     1
290
     0
176
     1
290
     0
176
     1
290
     0
176
     1
290
     0
176
     1
290
     0
176
     1
290
     0
176
     1
 90
       50
176
     1
 40
0.0
176
     1
 40
1.0
176
     1
 90
        0
176
     1
 62
    18
420
        0
176
     1
 90
       50
176
     1
 90
        3
176
     1
 62
     5
420
      255
176
     1
290
     0
176
     1
 90
       50
176
     1
 90
       50
176
     1
 90
       50
176
     1
290
     0
176
     1
 90
       50
176
     1
 62
   256
176
     0
 40
1.0
176
     0
 90
        2
176
     1
  1
strokes_ogs.tif
176
     1
290
     0
176
     1
 40
1.0
176
     1
 40
1.0
176
     1
  0
VISUALSTYLE
  5
69B5F
102
{ACAD_REACTORS
330
69B57
102
}
330
69B57
100
AcDbVisualStyle
  2
3D Hidden
 70
     6
177
     3
291
     0
 70
    58
 90
        1
176
     1
 90
        2
176
     1
 90
        2
176
     1
 90
        0
176
     1
 40
0.6
176
     1
 40
30.0
176
     1
 62
     7
420
 16777215
176
     1
 90
        2
176
     1
 90
        2
176
     1
 62
     7
176
     1
 62
   257
176
     1
 90
        2
176
     1
 90
        1
176
     1
 40
40.0
176
     1
 90
        0
176
     1
 62
   257
176
     1
 40
1.0
176
     1
 90
        1
176
     1
 90
        6
176
     1
 90
        2
176
     1
 62
     7
176
     1
 90
        3
176
     1
 90
        0
176
     1
 90
        0
176
     1
290
     0
176
     1
 90
        1
176
     1
 40
0.0
176
     1
 90
        0
176
     1
290
     0
176
     1
290
     1
176
     1
290
     1
176
     1
290
     0
176
     1
290
     0
176
     1
290
     0
176
     1
290
     0
176
     1
290
     0
176
     1
290
     0
176
     1
 90
       50
176
     1
 40
0.0
176
     1
 40
1.0
176
     1
 90
        0
176
     1
 62
    18
420
        0
176
     1
 90
       50
176
     1
 90
        3
176
     1
 62
     5
420
      255
176
     1
290
     0
176
     1
 90
       50
176
     1
 90
       50
176
     1
 90
       50
176
     1
290
     0
176
     1
 90
       50
176
     1
 62
   256
176
     0
 40
1.0
176
     0
 90
        2
176
     1
  1
strokes_ogs.tif
176
     1
290
     0
176
     1
 40
1.0
176
     1
 40
1.0
176
     1
  0
VISUALSTYLE
  5
69B5E
102
{ACAD_REACTORS
330
69B57
102
}
330
69B57
100
AcDbVisualStyle
  2
3dWireframe
 70
     5
177
     3
291
     0
 70
    58
 90
        0
176
     1
 90
        2
176
     1
 90
        0
176
     1
 90
        0
176
     1
 40
0.6
176
     1
 40
30.0
176
     1
 62
     7
420
 16777215
176
     1
 90
        1
176
     1
 90
        4
176
     1
 62
     7
176
     1
 62
   257
176
     1
 90
        1
176
     1
 90
        1
176
     1
 40
1.0
176
     1
 90
        0
176
     1
 62
   257
176
     1
 40
1.0
176
     1
 90
        1
176
     1
 90
        6
176
     1
 90
        2
176
     1
 62
     7
176
     1
 90
        5
176
     1
 90
        0
176
     1
 90
        0
176
     1
290
     0
176
     1
 90
        1
176
     1
 40
0.0
176
     1
 90
        0
176
     1
290
     0
176
     1
290
     1
176
     1
290
     1
176
     1
290
     0
176
     1
290
     0
176
     1
290
     0
176
     1
290
     0
176
     1
290
     0
176
     1
290
     0
176
     1
 90
       50
176
     1
 40
0.0
176
     1
 40
1.0
176
     1
 90
        0
176
     1
 62
    18
420
        0
176
     1
 90
       50
176
     1
 90
        3
176
     1
 62
     5
420
      255
176
     1
290
     0
176
     1
 90
       50
176
     1
 90
       50
176
     1
 90
       50
176
     1
290
     0
176
     1
 90
       50
176
     1
 62
   256
176
     0
 40
1.0
176
     0
 90
        2
176
     1
  1
strokes_ogs.tif
176
     1
290
     0
176
     1
 40
1.0
176
     1
 40
1.0
176
     1
  0
VISUALSTYLE
  5
69B5C
102
{ACAD_REACTORS
330
69B57
102
}
330
69B57
100
AcDbVisualStyle
  2
Basic
 70
     7
177
     3
291
     1
 70
    58
 90
        1
176
     1
 90
        0
176
     1
 90
        1
176
     1
 90
        0
176
     1
 40
0.6
176
     1
 40
30.0
176
     1
 62
     7
420
 16777215
176
     1
 90
        0
176
     1
 90
        4
176
     1
 62
     7
176
     1
 62
   257
176
     1
 90
        1
176
     1
 90
        1
176
     1
 40
1.0
176
     1
 90
        8
176
     1
 62
     7
176
     1
 40
1.0
176
     1
 90
        1
176
     1
 90
        6
176
     1
 90
        2
176
     1
 62
     7
176
     1
 90
        5
176
     1
 90
        0
176
     1
 90
        0
176
     1
290
     0
176
     1
 90
        1
176
     1
 40
0.0
176
     1
 90
        0
176
     1
290
     0
176
     1
290
     1
176
     1
290
     1
176
     1
290
     0
176
     1
290
     0
176
     1
290
     0
176
     1
290
     0
176
     1
290
     0
176
     1
290
     0
176
     1
 90
       50
176
     1
 40
0.0
176
     1
 40
1.0
176
     1
 90
        0
176
     1
 62
    18
420
        0
176
     1
 90
       50
176
     1
 90
        3
176
     1
 62
     5
420
      255
176
     1
290
     0
176
     1
 90
       50
176
     1
 90
       50
176
     1
 90
       50
176
     1
290
     0
176
     1
 90
       50
176
     1
 62
   256
176
     0
 40
1.0
176
     0
 90
        2
176
     1
  1
strokes_ogs.tif
176
     1
290
     0
176
     1
 40
1.0
176
     1
 40
1.0
176
     1
  0
VISUALSTYLE
  5
69B63
102
{ACAD_REACTORS
330
69B57
102
}
330
69B57
100
AcDbVisualStyle
  2
Brighten
 70
    12
177
     3
291
     1
 70
    58
 90
        2
176
     1
 90
        2
176
     1
 90
        0
176
     1
 90
        0
176
     1
 40
0.6
176
     1
 40
30.0
176
     1
 62
     7
420
 16777215
176
     1
 90
        1
176
     1
 90
        4
176
     1
 62
     7
176
     1
 62
   257
176
     1
 90
        1
176
     1
 90
        1
176
     1
 40
1.0
176
     1
 90
        8
176
     1
 62
     7
176
     1
 40
1.0
176
     1
 90
        1
176
     1
 90
        6
176
     1
 90
        2
176
     1
 62
     7
176
     1
 90
        5
176
     1
 90
        0
176
     1
 90
        0
176
     1
290
     0
176
     1
 90
        1
176
     1
 40
50.0
176
     1
 90
        0
176
     1
290
     0
176
     1
290
     1
176
     1
290
     1
176
     1
290
     0
176
     1
290
     0
176
     1
290
     0
176
     1
290
     0
176
     1
290
     0
176
     1
290
     0
176
     1
 90
       50
176
     1
 40
0.0
176
     1
 40
1.0
176
     1
 90
        0
176
     1
 62
    18
420
        0
176
     1
 90
       50
176
     1
 90
        3
176
     1
 62
     5
420
      255
176
     1
290
     0
176
     1
 90
       50
176
     1
 90
       50
176
     1
 90
       50
176
     1
290
     0
176
     1
 90
       50
176
     1
 62
   256
176
     0
 40
1.0
176
     0
 90
        2
176
     1
  1
strokes_ogs.tif
176
     1
290
     0
176
     1
 40
1.0
176
     1
 40
1.0
176
     1
  0
VISUALSTYLE
  5
69B67
102
{ACAD_REACTORS
330
69B57
102
}
330
69B57
100
AcDbVisualStyle
  2
ColorChange
 70
    16
177
     3
291
     1
 70
    58
 90
        2
176
     1
 90
        2
176
     1
 90
        3
176
     1
 90
        0
176
     1
 40
0.6
176
     1
 40
30.0
176
     1
 62
     8
420
  8421504
176
     1
 90
        1
176
     1
 90
        4
176
     1
 62
     7
176
     1
 62
   257
176
     1
 90
        1
176
     1
 90
        1
176
     1
 40
1.0
176
     1
 90
        8
176
     1
 62
     8
420
  8421504
176
     1
 40
1.0
176
     1
 90
        1
176
     1
 90
        6
176
     1
 90
        2
176
     1
 62
     7
176
     1
 90
        5
176
     1
 90
        0
176
     1
 90
        0
176
     1
290
     0
176
     1
 90
        1
176
     1
 40
0.0
176
     1
 90
        0
176
     1
290
     0
176
     1
290
     1
176
     1
290
     1
176
     1
290
     0
176
     1
290
     0
176
     1
290
     0
176
     1
290
     0
176
     1
290
     0
176
     1
290
     0
176
     1
 90
       50
176
     1
 40
0.0
176
     1
 40
1.0
176
     1
 90
        0
176
     1
 62
    18
420
        0
176
     1
 90
       50
176
     1
 90
        3
176
     1
 62
     5
420
      255
176
     1
290
     0
176
     1
 90
       50
176
     1
 90
       50
176
     1
 90
       50
176
     1
290
     0
176
     1
 90
       50
176
     1
 62
   256
176
     0
 40
1.0
176
     0
 90
        2
176
     1
  1
strokes_ogs.tif
176
     1
290
     0
176
     1
 40
1.0
176
     1
 40
1.0
176
     1
  0
VISUALSTYLE
  5
69B60
102
{ACAD_REACTORS
330
69B57
102
}
330
69B57
100
AcDbVisualStyle
  2
Conceptual
 70
     9
177
     3
291
     0
 70
    58
 90
        3
176
     1
 90
        2
176
     1
 90
        0
176
     1
 90
        0
176
     1
 40
0.6
176
     1
 40
30.0
176
     1
 62
     7
420
 16777215
176
     1
 90
        2
176
     1
 90
        2
176
     1
 62
     7
176
     1
 62
   257
176
     1
 90
        1
176
     1
 90
        1
176
     1
 40
40.0
176
     1
 90
        8
176
     1
 62
     7
176
     1
 40
1.0
176
     1
 90
        1
176
     1
 90
        6
176
     1
 90
        2
176
     1
 62
     7
176
     1
 90
        3
176
     1
 90
        0
176
     1
 90
        0
176
     1
290
     0
176
     1
 90
        1
176
     1
 40
0.0
176
     1
 90
        0
176
     1
290
     0
176
     1
290
     1
176
     1
290
     1
176
     1
290
     0
176
     1
290
     0
176
     1
290
     0
176
     1
290
     0
176
     1
290
     0
176
     1
290
     0
176
     1
 90
       50
176
     1
 40
0.0
176
     1
 40
1.0
176
     1
 90
        0
176
     1
 62
    18
420
        0
176
     1
 90
       50
176
     1
 90
        3
176
     1
 62
     5
420
      255
176
     1
290
     0
176
     1
 90
       50
176
     1
 90
       50
176
     1
 90
       50
176
     1
290
     0
176
     1
 90
       50
176
     1
 62
   256
176
     0
 40
1.0
176
     0
 90
        2
176
     1
  1
strokes_ogs.tif
176
     1
290
     0
176
     1
 40
1.0
176
     1
 40
1.0
176
     1
  0
VISUALSTYLE
  5
69B62
102
{ACAD_REACTORS
330
69B57
102
}
330
69B57
100
AcDbVisualStyle
  2
Dim
 70
    11
177
     3
291
     1
 70
    58
 90
        2
176
     1
 90
        2
176
     1
 90
        0
176
     1
 90
        0
176
     1
 40
0.6
176
     1
 40
30.0
176
     1
 62
     7
420
 16777215
176
     1
 90
        1
176
     1
 90
        4
176
     1
 62
     7
176
     1
 62
   257
176
     1
 90
        1
176
     1
 90
        1
176
     1
 40
1.0
176
     1
 90
        8
176
     1
 62
     7
176
     1
 40
1.0
176
     1
 90
        1
176
     1
 90
        6
176
     1
 90
        2
176
     1
 62
     7
176
     1
 90
        5
176
     1
 90
        0
176
     1
 90
        0
176
     1
290
     0
176
     1
 90
        1
176
     1
 40
-50.0
176
     1
 90
        0
176
     1
290
     0
176
     1
290
     1
176
     1
290
     1
176
     1
290
     0
176
     1
290
     0
176
     1
290
     0
176
     1
290
     0
176
     1
290
     0
176
     1
290
     0
176
     1
 90
       50
176
     1
 40
0.0
176
     1
 40
1.0
176
     1
 90
        0
176
     1
 62
    18
420
        0
176
     1
 90
       50
176
     1
 90
        3
176
     1
 62
     5
420
      255
176
     1
290
     0
176
     1
 90
       50
176
     1
 90
       50
176
     1
 90
       50
176
     1
290
     0
176
     1
 90
       50
176
     1
 62
   256
176
     0
 40
1.0
176
     0
 90
        2
176
     1
  1
strokes_ogs.tif
176
     1
290
     0
176
     1
 40
1.0
176
     1
 40
1.0
176
     1
  0
VISUALSTYLE
  5
CEF35
102
{ACAD_REACTORS
330
69B57
102
}
330
69B57
100
AcDbVisualStyle
  2
EdgeColorOff
 70
    22
177
     3
291
     1
 70
    58
 90
        2
176
     0
 90
        2
176
     0
 90
        0
176
     0
 90
        0
176
     0
 40
0.6
176
     0
 40
30.0
176
     0
 62
     7
420
 16777215
176
     0
 90
        1
176
     0
 90
        4
176
     0
 62
     7
176
     0
 62
   257
176
     0
 90
        1
176
     0
 90
        1
176
     0
 40
1.0
176
     0
 90
        8
176
     2
 62
     7
176
     0
 40
1.0
176
     0
 90
        1
176
     0
 90
        6
176
     0
 90
        2
176
     0
 62
     7
176
     0
 90
        5
176
     0
 90
        0
176
     0
 90
        0
176
     0
290
     0
176
     0
 90
        1
176
     0
 40
0.0
176
     0
 90
        0
176
     0
290
     0
176
     0
290
     1
176
     0
290
     1
176
     0
290
     0
176
     0
290
     0
176
     0
290
     0
176
     0
290
     0
176
     0
290
     0
176
     0
290
     0
176
     0
 90
       50
176
     0
 40
0.0
176
     0
 40
1.0
176
     0
 90
        0
176
     0
 62
    18
420
        0
176
     0
 90
       50
176
     0
 90
        3
176
     0
 62
     5
420
      255
176
     0
290
     0
176
     0
 90
       50
176
     0
 90
       50
176
     0
 90
       50
176
     0
290
     0
176
     0
 90
       50
176
     0
 62
   256
176
     0
 40
1.0
176
     0
 90
        2
176
     0
  1
strokes_ogs.tif
176
     0
290
     0
176
     0
 40
1.0
176
     0
 40
1.0
176
     0
  0
VISUALSTYLE
  5
69B66
102
{ACAD_REACTORS
330
69B57
102
}
330
69B57
100
AcDbVisualStyle
  2
Facepattern
 70
    15
177
     3
291
     1
 70
    58
 90
        2
176
     1
 90
        2
176
     1
 90
        0
176
     1
 90
        0
176
     1
 40
0.6
176
     1
 40
30.0
176
     1
 62
     7
420
 16777215
176
     1
 90
        1
176
     1
 90
        4
176
     1
 62
     7
176
     1
 62
   257
176
     1
 90
        1
176
     1
 90
        1
176
     1
 40
1.0
176
     1
 90
        8
176
     1
 62
     7
176
     1
 40
1.0
176
     1
 90
        1
176
     1
 90
        6
176
     1
 90
        2
176
     1
 62
     7
176
     1
 90
        5
176
     1
 90
        0
176
     1
 90
        0
176
     1
290
     0
176
     1
 90
        1
176
     1
 40
0.0
176
     1
 90
        0
176
     1
290
     0
176
     1
290
     1
176
     1
290
     1
176
     1
290
     0
176
     1
290
     0
176
     1
290
     0
176
     1
290
     0
176
     1
290
     0
176
     1
290
     0
176
     1
 90
       50
176
     1
 40
0.0
176
     1
 40
1.0
176
     1
 90
        0
176
     1
 62
    18
420
        0
176
     1
 90
       50
176
     1
 90
        3
176
     1
 62
     5
420
      255
176
     1
290
     0
176
     1
 90
       50
176
     1
 90
       50
176
     1
 90
       50
176
     1
290
     0
176
     1
 90
       50
176
     1
 62
   256
176
     0
 40
1.0
176
     0
 90
        2
176
     1
  1
strokes_ogs.tif
176
     1
290
     0
176
     1
 40
1.0
176
     1
 40
1.0
176
     1
  0
VISUALSTYLE
  5
69B58
102
{ACAD_REACTORS
330
69B57
102
}
330
69B57
100
AcDbVisualStyle
  2
Flat
 70
     0
177
     3
291
     1
 70
    58
 90
        2
176
     1
 90
        1
176
     1
 90
        1
176
     1
 90
        2
176
     1
 40
0.6
176
     1
 40
30.0
176
     1
 62
     7
420
 16777215
176
     1
 90
        0
176
     1
 90
        4
176
     1
 62
     7
176
     1
 62
   257
176
     1
 90
        1
176
     1
 90
        1
176
     1
 40
1.0
176
     1
 90
        8
176
     1
 62
     7
176
     1
 40
1.0
176
     1
 90
        1
176
     1
 90
        6
176
     1
 90
        2
176
     1
 62
     7
176
     1
 90
        5
176
     1
 90
        0
176
     1
 90
        0
176
     1
290
     0
176
     1
 90
       13
176
     1
 40
0.0
176
     1
 90
        0
176
     1
290
     0
176
     1
290
     1
176
     1
290
     1
176
     1
290
     0
176
     1
290
     0
176
     1
290
     0
176
     1
290
     0
176
     1
290
     0
176
     1
290
     0
176
     1
 90
       50
176
     1
 40
0.0
176
     1
 40
1.0
176
     1
 90
        0
176
     1
 62
    18
420
        0
176
     1
 90
       50
176
     1
 90
        3
176
     1
 62
     5
420
      255
176
     1
290
     0
176
     1
 90
       50
176
     1
 90
       50
176
     1
 90
       50
176
     1
290
     0
176
     1
 90
       50
176
     1
 62
   256
176
     0
 40
1.0
176
     0
 90
        2
176
     1
  1
strokes_ogs.tif
176
     1
290
     0
176
     1
 40
1.0
176
     1
 40
1.0
176
     1
  0
VISUALSTYLE
  5
69B59
102
{ACAD_REACTORS
330
69B57
102
}
330
69B57
100
AcDbVisualStyle
  2
FlatWithEdges
 70
     1
177
     3
291
     1
 70
    58
 90
        2
176
     1
 90
        1
176
     1
 90
        1
176
     1
 90
        2
176
     1
 40
0.6
176
     1
 40
30.0
176
     1
 62
     7
420
 16777215
176
     1
 90
        1
176
     1
 90
        4
176
     1
 62
     7
176
     1
 62
   257
176
     1
 90
        1
176
     1
 90
        1
176
     1
 40
1.0
176
     1
 90
        0
176
     1
 62
   257
176
     1
 40
1.0
176
     1
 90
        1
176
     1
 90
        6
176
     1
 90
        2
176
     1
 62
     7
176
     1
 90
        5
176
     1
 90
        0
176
     1
 90
        0
176
     1
290
     0
176
     1
 90
       13
176
     1
 40
0.0
176
     1
 90
        0
176
     1
290
     0
176
     1
290
     1
176
     1
290
     1
176
     1
290
     0
176
     1
290
     0
176
     1
290
     0
176
     1
290
     0
176
     1
290
     0
176
     1
290
     0
176
     1
 90
       50
176
     1
 40
0.0
176
     1
 40
1.0
176
     1
 90
        0
176
     1
 62
    18
420
        0
176
     1
 90
       50
176
     1
 90
        3
176
     1
 62
     5
420
      255
176
     1
290
     0
176
     1
 90
       50
176
     1
 90
       50
176
     1
 90
       50
176
     1
290
     0
176
     1
 90
       50
176
     1
 62
   256
176
     0
 40
1.0
176
     0
 90
        2
176
     1
  1
strokes_ogs.tif
176
     1
290
     0
176
     1
 40
1.0
176
     1
 40
1.0
176
     1
  0
VISUALSTYLE
  5
69B5A
102
{ACAD_REACTORS
330
69B57
102
}
330
69B57
100
AcDbVisualStyle
  2
Gouraud
 70
     2
177
     3
291
     1
 70
    58
 90
        2
176
     1
 90
        2
176
     1
 90
        1
176
     1
 90
        2
176
     1
 40
0.6
176
     1
 40
30.0
176
     1
 62
     7
420
 16777215
176
     1
 90
        0
176
     1
 90
        4
176
     1
 62
     7
176
     1
 62
   257
176
     1
 90
        1
176
     1
 90
        1
176
     1
 40
1.0
176
     1
 90
        0
176
     1
 62
     7
176
     1
 40
1.0
176
     1
 90
        1
176
     1
 90
        6
176
     1
 90
        2
176
     1
 62
     7
176
     1
 90
        5
176
     1
 90
        0
176
     1
 90
        0
176
     1
290
     0
176
     1
 90
       13
176
     1
 40
0.0
176
     1
 90
        0
176
     1
290
     0
176
     1
290
     1
176
     1
290
     1
176
     1
290
     0
176
     1
290
     0
176
     1
290
     0
176
     1
290
     0
176
     1
290
     0
176
     1
290
     0
176
     1
 90
       50
176
     1
 40
0.0
176
     1
 40
1.0
176
     1
 90
        0
176
     1
 62
    18
420
        0
176
     1
 90
       50
176
     1
 90
        3
176
     1
 62
     5
420
      255
176
     1
290
     0
176
     1
 90
       50
176
     1
 90
       50
176
     1
 90
       50
176
     1
290
     0
176
     1
 90
       50
176
     1
 62
   256
176
     0
 40
1.0
176
     0
 90
        2
176
     1
  1
strokes_ogs.tif
176
     1
290
     0
176
     1
 40
1.0
176
     1
 40
1.0
176
     1
  0
VISUALSTYLE
  5
69B5B
102
{ACAD_REACTORS
330
69B57
102
}
330
69B57
100
AcDbVisualStyle
  2
GouraudWithEdges
 70
     3
177
     3
291
     1
 70
    58
 90
        2
176
     1
 90
        2
176
     1
 90
        1
176
     1
 90
        2
176
     1
 40
0.6
176
     1
 40
30.0
176
     1
 62
     7
420
 16777215
176
     1
 90
        1
176
     1
 90
        4
176
     1
 62
     7
176
     1
 62
   257
176
     1
 90
        1
176
     1
 90
        1
176
     1
 40
1.0
176
     1
 90
        0
176
     1
 62
   257
176
     1
 40
1.0
176
     1
 90
        1
176
     1
 90
        6
176
     1
 90
        2
176
     1
 62
     7
176
     1
 90
        5
176
     1
 90
        0
176
     1
 90
        0
176
     1
290
     0
176
     1
 90
       13
176
     1
 40
0.0
176
     1
 90
        0
176
     1
290
     0
176
     1
290
     1
176
     1
290
     1
176
     1
290
     0
176
     1
290
     0
176
     1
290
     0
176
     1
290
     0
176
     1
290
     0
176
     1
290
     0
176
     1
 90
       50
176
     1
 40
0.0
176
     1
 40
1.0
176
     1
 90
        0
176
     1
 62
    18
420
        0
176
     1
 90
       50
176
     1
 90
        3
176
     1
 62
     5
420
      255
176
     1
290
     0
176
     1
 90
       50
176
     1
 90
       50
176
     1
 90
       50
176
     1
290
     0
176
     1
 90
       50
176
     1
 62
   256
176
     0
 40
1.0
176
     0
 90
        2
176
     1
  1
strokes_ogs.tif
176
     1
290
     0
176
     1
 40
1.0
176
     1
 40
1.0
176
     1
  0
VISUALSTYLE
  5
CEF2D
102
{ACAD_REACTORS
330
69B57
102
}
330
69B57
100
AcDbVisualStyle
  2
Hidden
 70
     6
177
     3
291
     0
 70
    58
 90
        1
176
     1
 90
        2
176
     1
 90
        2
176
     1
 90
        0
176
     1
 40
0.6
176
     1
 40
30.0
176
     1
 62
     7
420
 16777215
176
     1
 90
        2
176
     1
 90
        2
176
     1
 62
     7
176
     1
 62
   257
176
     1
 90
        2
176
     1
 90
        1
176
     1
 40
40.0
176
     1
 90
        0
176
     1
 62
   257
176
     1
 40
1.0
176
     1
 90
        1
176
     1
 90
        6
176
     1
 90
        2
176
     1
 62
     7
176
     1
 90
        3
176
     1
 90
        0
176
     1
 90
        0
176
     1
290
     0
176
     1
 90
        1
176
     1
 40
0.0
176
     1
 90
        0
176
     1
290
     0
176
     1
290
     1
176
     1
290
     1
176
     1
290
     0
176
     1
290
     0
176
     1
290
     0
176
     1
290
     0
176
     1
290
     0
176
     1
290
     0
176
     1
 90
       50
176
     1
 40
0.0
176
     1
 40
1.0
176
     1
 90
        0
176
     1
 62
    18
420
        0
176
     1
 90
       50
176
     1
 90
        3
176
     1
 62
     5
420
      255
176
     1
290
     0
176
     1
 90
       50
176
     1
 90
       50
176
     1
 90
       50
176
     1
290
     0
176
     1
 90
       50
176
     1
 62
   256
176
     0
 40
1.0
176
     0
 90
        2
176
     1
  1
strokes_ogs.tif
176
     1
290
     0
176
     1
 40
1.0
176
     1
 40
1.0
176
     1
  0
VISUALSTYLE
  5
CEF33
102
{ACAD_REACTORS
330
69B57
102
}
330
69B57
100
AcDbVisualStyle
  2
JitterOff
 70
    20
177
     3
291
     1
 70
    58
 90
        2
176
     0
 90
        2
176
     0
 90
        0
176
     0
 90
        0
176
     0
 40
0.6
176
     0
 40
30.0
176
     0
 62
     7
420
 16777215
176
     0
 90
        1
176
     0
 90
        4
176
     0
 62
     7
176
     0
 62
   257
176
     0
 90
        1
176
     0
 90
        1
176
     0
 40
1.0
176
     0
 90
       10
176
     2
 62
     7
176
     0
 40
1.0
176
     0
 90
        1
176
     0
 90
        6
176
     0
 90
        2
176
     0
 62
     7
176
     0
 90
        5
176
     0
 90
        0
176
     0
 90
        0
176
     0
290
     0
176
     0
 90
        1
176
     0
 40
0.0
176
     0
 90
        0
176
     0
290
     0
176
     0
290
     1
176
     0
290
     1
176
     0
290
     0
176
     0
290
     0
176
     0
290
     0
176
     0
290
     0
176
     0
290
     0
176
     0
290
     0
176
     0
 90
       50
176
     0
 40
0.0
176
     0
 40
1.0
176
     0
 90
        0
176
     0
 62
    18
420
        0
176
     0
 90
       50
176
     0
 90
        3
176
     0
 62
     5
420
      255
176
     0
290
     0
176
     0
 90
       50
176
     0
 90
       50
176
     0
 90
       50
176
     0
290
     0
176
     0
 90
       50
176
     0
 62
   256
176
     0
 40
1.0
176
     0
 90
        2
176
     0
  1
strokes_ogs.tif
176
     0
290
     0
176
     0
 40
1.0
176
     0
 40
1.0
176
     0
  0
VISUALSTYLE
  5
69B65
102
{ACAD_REACTORS
330
69B57
102
}
330
69B57
100
AcDbVisualStyle
  2
Linepattern
 70
    14
177
     3
291
     1
 70
    58
 90
        2
176
     1
 90
        2
176
     1
 90
        0
176
     1
 90
        0
176
     1
 40
0.6
176
     1
 40
30.0
176
     1
 62
     7
420
 16777215
176
     1
 90
        1
176
     1
 90
        4
176
     1
 62
     7
176
     1
 62
   257
176
     1
 90
        7
176
     1
 90
        7
176
     1
 40
1.0
176
     1
 90
        8
176
     1
 62
     7
176
     1
 40
1.0
176
     1
 90
        1
176
     1
 90
        6
176
     1
 90
        2
176
     1
 62
     7
176
     1
 90
        5
176
     1
 90
        0
176
     1
 90
        0
176
     1
290
     0
176
     1
 90
        1
176
     1
 40
0.0
176
     1
 90
        0
176
     1
290
     0
176
     1
290
     1
176
     1
290
     1
176
     1
290
     0
176
     1
290
     0
176
     1
290
     0
176
     1
290
     0
176
     1
290
     0
176
     1
290
     0
176
     1
 90
       50
176
     1
 40
0.0
176
     1
 40
1.0
176
     1
 90
        0
176
     1
 62
    18
420
        0
176
     1
 90
       50
176
     1
 90
        3
176
     1
 62
     5
420
      255
176
     1
290
     0
176
     1
 90
       50
176
     1
 90
       50
176
     1
 90
       50
176
     1
290
     0
176
     1
 90
       50
176
     1
 62
   256
176
     0
 40
1.0
176
     0
 90
        2
176
     1
  1
strokes_ogs.tif
176
     1
290
     0
176
     1
 40
1.0
176
     1
 40
1.0
176
     1
  0
VISUALSTYLE
  5
CEF34
102
{ACAD_REACTORS
330
69B57
102
}
330
69B57
100
AcDbVisualStyle
  2
OverhangOff
 70
    21
177
     3
291
     1
 70
    58
 90
        2
176
     0
 90
        2
176
     0
 90
        0
176
     0
 90
        0
176
     0
 40
0.6
176
     0
 40
30.0
176
     0
 62
     7
420
 16777215
176
     0
 90
        1
176
     0
 90
        4
176
     0
 62
     7
176
     0
 62
   257
176
     0
 90
        1
176
     0
 90
        1
176
     0
 40
1.0
176
     0
 90
        9
176
     2
 62
     7
176
     0
 40
1.0
176
     0
 90
        1
176
     0
 90
        6
176
     0
 90
        2
176
     0
 62
     7
176
     0
 90
        5
176
     0
 90
        0
176
     0
 90
        0
176
     0
290
     0
176
     0
 90
        1
176
     0
 40
0.0
176
     0
 90
        0
176
     0
290
     0
176
     0
290
     1
176
     0
290
     1
176
     0
290
     0
176
     0
290
     0
176
     0
290
     0
176
     0
290
     0
176
     0
290
     0
176
     0
290
     0
176
     0
 90
       50
176
     0
 40
0.0
176
     0
 40
1.0
176
     0
 90
        0
176
     0
 62
    18
420
        0
176
     0
 90
       50
176
     0
 90
        3
176
     0
 62
     5
420
      255
176
     0
290
     0
176
     0
 90
       50
176
     0
 90
       50
176
     0
 90
       50
176
     0
290
     0
176
     0
 90
       50
176
     0
 62
   256
176
     0
 40
1.0
176
     0
 90
        2
176
     0
  1
strokes_ogs.tif
176
     0
290
     0
176
     0
 40
1.0
176
     0
 40
1.0
176
     0
  0
VISUALSTYLE
  5
69B61
102
{ACAD_REACTORS
330
69B57
102
}
330
69B57
100
AcDbVisualStyle
  2
Realistic
 70
     8
177
     3
291
     0
 70
    58
 90
        2
176
     1
 90
        2
176
     1
 90
        0
176
     1
 90
        0
176
     1
 40
0.6
176
     1
 40
30.0
176
     1
 62
     7
420
 16777215
176
     1
 90
        1
176
     1
 90
        0
176
     1
 62
     7
176
     1
 62
   257
176
     1
 90
        1
176
     1
 90
        1
176
     1
 40
1.0
176
     1
 90
        8
176
     1
 62
     8
420
  7895160
176
     1
 40
1.0
176
     1
 90
        1
176
     1
 90
        6
176
     1
 90
        2
176
     1
 62
     7
176
     1
 90
        5
176
     1
 90
        0
176
     1
 90
        0
176
     1
290
     0
176
     1
 90
       13
176
     1
 40
0.0
176
     1
 90
        0
176
     1
290
     0
176
     1
290
     1
176
     1
290
     1
176
     1
290
     0
176
     1
290
     0
176
     1
290
     0
176
     1
290
     0
176
     1
290
     0
176
     1
290
     0
176
     1
 90
       50
176
     1
 40
0.0
176
     1
 40
1.0
176
     1
 90
        0
176
     1
 62
    18
420
        0
176
     1
 90
       50
176
     1
 90
        3
176
     1
 62
     5
420
      255
176
     1
290
     0
176
     1
 90
       50
176
     1
 90
       50
176
     1
 90
       50
176
     1
290
     0
176
     1
 90
       50
176
     1
 62
   256
176
     0
 40
1.0
176
     0
 90
        2
176
     1
  1
strokes_ogs.tif
176
     1
290
     0
176
     1
 40
1.0
176
     1
 40
1.0
176
     1
  0
VISUALSTYLE
  5
CEF32
102
{ACAD_REACTORS
330
69B57
102
}
330
69B57
100
AcDbVisualStyle
  2
Shaded
 70
    27
177
     3
291
     0
 70
    58
 90
        2
176
     1
 90
        2
176
     1
 90
        1
176
     1
 90
        2
176
     1
 40
0.6
176
     1
 40
30.0
176
     1
 62
     7
420
 16777215
176
     1
 90
        0
176
     1
 90
        4
176
     1
 62
     7
176
     1
 62
   257
176
     1
 90
        1
176
     1
 90
        1
176
     1
 40
1.0
176
     1
 90
        8
176
     1
 62
   257
176
     1
 40
1.0
176
     1
 90
        1
176
     1
 90
        6
176
     1
 90
        2
176
     1
 62
     8
420
  7895160
176
     1
 90
        3
176
     1
 90
        0
176
     1
 90
        0
176
     1
290
     0
176
     1
 90
        5
176
     1
 40
0.0
176
     1
 90
        0
176
     1
290
     0
176
     1
290
     1
176
     1
290
     1
176
     1
290
     0
176
     1
290
     0
176
     1
290
     0
176
     1
290
     0
176
     1
290
     0
176
     1
290
     0
176
     1
 90
       50
176
     1
 40
0.0
176
     1
 40
1.0
176
     1
 90
        0
176
     1
 62
    18
420
        0
176
     1
 90
       50
176
     1
 90
        3
176
     1
 62
     5
420
      255
176
     1
290
     0
176
     1
 90
       50
176
     1
 90
       50
176
     1
 90
       50
176
     1
290
     0
176
     1
 90
       50
176
     1
 62
   256
176
     0
 40
1.0
176
     0
 90
        2
176
     1
  1
strokes_ogs.tif
176
     1
290
     0
176
     1
 40
1.0
176
     1
 40
1.0
176
     1
  0
VISUALSTYLE
  5
CEF31
102
{ACAD_REACTORS
330
69B57
102
}
330
69B57
100
AcDbVisualStyle
  2
Shaded with edges
 70
    26
177
     3
291
     0
 70
    58
 90
        2
176
     1
 90
        2
176
     1
 90
        1
176
     1
 90
        2
176
     1
 40
0.6
176
     1
 40
30.0
176
     1
 62
     7
420
 16777215
176
     1
 90
        1
176
     1
 90
       10
176
     1
 62
     7
176
     1
 62
   257
176
     1
 90
        2
176
     1
 90
        1
176
     1
 40
1.0
176
     1
 90
        8
176
     1
 62
   257
176
     1
 40
1.0
176
     1
 90
        1
176
     1
 90
        6
176
     1
 90
        2
176
     1
 62
     7
176
     1
 90
        3
176
     1
 90
        0
176
     1
 90
        0
176
     1
290
     0
176
     1
 90
        5
176
     1
 40
0.0
176
     1
 90
        0
176
     1
290
     0
176
     1
290
     1
176
     1
290
     1
176
     1
290
     0
176
     1
290
     0
176
     1
290
     0
176
     1
290
     0
176
     1
290
     0
176
     1
290
     0
176
     1
 90
       50
176
     1
 40
0.0
176
     1
 40
1.0
176
     1
 90
        0
176
     1
 62
    18
420
        0
176
     1
 90
       50
176
     1
 90
        3
176
     1
 62
     5
420
      255
176
     1
290
     0
176
     1
 90
       50
176
     1
 90
       50
176
     1
 90
       50
176
     1
290
     0
176
     1
 90
       50
176
     1
 62
   256
176
     0
 40
1.0
176
     0
 90
        2
176
     1
  1
strokes_ogs.tif
176
     1
290
     0
176
     1
 40
1.0
176
     1
 40
1.0
176
     1
  0
VISUALSTYLE
  5
CEF2E
102
{ACAD_REACTORS
330
69B57
102
}
330
69B57
100
AcDbVisualStyle
  2
Shades of Gray
 70
    23
177
     3
291
     0
 70
    58
 90
        2
176
     1
 90
        2
176
     1
 90
        3
176
     1
 90
        0
176
     1
 40
0.6
176
     1
 40
30.0
176
     1
 62
     7
420
 16777215
176
     1
 90
        2
176
     1
 90
        2
176
     1
 62
     7
176
     1
 62
     7
176
     1
 90
        1
176
     1
 90
        1
176
     1
 40
40.0
176
     1
 90
        8
176
     1
 62
     7
176
     1
 40
1.0
176
     1
 90
        1
176
     1
 90
        6
176
     1
 90
        2
176
     1
 62
     7
176
     1
 90
        3
176
     1
 90
        0
176
     1
 90
        0
176
     1
290
     0
176
     1
 90
        1
176
     1
 40
0.0
176
     1
 90
        0
176
     1
290
     0
176
     1
290
     1
176
     1
290
     1
176
     1
290
     0
176
     1
290
     0
176
     1
290
     0
176
     1
290
     0
176
     1
290
     0
176
     1
290
     0
176
     1
 90
       50
176
     1
 40
0.0
176
     1
 40
1.0
176
     1
 90
        0
176
     1
 62
    18
420
        0
176
     1
 90
       50
176
     1
 90
        3
176
     1
 62
     5
420
      255
176
     1
290
     0
176
     1
 90
       50
176
     1
 90
       50
176
     1
 90
       50
176
     1
290
     0
176
     1
 90
       50
176
     1
 62
   256
176
     0
 40
1.0
176
     0
 90
        2
176
     1
  1
strokes_ogs.tif
176
     1
290
     0
176
     1
 40
1.0
176
     1
 40
1.0
176
     1
  0
VISUALSTYLE
  5
CEF2F
102
{ACAD_REACTORS
330
69B57
102
}
330
69B57
100
AcDbVisualStyle
  2
Sketchy
 70
    24
177
     3
291
     0
 70
    58
 90
        1
176
     1
 90
        2
176
     1
 90
        2
176
     1
 90
        0
176
     1
 40
0.6
176
     1
 40
30.0
176
     1
 62
     7
420
 16777215
176
     1
 90
        2
176
     1
 90
        2
176
     1
 62
     7
176
     1
 62
     7
176
     1
 90
        1
176
     1
 90
        1
176
     1
 40
40.0
176
     1
 90
       11
176
     1
 62
     7
176
     1
 40
1.0
176
     1
 90
        1
176
     1
 90
        6
176
     1
 90
        2
176
     1
 62
     7
176
     1
 90
        6
176
     1
 90
        0
176
     1
 90
        0
176
     1
290
     0
176
     1
 90
        1
176
     1
 40
0.0
176
     1
 90
        0
176
     1
290
     0
176
     1
290
     1
176
     1
290
     1
176
     1
290
     0
176
     1
290
     0
176
     1
290
     0
176
     1
290
     0
176
     1
290
     0
176
     1
290
     0
176
     1
 90
       50
176
     1
 40
0.0
176
     1
 40
1.0
176
     1
 90
        0
176
     1
 62
    18
420
        0
176
     1
 90
       50
176
     1
 90
        3
176
     1
 62
     5
420
      255
176
     1
290
     0
176
     1
 90
       50
176
     1
 90
       50
176
     1
 90
       50
176
     1
290
     0
176
     1
 90
       50
176
     1
 62
   256
176
     0
 40
1.0
176
     0
 90
        2
176
     1
  1
strokes_ogs.tif
176
     1
290
     0
176
     1
 40
1.0
176
     1
 40
1.0
176
     1
  0
VISUALSTYLE
  5
69B64
102
{ACAD_REACTORS
330
69B57
102
}
330
69B57
100
AcDbVisualStyle
  2
Thicken
 70
    13
177
     3
291
     1
 70
    58
 90
        2
176
     1
 90
        2
176
     1
 90
        0
176
     1
 90
        0
176
     1
 40
0.6
176
     1
 40
30.0
176
     1
 62
     7
420
 16777215
176
     1
 90
        1
176
     1
 90
        4
176
     1
 62
     7
176
     1
 62
   257
176
     1
 90
        1
176
     1
 90
        1
176
     1
 40
1.0
176
     1
 90
       12
176
     1
 62
     7
176
     1
 40
1.0
176
     1
 90
        1
176
     1
 90
        6
176
     1
 90
        2
176
     1
 62
     7
176
     1
 90
        5
176
     1
 90
        0
176
     1
 90
        0
176
     1
290
     0
176
     1
 90
        1
176
     1
 40
0.0
176
     1
 90
        0
176
     1
290
     0
176
     1
290
     1
176
     1
290
     1
176
     1
290
     0
176
     1
290
     0
176
     1
290
     0
176
     1
290
     0
176
     1
290
     0
176
     1
290
     0
176
     1
 90
       50
176
     1
 40
0.0
176
     1
 40
1.0
176
     1
 90
        0
176
     1
 62
    18
420
        0
176
     1
 90
       50
176
     1
 90
        3
176
     1
 62
     5
420
      255
176
     1
290
     0
176
     1
 90
       50
176
     1
 90
       50
176
     1
 90
       50
176
     1
290
     0
176
     1
 90
       50
176
     1
 62
   256
176
     0
 40
1.0
176
     0
 90
        2
176
     1
  1
strokes_ogs.tif
176
     1
290
     0
176
     1
 40
1.0
176
     1
 40
1.0
176
     1
  0
VISUALSTYLE
  5
CEF2C
102
{ACAD_REACTORS
330
69B57
102
}
330
69B57
100
AcDbVisualStyle
  2
Wireframe
 70
     5
177
     3
291
     0
 70
    58
 90
        0
176
     1
 90
        2
176
     1
 90
        0
176
     1
 90
        0
176
     1
 40
0.6
176
     1
 40
30.0
176
     1
 62
     7
420
 16777215
176
     1
 90
        1
176
     1
 90
        4
176
     1
 62
     7
176
     1
 62
   257
176
     1
 90
        1
176
     1
 90
        1
176
     1
 40
1.0
176
     1
 90
        0
176
     1
 62
   257
176
     1
 40
1.0
176
     1
 90
        1
176
     1
 90
        6
176
     1
 90
        2
176
     1
 62
     7
176
     1
 90
        3
176
     1
 90
        0
176
     1
 90
        0
176
     1
290
     0
176
     1
 90
        1
176
     1
 40
0.0
176
     1
 90
        0
176
     1
290
     0
176
     1
290
     1
176
     1
290
     1
176
     1
290
     0
176
     1
290
     0
176
     1
290
     0
176
     1
290
     0
176
     1
290
     0
176
     1
290
     0
176
     1
 90
       50
176
     1
 40
0.0
176
     1
 40
1.0
176
     1
 90
        0
176
     1
 62
    18
420
        0
176
     1
 90
       50
176
     1
 90
        3
176
     1
 62
     5
420
      255
176
     1
290
     0
176
     1
 90
       50
176
     1
 90
       50
176
     1
 90
       50
176
     1
290
     0
176
     1
 90
       50
176
     1
 62
   256
176
     0
 40
1.0
176
     0
 90
        2
176
     1
  1
strokes_ogs.tif
176
     1
290
     0
176
     1
 40
1.0
176
     1
 40
1.0
176
     1
  0
VISUALSTYLE
  5
CEF30
102
{ACAD_REACTORS
330
69B57
102
}
330
69B57
100
AcDbVisualStyle
  2
X-Ray
 70
    25
177
     3
291
     0
 70
    58
 90
        2
176
     1
 90
        2
176
     1
 90
        1
176
     1
 90
        1
176
     1
 40
0.5
176
     1
 40
30.0
176
     1
 62
     7
420
 16777215
176
     1
 90
        1
176
     1
 90
        0
176
     1
 62
     7
176
     1
 62
   257
176
     1
 90
        1
176
     1
 90
        1
176
     1
 40
1.0
176
     1
 90
        8
176
     1
 62
     7
176
     1
 40
1.0
176
     1
 90
        1
176
     1
 90
        6
176
     1
 90
        2
176
     1
 62
     7
176
     1
 90
        3
176
     1
 90
        0
176
     1
 90
        0
176
     1
290
     0
176
     1
 90
       13
176
     1
 40
0.0
176
     1
 90
        0
176
     1
290
     0
176
     1
290
     1
176
     1
290
     1
176
     1
290
     0
176
     1
290
     0
176
     1
290
     0
176
     1
290
     0
176
     1
290
     0
176
     1
290
     0
176
     1
 90
       50
176
     1
 40
0.0
176
     1
 40
1.0
176
     1
 90
        0
176
     1
 62
    18
420
        0
176
     1
 90
       50
176
     1
 90
        3
176
     1
 62
     5
420
      255
176
     1
290
     0
176
     1
 90
       50
176
     1
 90
       50
176
     1
 90
       50
176
     1
290
     0
176
     1
 90
       50
176
     1
 62
   256
176
     0
 40
1.0
176
     0
 90
        2
176
     1
  1
strokes_ogs.tif
176
     1
290
     0
176
     1
 40
1.0
176
     1
 40
1.0
176
     1
  0
DICTIONARYVAR
  5
69C79
102
{ACAD_REACTORS
330
7116
102
}
330
7116
100
DictionaryVariables
280
     0
  1
1:1
  0
DICTIONARYVAR
  5
69C77
102
{ACAD_REACTORS
330
7116
102
}
330
7116
100
DictionaryVariables
280
     0
  1
Standard
  0
DICTIONARYVAR
  5
69C76
102
{ACAD_REACTORS
330
7116
102
}
330
7116
100
DictionaryVariables
280
     0
  1
Standard
  0
DICTIONARYVAR
  5
CEF77
102
{ACAD_REACTORS
330
7116
102
}
330
7116
100
DictionaryVariables
280
     0
  1
Imperial24
  0
DICTIONARYVAR
  5
CEF78
102
{ACAD_REACTORS
330
7116
102
}
330
7116
100
DictionaryVariables
280
     0
  1
Imperial24
  0
DICTIONARYVAR
  5
C6B9
102
{ACAD_REACTORS
330
7116
102
}
330
7116
100
DictionaryVariables
280
     0
  1
2
  0
DICTIONARYVAR
  5
7118
102
{ACAD_REACTORS
330
7116
102
}
330
7116
100
DictionaryVariables
280
     0
  1
1
  0
DICTIONARYVAR
  5
7117
102
{ACAD_REACTORS
330
7116
102
}
330
7116
100
DictionaryVariables
280
     0
  1
1
  0
DICTIONARYVAR
  5
CEF79
102
{ACAD_REACTORS
330
7116
102
}
330
7116
100
DictionaryVariables
280
     0
  1
1
  0
DICTIONARYVAR
  5
CEF7A
102
{ACAD_REACTORS
330
7116
102
}
330
7116
100
DictionaryVariables
280
     0
  1
15
  0
DICTIONARYVAR
  5
69C7A
102
{ACAD_REACTORS
330
7116
102
}
330
7116
100
DictionaryVariables
280
     0
  1
2
  0
DICTIONARYVAR
  5
69C78
102
{ACAD_REACTORS
330
7116
102
}
330
7116
100
DictionaryVariables
280
     0
  1
0
  0
DICTIONARYVAR
  5
7119
102
{ACAD_REACTORS
330
7116
102
}
330
7116
100
DictionaryVariables
280
     0
  1

  0
DICTIONARYVAR
  5
1243F
102
{ACAD_REACTORS
330
7116
102
}
330
7116
100
DictionaryVariables
280
     0
  1
96
  0
XRECORD
  5
CEF67
102
{ACAD_REACTORS
330
CEF66
102
}
330
CEF66
100
AcDbXrecord
280
     1
330
C55F3
330
C55F6
330
C55F9
330
C55FC
330
C55FF
330
C560C
330
C560F
330
C5614
330
C5617
330
C5629
330
7AF30
330
7AF31
330
C56A0
330
C56A1
330
C56A2
330
C56A6
330
C56BB
330
C56BC
330
C56BD
330
C5747
330
C574A
330
C574D
330
C5750
330
C5753
330
C5759
330
C5881
330
C5884
330
C5887
330
C588A
330
C5A06
330
C5AE7
330
C5AEA
330
C5AED
330
C5AF0
330
C5AFA
330
C5AFD
330
C5B00
330
C5B03
330
C5B31
330
C5B33
330
C6E0F
330
C6E11
330
C6E13
330
C6E15
330
C6E17
330
C6E19
330
C6E1B
330
C6E1D
330
C6E1F
330
C6E21
330
C6E23
330
C6E25
330
C6E32
330
C6E34
330
7109
330
710A
330
5BB0
330
62E0
330
62E1
330
62E2
330
62E3
330
62E4
330
62E5
330
62E6
330
62E7
330
62E8
330
62E9
330
62EA
330
62EB
330
62EC
330
62ED
330
62EE
330
62EF
330
62F0
330
62F1
330
62F2
330
62F3
330
62F4
330
62F5
330
62F6
330
62F7
330
62F8
330
62F9
330
62FA
330
62FB
330
62FC
330
62FD
330
62FE
330
62FF
330
6300
330
6301
330
6302
330
6303
330
6304
330
6305
330
6306
330
6307
330
6308
330
6309
330
630A
330
630B
330
630C
330
630D
330
630E
330
630F
330
6310
330
6311
330
6312
330
6313
330
6314
330
6315
330
6316
330
6317
330
6318
330
6319
330
631A
330
631B
330
631C
330
631D
330
631E
330
631F
330
6320
330
6321
330
6322
330
6323
330
6324
330
6325
330
6326
330
6327
330
6328
330
6329
330
632A
330
632B
330
632C
330
632D
330
632E
330
632F
330
6330
330
6331
330
6332
330
6333
330
6334
330
6335
330
6336
330
6337
330
6338
330
6339
330
633A
330
633B
330
633C
330
633D
330
633E
330
633F
330
6340
330
6341
330
6342
330
6343
330
6344
330
6345
330
6346
330
6347
330
6348
330
6349
330
634A
330
634B
330
634C
330
634D
330
634E
330
634F
330
6350
330
6351
330
6352
330
6353
330
6354
330
6355
330
6356
330
6357
330
6358
330
6359
330
635A
330
635B
330
635C
330
635D
330
635E
330
635F
330
6360
330
6361
330
6362
330
6363
330
6364
330
6365
330
6366
330
6367
330
62D1
330
62D2
330
62D3
330
62D4
330
62D5
330
62D6
330
62D7
330
62D8
330
62D9
330
62DA
330
62DB
330
62DC
330
62DD
330
62DE
330
62DF
330
ACA30
330
0
330
BA54B
330
BA54C
330
0
330
CD20F
330
CD210
330
CD218
330
CD219
330
CD221
330
CD222
330
CD22A
330
CD22B
330
CD235
330
CD236
330
CD240
330
CD241
330
CD249
330
CD24A
330
CD262
330
CD263
330
CD8C5
330
CD8C6
330
CD1B1
330
CD1B2
330
CD1BA
330
CD1BB
330
CD1C3
330
CD1C4
330
CD1CC
330
CD1CD
330
CD1D7
330
CD1D8
330
CD1E2
330
CD1E3
330
CD1EB
330
CD1EC
330
CD1F2
330
CD1F3
330
CDC59
330
CDC5A
330
0
330
0
330
0
330
0
330
0
330
0
330
0
330
0
330
0
330
0
330
0
330
0
330
0
330
0
330
0
330
0
330
0
330
0
330
0
330
0
330
0
330
0
330
0
330
0
330
0
330
0
330
0
330
0
330
0
330
0
330
0
330
0
330
0
330
0
330
0
330
0
330
0
330
0
330
0
330
0
330
0
330
0
330
0
330
0
330
0
330
0
330
0
330
0
330
0
330
0
330
0
330
0
330
0
330
0
330
0
330
0
330
0
330
0
330
0
330
0
330
0
330
0
330
0
330
0
330
0
330
0
330
0
330
0
330
0
330
0
330
0
330
0
330
0
330
0
330
0
330
0
330
0
330
0
330
0
330
0
330
0
330
0
330
0
330
0
330
0
330
0
330
0
330
0
330
0
330
0
330
0
330
0
330
0
330
0
330
0
330
0
330
0
330
0
330
0
330
0
330
0
330
0
330
0
330
0
330
0
330
0
330
0
330
0
330
0
330
0
330
0
330
0
330
0
330
0
330
0
330
0
330
0
330
0
330
0
330
0
330
0
330
0
330
0
330
0
330
0
330
0
330
0
330
0
330
0
330
0
330
0
330
0
330
0
330
0
330
0
330
0
330
0
330
0
330
0
330
0
330
0
330
0
330
0
330
0
330
0
330
0
330
0
330
0
330
0
330
0
330
0
330
0
330
0
330
0
330
0
330
0
330
0
330
0
330
0
330
0
330
0
330
0
330
0
330
0
330
0
330
0
330
0
330
0
330
0
330
0
330
0
330
0
330
0
330
0
330
0
330
0
330
0
330
0
330
0
330
0
330
0
330
0
330
0
330
0
330
0
330
0
330
0
330
0
330
0
330
0
330
0
330
0
330
0
330
0
330
0
330
0
330
0
330
0
330
0
330
0
330
0
330
0
330
0
330
0
330
0
330
0
330
0
330
0
330
0
330
0
330
0
330
0
330
0
330
0
330
0
330
0
330
0
330
0
330
0
330
0
330
0
330
0
330
0
330
0
330
0
330
0
330
0
330
0
330
0
330
0
330
0
330
0
330
0
330
0
330
0
330
0
  0
DICTIONARY
  5
CF15D
102
{ACAD_REACTORS
330
CF15C
102
}
330
CF15C
100
AcDbDictionary
281
     1
  3
BIGFONT
350
CF15E
  3
DESFILE
350
CF160
  3
ORIFILE
350
CF15F
  0
DICTIONARY
  5
CF161
102
{ACAD_REACTORS
330
CF15C
102
}
330
CF15C
100
AcDbDictionary
281
     1
  3
BIGFONT
350
CF162
  3
DESFILE
350
CF164
  3
ORIFILE
350
CF163
  0
BLOCKBASEPOINTPARAMETER
  5
ACA2D
330
ACA2C
100
AcDbEvalExpr
 90
        1
 98
       31
 99
       55
100
AcDbBlockElement
300
基点
 98
       27
 99
        1
1071
        0
100
AcDbBlockParameter
280
     1
281
     0
100
AcDbBlock1PtParameter
1010
220849.8591496807
1020
25273.47272016923
1030
0.0
 93
        0
170
     0
171
     0
100
AcDbBlockBasepointParameter
1011
0.0
1021
0.0
1031
0.0
1012
0.0
1022
0.0
1032
0.0
  0
DICTIONARY
  5
CEF74
330
CEF39
100
AcDbDictionary
280
     1
281
     1
  0
DICTIONARY
  5
CDAE9
330
12
100
AcDbDictionary
280
     1
281
     1
  0
DICTIONARY
  5
CEF72
330
CEF37
100
AcDbDictionary
280
     1
281
     1
  0
DICTIONARY
  5
CF16A
330
69B69
100
AcDbDictionary
280
     1
281
     1
  3
ACAD_ROUNDTRIP_2008_TABLESTYLE_CELLSTYLEMAP
360
CF16B
  0
DICTIONARYVAR
  5
CF15E
102
{ACAD_REACTORS
330
CF15D
102
}
330
CF15D
100
DictionaryVariables
280
     0
  1
1
  0
DICTIONARYVAR
  5
CF160
102
{ACAD_REACTORS
330
CF15D
102
}
330
CF15D
100
DictionaryVariables
280
     0
  1
AllInOneBig.shx
  0
DICTIONARYVAR
  5
CF15F
102
{ACAD_REACTORS
330
CF15D
102
}
330
CF15D
100
DictionaryVariables
280
     0
  1
fs.shx
  0
DICTIONARYVAR
  5
CF162
102
{ACAD_REACTORS
330
CF161
102
}
330
CF161
100
DictionaryVariables
280
     0
  1
1
  0
DICTIONARYVAR
  5
CF164
102
{ACAD_REACTORS
330
CF161
102
}
330
CF161
100
DictionaryVariables
280
     0
  1
AllInOneBig.shx
  0
DICTIONARYVAR
  5
CF163
102
{ACAD_REACTORS
330
CF161
102
}
330
CF161
100
DictionaryVariables
280
     0
  1
c.shx
  0
CELLSTYLEMAP
  5
CF16B
102
{ACAD_REACTORS
330
CF16A
102
}
330
CF16A
100
AcDbCellStyleMap
 90
        3
300
CELLSTYLE
  1
TABLEFORMAT_BEGIN
 90
        5
170
     1
 91
        0
 92
    32768
 62
   257
 93
        1
300
CONTENTFORMAT
  1
CONTENTFORMAT_BEGIN
 90
        0
 91
        0
 92
      512
 93
        0
300

 40
0.0
140
1.0
 94
        5
 62
     0
340
18
144
0.25
309
CONTENTFORMAT_END
171
     1
301
MARGIN
  1
CELLMARGIN_BEGIN
 40
0.06
 40
0.06
 40
0.06
 40
0.06
 40
0.18
 40
0.18
309
CELLMARGIN_END
 94
        6
 95
        1
302
GRIDFORMAT
  1
GRIDFORMAT_BEGIN
 90
        0
 91
        1
 62
     0
 92
       -2
340
0
 93
        0
 40
0.045
309
GRIDFORMAT_END
 95
        2
302
GRIDFORMAT
  1
GRIDFORMAT_BEGIN
 90
        0
 91
        1
 62
     0
 92
       -2
340
0
 93
        0
 40
0.045
309
GRIDFORMAT_END
 95
        4
302
GRIDFORMAT
  1
GRIDFORMAT_BEGIN
 90
        0
 91
        1
 62
     0
 92
       -2
340
0
 93
        0
 40
0.045
309
GRIDFORMAT_END
 95
        8
302
GRIDFORMAT
  1
GRIDFORMAT_BEGIN
 90
        0
 91
        1
 62
     0
 92
       -2
340
0
 93
        0
 40
0.045
309
GRIDFORMAT_END
 95
       16
302
GRIDFORMAT
  1
GRIDFORMAT_BEGIN
 90
        0
 91
        1
 62
     0
 92
       -2
340
0
 93
        0
 40
0.045
309
GRIDFORMAT_END
 95
       32
302
GRIDFORMAT
  1
GRIDFORMAT_BEGIN
 90
        0
 91
        1
 62
     0
 92
       -2
340
0
 93
        0
 40
0.045
309
GRIDFORMAT_END
309
TABLEFORMAT_END
  1
CELLSTYLE_BEGIN
 90
        1
 91
        1
300
_TITLE
309
CELLSTYLE_END
300
CELLSTYLE
  1
TABLEFORMAT_BEGIN
 90
        5
170
     1
 91
        0
 92
        0
 62
   257
 93
        1
300
CONTENTFORMAT
  1
CONTENTFORMAT_BEGIN
 90
        0
 91
        0
 92
      512
 93
        0
300

 40
0.0
140
1.0
 94
        5
 62
     0
340
18
144
0.18
309
CONTENTFORMAT_END
171
     1
301
MARGIN
  1
CELLMARGIN_BEGIN
 40
0.06
 40
0.06
 40
0.06
 40
0.06
 40
0.18
 40
0.18
309
CELLMARGIN_END
 94
        6
 95
        1
302
GRIDFORMAT
  1
GRIDFORMAT_BEGIN
 90
        0
 91
        1
 62
     0
 92
       -2
340
0
 93
        0
 40
0.045
309
GRIDFORMAT_END
 95
        2
302
GRIDFORMAT
  1
GRIDFORMAT_BEGIN
 90
        0
 91
        1
 62
     0
 92
       -2
340
0
 93
        0
 40
0.045
309
GRIDFORMAT_END
 95
        4
302
GRIDFORMAT
  1
GRIDFORMAT_BEGIN
 90
        0
 91
        1
 62
     0
 92
       -2
340
0
 93
        0
 40
0.045
309
GRIDFORMAT_END
 95
        8
302
GRIDFORMAT
  1
GRIDFORMAT_BEGIN
 90
        0
 91
        1
 62
     0
 92
       -2
340
0
 93
        0
 40
0.045
309
GRIDFORMAT_END
 95
       16
302
GRIDFORMAT
  1
GRIDFORMAT_BEGIN
 90
        0
 91
        1
 62
     0
 92
       -2
340
0
 93
        0
 40
0.045
309
GRIDFORMAT_END
 95
       32
302
GRIDFORMAT
  1
GRIDFORMAT_BEGIN
 90
        0
 91
        1
 62
     0
 92
       -2
340
0
 93
        0
 40
0.045
309
GRIDFORMAT_END
309
TABLEFORMAT_END
  1
CELLSTYLE_BEGIN
 90
        2
 91
        1
300
_HEADER
309
CELLSTYLE_END
300
CELLSTYLE
  1
TABLEFORMAT_BEGIN
 90
        5
170
     1
 91
        0
 92
        0
 62
   257
 93
        1
300
CONTENTFORMAT
  1
CONTENTFORMAT_BEGIN
 90
        0
 91
        0
 92
      512
 93
        0
300

 40
0.0
140
1.0
 94
        2
 62
     0
340
18
144
0.18
309
CONTENTFORMAT_END
171
     1
301
MARGIN
  1
CELLMARGIN_BEGIN
 40
0.06
 40
0.06
 40
0.06
 40
0.06
 40
0.18
 40
0.18
309
CELLMARGIN_END
 94
        6
 95
        1
302
GRIDFORMAT
  1
GRIDFORMAT_BEGIN
 90
        0
 91
        1
 62
     0
 92
       -2
340
0
 93
        0
 40
0.045
309
GRIDFORMAT_END
 95
        2
302
GRIDFORMAT
  1
GRIDFORMAT_BEGIN
 90
        0
 91
        1
 62
     0
 92
       -2
340
0
 93
        0
 40
0.045
309
GRIDFORMAT_END
 95
        4
302
GRIDFORMAT
  1
GRIDFORMAT_BEGIN
 90
        0
 91
        1
 62
     0
 92
       -2
340
0
 93
        0
 40
0.045
309
GRIDFORMAT_END
 95
        8
302
GRIDFORMAT
  1
GRIDFORMAT_BEGIN
 90
        0
 91
        1
 62
     0
 92
       -2
340
0
 93
        0
 40
0.045
309
GRIDFORMAT_END
 95
       16
302
GRIDFORMAT
  1
GRIDFORMAT_BEGIN
 90
        0
 91
        1
 62
     0
 92
       -2
340
0
 93
        0
 40
0.045
309
GRIDFORMAT_END
 95
       32
302
GRIDFORMAT
  1
GRIDFORMAT_BEGIN
 90
        0
 91
        1
 62
     0
 92
       -2
340
0
 93
        0
 40
0.045
309
GRIDFORMAT_END
309
TABLEFORMAT_END
  1
CELLSTYLE_BEGIN
 90
        3
 91
        2
300
_DATA
309
CELLSTYLE_END
  0
ENDSEC
  0
SECTION
  2
ACDSDATA
 70
     2
 71
     2
  0
ACDSSCHEMA
 90
        0
  1
AcDb_Thumbnail_Schema
  2
AcDbDs::ID
280
    10
 91
        8
  2
Thumbnail_Data
280
    15
 91
        0
101
ACDSRECORD
 95
        0
 90
        2
  2
AcDbDs::TreatedAsObjectData
280
     1
291
     1
101
ACDSRECORD
 95
        0
 90
        3
  2
AcDbDs::Legacy
280
     1
291
     1
101
ACDSRECORD
  1
AcDbDs::ID
 90
        4
  2
AcDs:Indexable
280
     1
291
     1
101
ACDSRECORD
  1
AcDbDs::ID
 90
        5
  2
AcDbDs::HandleAttribute
280
     7
282
     1
  0
ACDSSCHEMA
 90
        1
  1
AcDb3DSolid_ASM_Data
  2
AcDbDs::ID
280
    10
 91
        8
  2
ASM_Data
280
    15
 91
        0
101
ACDSRECORD
 95
        1
 90
        2
  2
AcDbDs::TreatedAsObjectData
280
     1
291
     1
101
ACDSRECORD
 95
        1
 90
        3
  2
AcDbDs::Legacy
280
     1
291
     1
101
ACDSRECORD
  1
AcDbDs::ID
 90
        4
  2
AcDs:Indexable
280
     1
291
     1
101
ACDSRECORD
  1
AcDbDs::ID
 90
        5
  2
AcDbDs::HandleAttribute
280
     7
282
     1
  0
ACDSSCHEMA
 90
        2
  1
AcDbDs::TreatedAsObjectDataSchema
  2
AcDbDs::TreatedAsObjectData
280
     1
 91
        0
  0
ACDSSCHEMA
 90
        3
  1
AcDbDs::LegacySchema
  2
AcDbDs::Legacy
280
     1
 91
        0
  0
ACDSSCHEMA
 90
        4
  1
AcDbDs::IndexedPropertySchema
  2
AcDs:Indexable
280
     1
 91
        0
  0
ACDSSCHEMA
 90
        5
  1
AcDbDs::HandleAttributeSchema
  2
AcDbDs::HandleAttribute
280
     7
 91
        1
284
     1
  0
ACDSRECORD
 90
        0
  2
AcDbDs::ID
280
    10
320
D
  2
Thumbnail_Data
280
    15
 94
     1808
310
89504E470D0A1A0A0000000D494844520000010000000062080300000088E7FDB100000300504C5445212830000000C8C8C80000000000000000000000000000000000000000000000000000330000660000990000CC0000FF0033000033330033660033990033CC0033FF0066000066330066660066990066CC0066FF0099
310
000099330099660099990099CC0099FF00CC0000CC3300CC6600CC9900CCCC00CCFF00FF0000FF3300FF6600FF9900FFCC00FFFF3300003300333300663300993300CC3300FF3333003333333333663333993333CC3333FF3366003366333366663366993366CC3366FF3399003399333399663399993399CC3399FF33CC00
310
33CC3333CC6633CC9933CCCC33CCFF33FF0033FF3333FF6633FF9933FFCC33FFFF6600006600336600666600996600CC6600FF6633006633336633666633996633CC6633FF6666006666336666666666996666CC6666FF6699006699336699666699996699CC6699FF66CC0066CC3366CC6666CC9966CCCC66CCFF66FF0066
310
FF3366FF6666FF9966FFCC66FFFF9900009900339900669900999900CC9900FF9933009933339933669933999933CC9933FF9966009966339966669966999966CC9966FF9999009999339999669999999999CC9999FF99CC0099CC3399CC6699CC9999CCCC99CCFF99FF0099FF3399FF6699FF9999FFCC99FFFFCC0000CC00
310
33CC0066CC0099CC00CCCC00FFCC3300CC3333CC3366CC3399CC33CCCC33FFCC6600CC6633CC6666CC6699CC66CCCC66FFCC9900CC9933CC9966CC9999CC99CCCC99FFCCCC00CCCC33CCCC66CCCC99CCCCCCCCCCFFCCFF00CCFF33CCFF66CCFF99CCFFCCCCFFFFFF0000FF0033FF0066FF0099FF00CCFF00FFFF3300FF3333
310
FF3366FF3399FF33CCFF33FFFF6600FF6633FF6666FF6699FF66CCFF66FFFF9900FF9933FF9966FF9999FF99CCFF99FFFFCC00FFCC33FFCC66FFCC99FFCCCCFFCCFFFFFF00FFFF33FFFF66FFFF99FFFFCCFFFFFF0000000D0D0D1A1A1A2828283535354343435050505D5D5D6B6B6B787878868686939393A1A1A1AEAEAEBB
310
BBBBC9C9C9D6D6D6E4E4E4F1F1F1FFFFFF000000000000000000000000000000000000000000000000000000000000B21171F6000002664944415478DAED9A5172C3200C44751CEE7F009F48BFFAEFD4208241E0A4493B15DA374DD271EC4CB4480BC82102000000000000000000F84770ECE82B1020AC00F98112D87C9467
310
E65712A06400BF70B9B7341F46FC8E2A93D7F448FC0B24CFF1F7333F97ECE66284AC87C4B2888C2477996F795C53F0AC8F4600B65CD2A119E8C0EA4CB716409FF71120697A7F842286630FB82B81FE0DDB059C79803D95D7F1BCC4D70A703DDBFEDFAF00D768D51EF614809F11C0288149D0BC870014488071D49B381EA9CF
310
8D2118F9B28907AC04D0BDC25E02887EDD8F2D038893F812E0F1E50D179C96C0245DCEBD90F8AA015ACD832F0940F376811701DAC3CCAB59801757925F17A4C111A702CCA7418FAD30E631A4A5003C13803D0A503B1DEF0BC03E05606DFDBC5B02FE3AC722F3EDF05C80694324EF86C5A900C31E7FD91192EB54E255807E09
310
7815A03DCCFDB9D30FF1380D6A4F907E2CC0C34B7C0990E4F3B7055C75C4A4F683EF363A4F9C5672C49907D4FC273627B8594FB05B4E7BBE37A8AB20B6EAF7A99BA3EC70057CBB33EA04185A62EBCBF612A0AFF3CD04686B9E872D0D1BFB9DF9495E05A09BBED87194D7BBDF09F855C01CCA95007B7A8031ACE7D371E4F70F
310
6366DCEAA743C9F0B7D40B20939376C058C3A53103C66865170172B01693F76843C20B70469943A521C626F45D0538A2678019E2D504F7669D01141408B0B5EB030000000000D022DF7F22DF4F547B65E7C120E14B895A24EB508992003AD82A00A91051E22FA3AE2A1085CA801C68A903D13488540265F08B133666104700
310
923603820A208300514C501E2E103403CA9247EA6B7D4411000000000000803FE40B6A093EE4C64DE7BD0000000049454E44AE42608243B585A0D62415B7E01563403CF98A3120A97D09BAA4526D2B0048DC23B57F460B00AF75A549287DC14B1640A3BAE47800824EC94CC8CCF709569C2A09412300506BAB282A55CD2600
310
4C9AA500607141C086A52EB1BF55A0734DD42D302DAEFB32E89CDF088F7295BEB433CADE1B8438EF0903C0F73BE75483E0EE9048F6B1B5ADA1DF641C842FE9DDA3F42950BC4214B7CA23A96454011C5DF3D91D6305C0C86B73BEFD355CFE4494207BF594760006AE4C81CD6A8500640591526661EDBAA9360073320188C714
310
57B42700A82EF272CD71D190860160D620142A2185316847620100736E8972E53237463004F6420098EDDFA07B32C3E21D6A1620F15EB03F7AC022003AA5F94DF66DE2BF06A0F78579D32E70310F50186214808360887B2C80BAE682364649A723168BEF2FA9460986083A1D159A21CF11F8874F9A3265CA942953A64C9932
310
65CA942953A6BC417E00A072FED031555A810000000049454E44AE426082
  0
ACDSRECORD
 90
        0
  2
AcDbDs::ID
280
    10
320
12
  2
Thumbnail_Data
280
    15
 94
     1151
310
89504E470D0A1A0A0000000D4948445200000100000000C608030000000A6AAE4900000300504C5445FFFFFF000000C8C8C80000000000000000000000000000000000000000000000000000330000660000990000CC0000FF0033000033330033660033990033CC0033FF0066000066330066660066990066CC0066FF0099
310
000099330099660099990099CC0099FF00CC0000CC3300CC6600CC9900CCCC00CCFF00FF0000FF3300FF6600FF9900FFCC00FFFF3300003300333300663300993300CC3300FF3333003333333333663333993333CC3333FF3366003366333366663366993366CC3366FF3399003399333399663399993399CC3399FF33CC00
310
33CC3333CC6633CC9933CCCC33CCFF33FF0033FF3333FF6633FF9933FFCC33FFFF6600006600336600666600996600CC6600FF6633006633336633666633996633CC6633FF6666006666336666666666996666CC6666FF6699006699336699666699996699CC6699FF66CC0066CC3366CC6666CC9966CCCC66CCFF66FF0066
310
FF3366FF6666FF9966FFCC66FFFF9900009900339900669900999900CC9900FF9933009933339933669933999933CC9933FF9966009966339966669966999966CC9966FF9999009999339999669999999999CC9999FF99CC0099CC3399CC6699CC9999CCCC99CCFF99FF0099FF3399FF6699FF9999FFCC99FFFFCC0000CC00
310
33CC0066CC0099CC00CCCC00FFCC3300CC3333CC3366CC3399CC33CCCC33FFCC6600CC6633CC6666CC6699CC66CCCC66FFCC9900CC9933CC9966CC9999CC99CCCC99FFCCCC00CCCC33CCCC66CCCC99CCCCCCCCCCFFCCFF00CCFF33CCFF66CCFF99CCFFCCCCFFFFFF0000FF0033FF0066FF0099FF00CCFF00FFFF3300FF3333
310
FF3366FF3399FF33CCFF33FFFF6600FF6633FF6666FF6699FF66CCFF66FFFF9900FF9933FF9966FF9999FF99CCFF99FFFFCC00FFCC33FFCC66FFCC99FFCCCCFFCCFFFFFF00FFFF33FFFF66FFFF99FFFFCCFFFFFF0000000D0D0D1A1A1A2828283535354343435050505D5D5D6B6B6B787878868686939393A1A1A1AEAEAEBB
310
BBBBC9C9C9D6D6D6E4E4E4F1F1F1FFFFFF000000000000000000000000000000000000000000000000000000000000B0E2D2350000013A4944415478DAEDD7310AC420144551F7BF4B5D49063245AC2C92EE9ED7047E40E1D8BC3F563B73B403200FB00000B8BF771E3FF69CE6E3E5FCFB838E17EC00C1B707000000000000
310
006882000000000000008038802A0C00000000000000000000000000000000C801640300000000000000009007B00B000000000000000000000000000000003D806C000000000000000000F200760100000000000000000000000000000000400E201B00000000000000000055180000000000000000000000000000000090
310
03C8060000000000000000200F6017000000000000000000000000000000007A00D9000000000000000000E401EC0200000000000000000000000000000000801C4036000000000000000000AA300000000000001006F8E75110F69CE6E3E5FCFB838E17688200000000F00358F18C39DB0017BA32DED3345DA0C600000000
310
49454E44AE426082
  0
ENDSEC
  0
EOF
